Country,Government: Country name - conventional long form,Government: Capital - name,Geography: Climate,Geography: Terrain,Geography: Coastline,Environment: Environment - current issues,Environment: Environment - international agreements - party to,Geography: Location,Geography: Map references,Geography: Area - comparative,Government: Government type,Government: Independence,Government: International organization participation,Military and Security: Military expenditures,People and Society: Ethnic groups,People and Society: Languages,People and Society: Religions,People and Society: Infant mortality rate - total,People and Society: Life expectancy at birth - total population,People and Society: Population growth rate,People and Society: Population distribution,People and Society: Literacy - male,People and Society: Literacy - female,People and Society: Median age - total,People and Society: Net migration rate,Transnational Issues: Refugees and internally displaced persons - refugees (country of origin),Economy: GDP (official exchange rate),Economy: Real GDP per capita,Geography: Natural resources,Geography: Amount arable land,Economy: Exports - commodities,Economy: Exports - partners,Economy: Imports - commodities,Economy: Imports - partners
Afghanistan,Islamic Republic of Afghanistan (prior to 15 August 2021); current country name disputed,Kabul,arid to semiarid; cold winters and hot summers,mostly rugged mountains; plains in north and southwest,0 km (landlocked),limited natural freshwater resources; inadequate supplies of potable water; soil degradation; overgrazing; deforestation (much of the remaining forests are being cut down for fuel and building materials); desertification; air and water pollution in overcrowded urban areas,"Biodiversity, Climate Change, Climate Change-Kyoto Protocol, Climate Change-Paris Agreement, Comprehensive Nuclear Test Ban, Desertification, Endangered Species, Environmental Modification, Hazardous Wastes, Marine Dumping-London Convention, Nuclear Test Ban, Ozone Layer Protection","Southern Asia, north and west of Pakistan, east of Iran",Asia,almost six times the size of Virginia; slightly smaller than Texas,theocratic; the United States does not recognize the Taliban Government,19 August 1919 (from UK control over Afghan foreign affairs),"Afghanistan is a member of the following organizations but Taliban representatives do not participate: ADB, CICA, CP, ECO, EITI (candidate country), FAO, G-77, IAEA, IBRD, ICAO, ICC (NGOs), ICCt, ICRM, IDA, IDB, IFAD, IFC, IFRCS, ILO, IMF, Interpol, IOC, IOM, IPU, ISO (correspondent), ITSO, ITU, ITUC (NGOs), MIGA, NAM, OIC, OPCW, OSCE (partner), SAARC, SACEP, SCO (dialogue member), UN, UNAMA, UNCTAD, UNESCO, UNHCR, UNIDO, UNWTO, UPU, WCO, WFTU (NGOs), WHO, WIPO, WMO, WTO",3.3% of GDP (2019)3.2% of GDP (2018)3.3% of GDP (2017)3.1% of GDP (2016)2.9% of GDP (2015),"current, reliable statistical data on ethnicity in Afghanistan are not available; Afghanistan's 2004 Constitution cited Pashtun, Tajik, Hazara, Uzbek, Turkman, Baluch, Pashaie, Nuristani, Aymaq, Arab, Qirghiz, Qizilbash, Gujur, and Brahwui ethnicities; Afghanistan has dozens of other small ethnic groups","Afghan Persian or Dari (official, lingua franca) 77%, Pashto (official) 48%, Uzbeki 11%, English 6%, Turkmani 3%, Urdu 3%, Pashaie 1%, Nuristani 1%, Arabic 1%, Balochi 1%, other <1% (2020 est.)","Muslim 99.7% (Sunni 84.7 - 89.7%, Shia 10 - 15%), other <0.3% (2009 est.)","101.3 deaths/1,000 live births (2024 est.)",54.4 years (2024 est.),2.22% (2024 est.),"populations tend to cluster in the foothills and periphery of the rugged Hindu Kush range; smaller groups are found in many of the country's interior valleys; in general, the east is more densely settled, while the south is sparsely populated",52.10%,22.6% (2021),20 years (2024 est.),"-0.1 migrant(s)/1,000 population (2024 est.)","59,486 (Pakistan) (mid-year 2022)",$17.233 billion (2023 est.)note: data in current dollars at official exchange rate,"$2,000 (2023 est.)$2,000 (2022 est.)$2,100 (2021 est.)note: data in 2021 dollars","natural gas, petroleum, coal, copper, chromite, talc, barites, sulfur, lead, zinc, iron ore, salt, precious and semiprecious stones, arable land",11.80%,"coal, grapes, tropical fruits, gum resins, other nuts (2023)note: top five export commodities based on value in dollars","Pakistan 42%, India 40%, China 4%, UAE 2%, Turkey 2% (2023)note: top five export partners based on percentage share of exports","wheat flours, tobacco, palm oil, broadcasting equipment, synthetic fabric (2023)note: top five import commodities based on value in dollars","UAE 28%, Pakistan 15%, China 15%, Uzbekistan 12%, Kazakhstan 9% (2023)note: top five import partners based on percentage share of imports"
Albania,Republic of Albania,Tirana,"mild temperate; cool, cloudy, wet winters; hot, clear, dry summers; interior is cooler and wetter",mostly mountains and hills; small plains along coast,362 km,deforestation; soil erosion; water pollution from industrial and domestic effluents; air pollution from industrial and power plants; loss of biodiversity due to lack of resources for sound environmental management,"Air Pollution, Air Pollution-Nitrogen Oxides, Air Pollution-Sulphur 85, Biodiversity, Climate Change, Climate Change-Kyoto Protocol, Climate Change-Paris Agreement, Comprehensive Nuclear Test Ban, Desertification, Endangered Species, Hazardous Wastes, Law of the Sea, Ozone Layer Protection, Ship Pollution, Tropical Timber 2006, Wetlands","Southeastern Europe, bordering the Adriatic Sea and Ionian Sea, between Greece to the south and Montenegro and Kosovo to the north",Europe,slightly smaller than Maryland,parliamentary republic,28 November 1912 (from the Ottoman Empire),"BSEC, CD, CE, CEI, EAPC, EBRD, EITI (compliant country), FAO, IAEA, IBRD, ICAO, ICC (national committees), ICCt, ICRM, IDA, IDB, IFAD, IFC, IFRCS, ILO, IMF, IMO, Interpol, IOC, IOM, IPU, ISO (correspondent), ITU, ITUC (NGOs), MIGA, NATO, OAS (observer), OIC, OIF, OPCW, OSCE, PCA, SELEC, UN, UNCTAD, UNESCO, UNHRC, UNIDO, UNOOSA, UNWTO, UPU, WCO, WFTU (NGOs), WHO, WIPO, WMO, WTO",2% of GDP (2024 est.)1.7% of GDP (2023)1.2% of GDP (2022)1.2% of GDP (2021)1.3% of GDP (2020),"Albanian 82.6%, Greek 0.9%, other 1% (including Vlach, Romani, Macedonian, Montenegrin, and Egyptian), unspecified 15.5% (2011 est.)","Albanian 98.8% (official - derived from Tosk dialect), Greek 0.5%, other 0.6% (including Macedonian, Romani, Vlach, Turkish, Italian, and Serbo-Croatian), unspecified 0.1% (2011 est.)","Muslim 56.7%, Roman Catholic 10%, Orthodox 6.8%, atheist 2.5%, Bektashi (a Sufi order) 2.1%, other 5.7%, unspecified 16.2% (2011 est.)","10.3 deaths/1,000 live births (2024 est.)",79.9 years (2024 est.),0.16% (2024 est.),"a fairly even distribution, with somewhat higher concentrations of people in the western and central parts of the country",98.70%,98.2% (2021),36.3 years (2024 est.),"-3.2 migrant(s)/1,000 population (2024 est.)","47,247 (Ukraine) (as of 30 January 2024)",$23.547 billion (2023 est.)note: data in current dollars at official exchange rate,"$18,200 (2023 est.)$17,400 (2022 est.)$16,400 (2021 est.)note: data in 2021 dollars","petroleum, natural gas, coal, bauxite, chromite, copper, iron ore, nickel, salt, timber, hydropower, arable land",22.30%,"garments, footwear, electricity, crude petroleum, iron alloys (2023)note: top five export commodities based on value in dollars","Italy 41%, Greece 10%, Germany 5%, Spain 5%, Serbia 4% (2023)note: top five export partners based on percentage share of exports","cars, refined petroleum, garments, packaged medicine, iron bars (2023)note: top five import commodities based on value in dollars","Italy 22%, China 11%, Turkey 9%, Germany 7%, Greece 6% (2023)note: top five import partners based on percentage share of imports"
Algeria,People's Democratic Republic of Algeria,Algiers,"arid to semiarid; mild, wet winters with hot, dry summers along coast; drier with cold winters and hot summers on high plateau; sirocco is a hot, dust/sand-laden wind especially common in summer","mostly high plateau and desert; Atlas Mountains in the far north and Hoggar Mountains in the south; narrow, discontinuous coastal plain",998 km,"air pollution in major cities; soil erosion from overgrazing and other poor farming practices; desertification; dumping of raw sewage, petroleum refining wastes, and other industrial effluents is leading to the pollution of rivers and coastal waters; Mediterranean Sea, in particular, becoming polluted from oil wastes, soil erosion, and fertilizer runoff; inadequate supplies of potable water","Biodiversity, Climate Change, Climate Change-Kyoto Protocol, Climate Change-Paris Agreement, Comprehensive Nuclear Test Ban, Desertification, Endangered Species, Environmental Modification, Hazardous Wastes, Law of the Sea, Ozone Layer Protection, Ship Pollution, Wetlands","Northern Africa, bordering the Mediterranean Sea, between Morocco and Tunisia",Africa,slightly less than 3.5 times the size of Texas,presidential republic,5 July 1962 (from France),"ABEDA, AfDB, AFESD, AMF, AMU, AU, BIS, CAEU, CD, FAO, G-15, G-24, G-77, IAEA, IBRD, ICAO, ICC (national committees), ICRM, IDA, IDB, IFAD, IFC, IFRCS, IHO, ILO, IMF, IMO, IMSO, Interpol, IOC, IOM, IPU, ISO, ITSO, ITU, ITUC (NGOs), LAS, MIGA, MONUSCO, NAM, OAPEC, OAS (observer), OIC, OPCW, OPEC, OSCE (partner), UN, UNCTAD, UNESCO, UNHCR, UNIDO, UNITAR, UNWTO, UPU, WCO, WHO, WIPO, WMO, WTO (observer)",9% of GDP (2023 est.)4.8% of GDP (2022 est.)5.6% of GDP (2021 est.)6.7% of GDP (2020 est.)6% of GDP (2019 est.),"Arab-Amazigh 99%, European less than 1%","Arabic (official), French (lingua franca), Tamazight (official) (dialects include Kabyle (Taqbaylit), Shawiya (Tacawit), Mzab, Tuareg (Tamahaq))","Muslim (official; predominantly Sunni) 99%, other (includes Christian, Jewish, Ahmadi Muslim, Shia Muslim, Ibadi Muslim) <1% (2012 est.)","18.7 deaths/1,000 live births (2024 est.)",77.9 years (2024 est.),1.54% (2024 est.),the vast majority of the populace is found in the extreme northern part of the country along the Mediterranean Coast as shown in this population distribution map,87.40%,75.3% (2018),29.1 years (2024 est.),"-0.5 migrant(s)/1,000 population (2024 est.)","more than 100,000 (Sahrawi, mostly living in Algerian-sponsored camps in the southwestern Algerian town of Tindouf); 7,345 (Syria) (mid-year 2022)",$247.626 billion (2023 est.)note: data in current dollars at official exchange rate,"$15,200 (2023 est.)$14,800 (2022 est.)$14,500 (2021 est.)note: data in 2021 dollars","petroleum, natural gas, iron ore, phosphates, uranium, lead, zinc",3.20%,"natural gas, crude petroleum, refined petroleum, fertilizers, iron bars (2023)note: top five export commodities based on value in dollars","Italy 29%, France 14%, Spain 13%, USA 6%, Netherlands 4% (2023)note: top five export partners based on percentage share of exports","wheat, plastics, cars, milk, corn (2023)note: top five import commodities based on value in dollars","China 24%, France 12%, Italy 8%, Turkey 7%, Brazil 6% (2023)note: top five import partners based on percentage share of imports"
Andorra,Principality of Andorra,Andorra la Vella,"temperate; snowy, cold winters and warm, dry summers",rugged mountains dissected by narrow valleys,0 km (landlocked),deforestation; overgrazing of mountain meadows contributes to soil erosion; air pollution; wastewater treatment and solid waste disposal,"Biodiversity, Climate Change, Climate Change-Paris Agreement, Comprehensive Nuclear Test Ban, Desertification, Hazardous Wastes, Ozone Layer Protection, Wetlands","Southwestern Europe, Pyrenees mountains, on the border between France and Spain",Europe,"2.5 times the size of Washington, DC","parliamentary democracy (since March 1993) that retains its chiefs of state in the form of a co-principality; the two princes are the President of France and Bishop of Seu d'Urgell, Spain",1278 (formed under the joint sovereignty of the French Count of Foix and the Spanish Bishop of Urgell),"CE, FAO, ICAO, ICC (NGOs), ICCt, ICRM, IFRCS, Interpol, IOC, IPU, ITU, OIF, OPCW, OSCE, UN, UNCTAD, UNESCO, Union Latina, UNWTO, WCO, WHO, WIPO, WTO (observer)",,"Spanish 34.3%, Andorran 32.1%, Portuguese 10%, French 5.6%, other 18% (2024 est.)","Catalan (official) 44.1%, Castilian 40.3%, Portuguese 13.5%, French 10%, English 3%, other 6.8% (2022 est.)","Christian (predominantly Roman Catholic) 89.5, other 8.8%, unaffiliated 1.7% (2020 est.)","3.3 deaths/1,000 live births (2024 est.)",83.8 years (2024 est.),-0.12% (2024 est.),population is unevenly distributed and is concentrated in the seven urbanized valleys that make up the country's parishes (political administrative divisions),100%,100% (2016),48.8 years (2024 est.),"0 migrant(s)/1,000 population (2024 est.)",,$3.785 billion (2023 est.)note: data in current dollars at official exchange rate,"$64,600 (2023 est.)$63,900 (2022 est.)$59,300 (2021 est.)note: data in 2021 dollars","hydropower, mineral water, timber, iron ore, lead",1.70%,"paintings, integrated circuits, cars, orthopedic appliances, garments (2023)note: top five export commodities based on value in dollars","Spain 39%, USA 21%, France 11%, UK 5%, UAE 3% (2023)note: top five export partners based on percentage share of exports","cars, refined petroleum, garments, perfumes, electricity (2023)note: top five import commodities based on value in dollars","Spain 65%, France 11%, Germany 4%, China 3%, Italy 3% (2023)note: top five import partners based on percentage share of imports"
Angola,Republic of Angola,Luanda,"semiarid in south and along coast to Luanda; north has cool, dry season (May to October) and hot, rainy season (November to April)",narrow coastal plain rises abruptly to vast interior plateau,"1,600 km","overuse of pastures and subsequent soil erosion attributable to population pressures; desertification; deforestation of tropical rain forest, in response to both international demand for tropical timber and to domestic use as fuel, resulting in loss of biodiversity; soil erosion contributing to water pollution and siltation of rivers and dams; inadequate supplies of potable water","Biodiversity, Climate Change, Climate Change-Kyoto Protocol, Climate Change-Paris Agreement, Comprehensive Nuclear Test Ban, Desertification, Endangered Species, Hazardous Wastes, Law of the Sea, Marine Dumping-London Protocol, Ozone Layer Protection, Ship Pollution","Southern Africa, bordering the South Atlantic Ocean, between Namibia and Democratic Republic of the Congo",Africa,about eight times the size of Georgia; slightly less than twice the size of Texas,presidential republic,11 November 1975 (from Portugal),"ACP, AfDB, AU, CEMAC, CPLP, FAO, G-77, IAEA, IBRD, ICAO, ICRM, IDA, IFAD, IFC, IFRCS, ILO, IMF, IMO, Interpol, IOC, IOM, IPU, ISO (correspondent), ITSO, ITU, ITUC (NGOs), MIGA, NAM, OAS (observer), SADC, UN, UNCTAD, UNESCO, UNHCR, UNIDO, UNMISS, Union Latina, UNOOSA, UNWTO, UPU, WCO, WFTU (NGOs), WHO, WIPO, WMO, WTO",1.3% of GDP (2023 est.)1.3% of GDP (2022 est.)1.4% of GDP (2021 est.)1.7% of GDP (2020 est.)1.8% of GDP (2019 est.),"Ovimbundu 37%, Kimbundu 25%, Bakongo 13%, Mestico (mixed European and native African) 2%, European 1%, other 22%","Portuguese 71.2% (official), Umbundu 23%, Kikongo 8.2%, Kimbundu 7.8%, Chokwe 6.5%, Nhaneca 3.4%, Nganguela 3.1%, Fiote 2.4%, Kwanhama 2.3%, Muhumbi 2.1%, Luvale 1%, other 3.6%  (2014 est.)","Roman Catholic 41.1%, Protestant 38.1%, other 8.6%, none 12.3% (2014 est.)","55.6 deaths/1,000 live births (2024 est.)",62.9 years (2024 est.),3.33% (2024 est.),"most people live in the western half of the country; urban areas account for the highest concentrations of people, particularly the capital of Luanda as shown in this population distribution map",82.60%,62.4% (2015),16.3 years (2024 est.),"-0.2 migrant(s)/1,000 population (2024 est.)","9,272 (Guinea), 6,357 (Cote d'Ivoire), 5,725 (Mauritania) (2023); 22,841 (Democratic Republic of the Congo) (refugees and asylum seekers) (2024)",$84.825 billion (2023 est.)note: data in current dollars at official exchange rate,"$7,200 (2023 est.)$7,400 (2022 est.)$7,400 (2021 est.)note: data in 2021 dollars","petroleum, diamonds, iron ore, phosphates, copper, feldspar, gold, bauxite, uranium",3.90%,"crude petroleum, diamonds, natural gas, ships, refined petroleum (2023)note: top five export commodities based on value in dollars","China 40%, India 9%, UAE 6%, Spain 6%, Netherlands 5% (2023)note: top five export partners based on percentage share of exports","refined petroleum, wheat, ships, cars, trucks (2023)note: top five import commodities based on value in dollars","China 19%, Portugal 10%, UAE 7%, India 6%, USA 5% (2023)note: top five import partners based on percentage share of imports"
Antigua and Barbuda,none,Saint John's,tropical maritime; little seasonal temperature variation,"mostly low-lying limestone and coral islands, with some higher volcanic areas",153 km,"water management - a major concern because of limited natural freshwater resources - is further hampered by the clearing of trees to increase crop production, causing rainfall to run off quickly","Biodiversity, Climate Change, Climate Change-Kyoto Protocol, Climate Change-Paris Agreement, Comprehensive Nuclear Test Ban, Desertification, Endangered Species, Environmental Modification, Hazardous Wastes, Law of the Sea, Marine Dumping-London Convention, Marine Dumping-London Protocol, Nuclear Test Ban, Ozone Layer Protection, Ship Pollution, Wetlands, Whaling","Caribbean, islands between the Caribbean Sea and the North Atlantic Ocean, east-southeast of Puerto Rico",Central America and the Caribbean,"2.5 times the size of Washington, DC",parliamentary democracy under a constitutional monarchy; a Commonwealth realm,1 November 1981 (from the UK),"ACP, ACS, AOSIS, C, Caricom, CDB, CELAC, FAO, G-77, IBRD, ICAO, ICC (NGOs), ICCt, ICRM, IDA, IFAD, IFC, IFRCS, ILO, IMF, IMO, IMSO, Interpol, IOC, IOM, ISO (subscriber), ITU, ITUC (NGOs), MIGA, NAM (observer), OAS, OECS, OPANAL, OPCW, Petrocaribe, UN, UNCTAD, UNESCO, UPU, WFTU (NGOs), WHO, WIPO, WMO, WTO",,"African descent 87.3%, mixed 4.7%, Hispanic 2.7%, White 1.6%, other 2.7%, unspecified 0.9% (2011 est.)","English (official), Antiguan Creole (an English-based creole)","Protestant 68.3% (Anglican 17.6%, Seventh Day Adventist 12.4%, Pentecostal 12.2%, Moravian 8.3%, Methodist 5.6%, Wesleyan Holiness 4.5%, Church of God 4.1%, Baptist 3.6%), Roman Catholic 8.2%, other 12.2%, unspecified 5.5%, none 5.9% (2011 est.)","13.6 deaths/1,000 live births (2024 est.)",78.3 years (2024 est.),1.11% (2024 est.),the island of Antigua is home to approximately 97% of the population; nearly the entire population of Barbuda lives in Codrington,98.40%,99.4% (2015),33.9 years (2024 est.),"2 migrant(s)/1,000 population (2024 est.)",,$2.033 billion (2023 est.)note: data in current dollars at official exchange rate,"$29,000 (2023 est.)$28,000 (2022 est.)$25,700 (2021 est.)note: data in 2021 dollars",NEGL; pleasant climate fosters tourism,9%,"refined petroleum, ships, soybean meal, shellfish, paintings (2023)note: top five export commodities based on value in dollars","Suriname 29%, Poland 21%, USA 8%, Dominican Republic 7%, Australia 5% (2023)note: top five export partners based on percentage share of exports","ships, refined petroleum, cars, plastic products, furniture (2023)note: top five import commodities based on value in dollars","USA 43%, Poland 6%, China 5%, UK 4%, Germany 4% (2023)note: top five import partners based on percentage share of imports"
Argentina,Argentine Republic,Buenos Aires,mostly temperate; arid in southeast; subantarctic in southwest,"rich plains of the Pampas in northern half, flat to rolling plateau of Patagonia in south, rugged Andes along western border","4,989 km","environmental problems (urban and rural) typical of an industrializing economy such as deforestation, soil degradation (erosion, salinization), desertification, air pollution, and water pollution","Antarctic-Environmental Protection, Antarctic-Marine Living Resources, Antarctic Seals, Antarctic Treaty, Biodiversity, Climate Change, Climate Change-Kyoto Protocol, Climate Change-Paris Agreement, Comprehensive Nuclear Test Ban, Desertification, Endangered Species, Environmental Modification, Hazardous Wastes, Law of the Sea, Marine Dumping-London Convention, Nuclear Test Ban, Ozone Layer Protection, Ship Pollution, Wetlands, Whaling","Southern South America, bordering the South Atlantic Ocean, between Chile and Uruguay",South America,slightly less than three-tenths the size of the US,presidential republic,9 July 1816 (from Spain),"AfDB (nonregional member), Australia Group, BCIE, BIS, CAN (associate), CD, CABEI, CELAC, FAO, FATF, G-15, G-20, G-24, G-77, IADB, IAEA, IBRD, ICAO, ICC (national committees), ICCt, ICRM, IDA, IFAD, IFC, IFRCS, IHO, ILO, IMF, IMO, IMSO, Interpol, IOC, IOM, IPU, ISO, ITSO, ITU, ITUC (NGOs), LAES, LAIA, Mercosur, MIGA, MINURSO, MINUSTAH, NAM (observer), NSG, OAS, OPANAL, OPCW, Paris Club (associate), PCA, PROSUR, SICA (observer), UN, UNASUR, UNCTAD, UNDOF, UNESCO, UNFICYP, UNHCR, UNHRC, UNIDO, Union Latina (observer), UNOOSA, UNTSO, UNWTO, UPU, Wassenaar Arrangement, WCO, WFTU (NGOs), WHO, WIPO, WMO, WTO, ZC",0.8% of GDP (2024 est.)0.5% of GDP (2023 est.)0.6% of GDP (2022 est.)0.8% of GDP (2021 est.)0.8% of GDP (2020 est.),"European (mostly Spanish and Italian descent) and Mestizo (mixed European and Indigenous ancestry) 97.2%, Indigenous 2.4%, African descent 0.4% (2010 est.)","Spanish (official), Italian, English, German, French, indigenous (Quechua, Guarani, Mapudungun)","Roman Catholic 62.9%, Evangelical 15.3% (Pentecostal 13%, other Evangelical 2.3%), Jehovah's Witness and Church of Jesus Christ 1.4%, other 1.2% (includes Muslim, Jewish), none 18.9% (includes agnostic and atheist), unspecified 0.3% (2019 est.)","9 deaths/1,000 live births (2024 est.)",78.8 years (2024 est.),0.79% (2024 est.),one-third of the population lives in Buenos Aires; pockets of agglomeration occur throughout the northern and central parts of the country; Patagonia to the south remains sparsely populated,98.90%,99.1% (2018),33.3 years (2024 est.),"-0.1 migrant(s)/1,000 population (2024 est.)","217,742 (Venezuela) (economic and political crisis; includes Venezuelans who have claimed asylum, are recognized as refugees, or have received alternative legal stay) (2023)",$646.075 billion (2023 est.)note: data in current dollars at official exchange rate,"$27,100 (2023 est.)$27,600 (2022 est.)$26,300 (2021 est.)note: data in 2021 dollars","fertile plains of the pampas, lead, zinc, tin, copper, iron ore, manganese, petroleum, uranium, arable land",13.90%,"soybean meal, corn, trucks, soybean oil, crude petroleum (2023)note: top five export commodities based on value in dollars","Brazil 18%, USA 9%, Chile 8%, China 8%, India 4% (2023)note: top five export partners based on percentage share of exports","soybeans, vehicle parts/accessories, refined petroleum, natural gas, cars (2023)note: top five import commodities based on value in dollars","Brazil 23%, China 20%, USA 12%, Paraguay 5%, Germany 4% (2023)note: top five import partners based on percentage share of imports"
Armenia,Republic of Armenia,Yerevan,"highland continental, hot summers, cold winters",Armenian Highland with mountains; little forest land; fast flowing rivers; good soil in Aras River valley,0 km (landlocked),"soil pollution from toxic chemicals such as DDT; deforestation; pollution of Hrazdan and Aras Rivers; the draining of Sevana Lich (Lake Sevan), a result of its use as a source for hydropower, threatens drinking water supplies; restart of Metsamor nuclear power plant in spite of its location in a seismically active zone","Air Pollution, Biodiversity, Climate Change, Climate Change-Kyoto Protocol, Climate Change-Paris Agreement, Comprehensive Nuclear Test Ban, Desertification, Endangered Species, Environmental Modification, Hazardous Wastes, Law of the Sea, Nuclear Test Ban, Ozone Layer Protection, Wetlands","Southwestern Asia, between Turkey (to the west) and Azerbaijan; note - Armenia views itself as part of Europe; geopolitically, it can be classified as falling within Europe, the Middle East, or both",Asia,slightly smaller than Maryland,parliamentary democracy; note - constitutional changes adopted in December 2015 transformed the government to a parliamentary system,"21 September 1991 (from the Soviet Union); notable earlier dates: 321 B.C. (Kingdom of Armenia established under the Orontid Dynasty), A.D. 884 (Armenian Kingdom reestablished under the Bagratid Dynasty); 1198 (Cilician Kingdom established); 28 May 1918 (Democratic Republic of Armenia declared)","ADB, BSEC, CD, CE, CIS, CSTO, EAEC (observer), EAEU, EAPC, EBRD, FAO, GCTU, IAEA, IBRD, ICAO, ICC, ICRM, IDA, IFAD, IFC, IFRCS, ILO, IMF, Interpol, IOC, IOM, IPU, ISO, ITSO, ITU, MIGA, NAM (observer), OAS (observer), OIF, OPCW, OSCE, PFP, UN, UNCTAD, UNESCO, UNIDO, UNIFIL, UNOOSA, UNWTO, UPU, WCO, WFTU (NGOs), WHO, WIPO, WMO, WTO",5.3% of GDP (2024 est.)5.6% of GDP (2023 est.)4.3% of GDP (2022 est.)4.4% of GDP (2021 est.)5% of GDP (2020 est.),"Armenian 98.1%, Yezidi 1.1%, other 0.8% (2022 est.)","Armenian (official) 97.9%, Kurmanji (spoken by Yezidi minority) 1%, other 1.1%; note - Russian is widely spoken (2011 est.)","Armenian Apostolic Christian 95.2%, other Christian 1.6%, other 0.9%, none 0.6%, unspecified 1.7% (2022 est.)","11.6 deaths/1,000 live births (2024 est.)",76.7 years (2024 est.),-0.42% (2024 est.),"most of the population is located in the northern half of the country; the capital of Yerevan is home to more than five times as many people as Gyumri, the second largest city in the country",99.80%,99.7% (2020),38.9 years (2024 est.),"-5.2 migrant(s)/1,000 population (2024 est.)","27,929 (Azerbaijan) (mid-year 2022)",$24.086 billion (2023 est.)note: data in current dollars at official exchange rate,"$19,200 (2023 est.)$17,900 (2022 est.)$15,900 (2021 est.)note: data in 2021 dollars","small deposits of gold, copper, molybdenum, zinc, bauxite",15.80%,"gold, diamonds, copper ore, broadcasting equipment, jewelry (2023)note: top five export commodities based on value in dollars","Russia 37%, UAE 25%, Hong Kong 7%, China 5%, Georgia 4% (2023)note: top five export partners based on percentage share of exports","cars, gold, diamonds, broadcasting equipment, natural gas (2023)note: top five import commodities based on value in dollars","Russia 29%, China 12%, Vietnam 6%, Georgia 5%, Iran 4% (2023)note: top five import partners based on percentage share of imports"
Australia,Commonwealth of Australia,Canberra,generally arid to semiarid; temperate in south and east; tropical in north,mostly low plateau with deserts; fertile plain in southeast,"25,760 km","soil erosion from overgrazing, deforestation, industrial development, urbanization, and poor farming practices; limited natural freshwater resources; soil salinity rising due to the use of poor quality water; drought, desertification; clearing for agricultural purposes threatens the natural habitat of many unique animal and plant species; disruption of the fragile ecosystem has resulted in significant floral extinctions; the Great Barrier Reef off the northeast coast, the largest coral reef in the world, is threatened by increased shipping and its popularity as a tourist site; overfishing, pollution, and invasive species are also problems","Antarctic-Environmental Protection, Antarctic-Marine Living Resources, Antarctic Seals, Antarctic Treaty, Biodiversity, Climate Change, Climate Change-Kyoto Protocol, Climate Change-Paris Agreement, Comprehensive Nuclear Test Ban, Desertification, Endangered Species, Environmental Modification, Hazardous Wastes, Law of the Sea, Marine Dumping-London Convention, Marine Dumping-London Protocol, Marine Life Conservation, Nuclear Test Ban, Ozone Layer Protection, Ship Pollution, Tropical Timber 2006, Wetlands, Whaling","Oceania, continent between the Indian Ocean and the South Pacific Ocean",Oceania,slightly smaller than the US contiguous 48 states,federal parliamentary democracy under a constitutional monarchy; a Commonwealth realm,1 January 1901 (from the federation of UK colonies),"ADB, ANZUS, APEC, ARF, ASEAN (dialogue partner), Australia Group, BIS, C, CD, CP, EAS, EBRD, EITI (implementing country), FAO, FATF, G-20, IAEA, IBRD, ICAO, ICC (national committees), ICCt, ICRM, IDA, IEA, IFC, IFRCS, IHO, ILO, IMF, IMO, IMSO, Interpol, IOC, IOM, IPU, ISO, ITSO, ITU, ITUC (NGOs), MIGA, NEA, NSG, OECD, OPCW, OSCE (partner), Pacific Alliance (observer), Paris Club, PCA, PIF, SAARC (observer), Quad, SICA (observer), Sparteca, SPC, UN, UNCTAD, UNESCO, UNHCR, UNMISS, UNMIT, UNRWA, UNTSO, UNWTO, UPU, Wassenaar Arrangement, WCO, WFTU (NGOs), WHO, WIPO, WMO, WTO, ZC",2% of GDP (2023 est.)2% of GDP (2022)2% of GDP (2021)2% of GDP (2020)2% of GDP (2019),"English 33%, Australian 29.9%, Irish 9.5%, Scottish 8.6%, Chinese 5.5%, Italian 4.4%, German 4%, Indian 3.1%, Australian Aboriginal 2.9%, Greek 1.7%, unspecified 4.7% (2021 est.)","English 72%, Mandarin 2.7%, Arabic 1.4%, Vietnamese 1.3%, Cantonese 1.2%, other 15.7%, unspecified 5.7% (2021 est.)","Roman Catholic 20%, Protestant 18.1% (Anglican 9.8%, Uniting Church 2.6%, Presbyterian and Reformed 1.6%, Baptist 1.4%, Pentecostal 1%, other Protestant 1.7%), other Christian 3.5%, Muslim 3.2%, Hindu 2.7%, Buddhist 2.4%, Orthodox 2.3% (Eastern Orthodox 2.1%, Oriental Orthodox 0.2%), other 2.1%, none 38.4%, unspecified 7.3% (2021 est.)","2.9 deaths/1,000 live births (2024 est.)",83.5 years (2024 est.),1.13% (2024 est.),"population is primarily located on the periphery, with the highest concentration of people residing in the east and southeast; a secondary population center is located in and around Perth in the west; of the States and Territories, New South Wales has, by far, the largest population; the interior, or ""outback"", has a very sparse population",,,38.1 years (2024 est.),"5.9 migrant(s)/1,000 population (2024 est.)","12,180 (Iran), 8,741 (Afghanistan), 5,042 (Pakistan) (mid-year 2022)",$1.728 trillion (2023 est.)note: data in current dollars at official exchange rate,"$59,600 (2023 est.)$59,000 (2022 est.)$57,300 (2021 est.)note: data in 2021 dollars","alumina, coal, iron ore, copper, lithium, tin, gold, silver, uranium, nickel, tungsten, rare earth elements, mineral sands, lead, zinc, diamonds, opals, natural gas, petroleum",4.03%,"iron ore, coal, natural gas, gold, minerals (2023)note: top five export commodities based on value in dollars","China 37%, Japan 16%, S. Korea 6%, India 5%, Taiwan 5% (2023)note: top five export partners based on percentage share of exports","refined petroleum, cars, trucks, broadcasting equipment, garments (2023)note: top five import commodities based on value in dollars","China 26%, USA 11%, S. Korea 6%, Japan 6%, Thailand 5% (2023)note: top five import partners based on percentage share of imports"
Austria,Republic of Austria,Vienna,"temperate; continental, cloudy; cold winters with frequent rain and some snow in lowlands and snow in mountains; moderate summers with occasional showers",mostly mountains (Alps) in the west and south; mostly flat or gently sloping along the eastern and northern margins,0 km (landlocked),"some forest degradation caused by air and soil pollution; soil pollution results from the use of agricultural chemicals; air pollution results from emissions by coal- and oil-fired power stations and industrial plants and from trucks transiting Austria between northern and southern Europe; water pollution; the Danube, as well as some of Austria’s other rivers and lakes, are threatened by pollution","Air Pollution, Air Pollution-Heavy Metals, Air Pollution-Nitrogen Oxides, Air Pollution-Persistent Organic Pollutants, Air Pollution-Sulphur 85, Air Pollution-Sulphur 94, Air Pollution-Volatile Organic Compounds, Antarctic Treaty, Biodiversity, Climate Change, Climate Change-Kyoto Protocol, Climate Change-Paris Agreement, Comprehensive Nuclear Test Ban, Desertification, Endangered Species, Environmental Modification, Hazardous Wastes, Law of the Sea, Nuclear Test Ban, Ozone Layer Protection, Ship Pollution, Tropical Timber 2006, Wetlands, Whaling","Central Europe, north of Italy and Slovenia",Europe,about the size of South Carolina; slightly more than two-thirds the size of Pennsylvania,federal parliamentary republic,no official date of independence: 976 (Margravate of Austria established); 17 September 1156 (Duchy of Austria founded); 6 January 1453 (Archduchy of Austria acknowledged); 11 August 1804 (Austrian Empire proclaimed); 30 March 1867 (Austro-Hungarian dual monarchy established); 12 November 1918 (First Republic proclaimed); 27 April 1945 (Second Republic proclaimed),"ADB (nonregional member), AfDB (nonregional member), Australia Group, BIS, BSEC (observer), CD, CE, CEI, CERN, EAPC, EBRD, ECB, EIB, EMU, ESA, EU, FAO, FATF, G-9, IADB, IAEA, IBRD, ICAO, ICC (national committees), ICCt, ICRM, IDA, IEA, IFAD, IFC, IFRCS, IGAD (partners), ILO, IMF, IMO, Interpol, IOC, IOM, IPU, ISO, ITSO, ITU, ITUC (NGOs), MIGA, MINURSO, NEA, NSG, OAS (observer), OECD, OIF (observer), OPCW, OSCE, Paris Club, PCA, PFP, Schengen Convention, SELEC (observer), UN, UNCTAD, UNESCO, UNFICYP, UNHCR, UNIDO, UNIFIL, UNTSO, UNWTO, UPU, Wassenaar Arrangement, WCO, WFTU (NGOs), WHO, WIPO, WMO, WTO, ZC",1% of GDP (2024 est.)0.9% of GDP (2023 est.)0.7% of GDP (2022)0.8% of GDP (2021)0.7% of GDP (2020),"Austrian 80.8%, German 2.6%, Bosnian and Herzegovinian 1.9%, Turkish 1.8%, Serbian 1.6%, Romanian 1.3%, other 10% (2018 est.)","German (official nationwide) 88.6%, Turkish 2.3%, Serbian 2.2%, Croatian (official in Burgenland) 1.6%, other (includes Slovene, official in southern Carinthia, and Hungarian, official in Burgenland) 5.3% (2001 est.)","Roman Catholic 55.2%, Muslim 8.3%, Orthodox 4.9%, Evangelical Christian 3.8%, Jewish 0.1%, other 5.4%, none 22.4% (2021 est.)","3.2 deaths/1,000 live births (2024 est.)",82.7 years (2024 est.),0.3% (2024 est.),the northern and eastern portions of the country are more densely populated; nearly two-thirds of the populace lives in urban areas,,,44.9 years (2024 est.),"3.5 migrant(s)/1,000 population (2024 est.)","68,700 (Syria), 43,725 (Afghanistan), 10,110 (Iraq), 8,684 (Somalia), 7,294 (Iran), 6,124 (Russia) (mid-year 2022); 84,135 (Ukraine) (as of 11 March 2024)",$511.685 billion (2023 est.)note: data in current dollars at official exchange rate,"$65,000 (2023 est.)$66,300 (2022 est.)$63,600 (2021 est.)note: data in 2021 dollars","oil, coal, lignite, timber, iron ore, copper, zinc, antimony, magnesite, tungsten, graphite, salt, hydropower",16.50%,"cars, packaged medicine, vaccines, vehicle parts/accessories, nitrogen compounds (2023)note: top five export commodities based on value in dollars","Germany 25%, USA 9%, Italy 7%, Switzerland 5%, Hungary 4% (2023)note: top five export partners based on percentage share of exports","cars, garments, vaccines, vehicle parts/accessories, refined petroleum (2023)note: top five import commodities based on value in dollars","Germany 34%, China 7%, Italy 7%, Switzerland 5%, Czechia 4% (2023)note: top five import partners based on percentage share of imports"
Azerbaijan,Republic of Azerbaijan,Baku,"dry, semiarid steppe","large, flat Kur-Araz Ovaligi (Kura-Araks Lowland, much of it below sea level) with Great Caucasus Mountains to the north, Qarabag Yaylasi (Karabakh Upland) to the west; Baku lies on Abseron Yasaqligi (Apsheron Peninsula) that juts into Caspian Sea",0 km (landlocked); note - Azerbaijan borders the Caspian Sea (713 km),"local scientists consider the Abseron Yasaqligi (Apsheron Peninsula) (including Baku and Sumqayit) and the Caspian Sea to be the ecologically most devastated area in the world because of severe air, soil, and water pollution; soil pollution results from oil spills, from the use of DDT pesticide, and from toxic defoliants used in the production of cotton; surface and underground water are polluted by untreated municipal and industrial wastewater and agricultural run-off","Air Pollution, Biodiversity, Climate Change, Climate Change-Kyoto Protocol, Climate Change-Paris Agreement, Comprehensive Nuclear Test Ban, Desertification, Endangered Species, Hazardous Wastes, Law of the Sea, Marine Dumping-London Convention, Ozone Layer Protection, Ship Pollution, Wetlands","Southwestern Asia, bordering the Caspian Sea, between Iran and Russia, with a small European portion north of the Caucasus range",Asia,about three-quarters the size of Pennsylvania; slightly smaller than Maine,presidential republic,30 August 1991 (declared from the Soviet Union); 18 October 1991 (adopted by the Supreme Council of Azerbaijan),"ADB, BSEC, CD, CE, CICA, CIS, EAPC, EBRD, ECO, FAO, GCTU, GUAM, IAEA, IBRD, ICAO, ICC (NGOs), ICRM, IDA, IDB, IFAD, IFC, IFRCS, ILO, IMF, IMO, Interpol, IOC, IOM, IPU, ISO, ITSO, ITU, ITUC (NGOs), MIGA, NAM, OAS (observer), OIC, OPCW, OSCE, PFP, UN, UNCTAD, UNESCO, UNHCR, UNIDO, UNWTO, UPU, WCO, WFTU (NGOs), WHO, WIPO, WMO, WTO (observer)",4.5% of GDP (2023 est.)4.5% of GDP (2022 est.)5% of GDP (2021 est.)5% of GDP (2020 est.)3.8% of GDP (2019 est.),"Azerbaijani 91.6%, Lezghin 2%, Russian 1.3%, Armenian 1.3%, Talysh 1.3%, other 2.4% (2009 est.)","Azerbaijani (Azeri) (official) 92.5%, Russian 1.4%, Armenian 1.4%, other 4.7% (2009 est.)","Muslim 97.3% (predominantly Shia), Christian 2.6%, other <0.1, unaffiliated <0.1 (2020 est.)","10.9 deaths/1,000 live births (2024 est.)",75.9 years (2024 est.),0.43% (2024 est.),"highest population density is found in the far eastern area of the country, in and around Baku; apart from smaller urbanized areas, the rest of the country has a fairly light and evenly distributed population",99.90%,99.7% (2019),34.3 years (2024 est.),"-0.6 migrant(s)/1,000 population (2024 est.)",,$72.356 billion (2023 est.)note: data in current dollars at official exchange rate,"$21,300 (2023 est.)$21,100 (2022 est.)$20,100 (2021 est.)note: data in 2021 dollars","petroleum, natural gas, iron ore, nonferrous metals, bauxite",22.80%,"crude petroleum, natural gas, refined petroleum, plastics, electricity (2023)note: top five export commodities based on value in dollars","Italy 37%, Turkey 19%, Israel 5%, Greece 4%, Russia 4% (2023)note: top five export partners based on percentage share of exports","cars, crude petroleum, refined petroleum, broadcasting equipment, garments (2023)note: top five import commodities based on value in dollars","Russia 17%, China 16%, Turkey 14%, Georgia 4%, Germany 4% (2023)note: top five import partners based on percentage share of imports"
The Bahamas,Commonwealth of The Bahamas,Nassau,tropical marine; moderated by warm waters of Gulf Stream,"long, flat coral formations with some low rounded hills","3,542 km",coral reef decay; solid waste disposal,"Biodiversity, Climate Change, Climate Change-Kyoto Protocol, Climate Change-Paris Agreement, Comprehensive Nuclear Test Ban, Desertification, Endangered Species, Hazardous Wastes, Law of the Sea, Nuclear Test Ban, Ozone Layer Protection, Ship Pollution, Wetlands","chain of islands in the North Atlantic Ocean, southeast of Florida, northeast of Cuba; note - although The Bahamas does not border the Caribbean Sea, geopolitically it is often designated as a Caribbean nation",Central America and the Caribbean,slightly smaller than Connecticut,parliamentary democracy under a constitutional monarchy; a Commonwealth realm,10 July 1973 (from the UK),"ACP, ACS, AOSIS, C, Caricom, CDB, CELAC, FAO, G-77, IADB, IAEA, IBRD, ICAO, ICC (NGOs), ICRM, IDA, IFAD, IFC, IFRCS, ILO, IMF, IMO, IMSO, Interpol, IOC, IOM, ISO (correspondent), ITSO, ITU, LAES, MIGA, NAM, OAS, OPANAL, OPCW, Petrocaribe, UN, UNCTAD, UNESCO, UNIDO, UNWTO, UPU, WCO, WHO, WIPO, WMO, WTO (observer)",0.8% of GDP (2023 est.)0.8% of GDP (2022 est.)0.9% of GDP (2021 est.)0.9% of GDP (2020 est.)0.7% of GDP (2019 est.),"African descent 90.6%, White 4.7%, mixed 2.1%, other 1.9%, unspecified 0.7% (2010 est.)","English (official), Creole (among Haitian immigrants)","Protestant 69.9% (includes Baptist 34.9%, Anglican 13.7%, Pentecostal 8.9% Seventh Day Adventist 4.4%, Methodist 3.6%, Church of God 1.9%, Plymouth Brethren 1.6%, other Protestant 0.9%), Roman Catholic 12%, other Christian 13% (includes Jehovah's Witness 1.1%), other 0.6%, none 1.9%, unspecified 2.6% (2010 est.)","9.4 deaths/1,000 live births (2024 est.)",76.7 years (2024 est.),1.07% (2024 est.),"most of the population lives in urban areas, with two-thirds living on New Providence Island where Nassau is located",,,30.7 years (2024 est.),"3.2 migrant(s)/1,000 population (2024 est.)",,$14.339 billion (2023 est.)note: data in current dollars at official exchange rate,"$33,100 (2023 est.)$32,400 (2022 est.)$29,300 (2021 est.)note: data in 2021 dollars","salt, aragonite, timber, arable land",0.80%,"refined petroleum, ships, aluminum, shellfish, plastics (2023)note: top five export commodities based on value in dollars","USA 36%, Zimbabwe 16%, Cote d'Ivoire 14%, Germany 8%, Guyana 8% (2023)note: top five export partners based on percentage share of exports","refined petroleum, ships, aircraft, cars, crude petroleum (2023)note: top five import commodities based on value in dollars","USA 60%, Germany 13%, China 5%, Japan 3%, Brazil 2% (2023)note: top five import partners based on percentage share of imports"
Bahrain,Kingdom of Bahrain,Manama,"arid; mild, pleasant winters; very hot, humid summers",mostly low desert plain rising gently to low central escarpment,161 km,"desertification resulting from the degradation of limited arable land, periods of drought, and dust storms; coastal degradation (damage to coastlines, coral reefs, and sea vegetation) resulting from oil spills and other discharges from large tankers, oil refineries, and distribution stations; lack of freshwater resources (groundwater and seawater are the only sources for all water needs); lowered water table leaves aquifers vulnerable to saline contamination; desalinization provides some 90% of the country's freshwater","Biodiversity, Climate Change, Climate Change-Kyoto Protocol, Climate Change-Paris Agreement, Comprehensive Nuclear Test Ban, Desertification, Endangered Species, Hazardous Wastes, Law of the Sea, Ozone Layer Protection, Ship Pollution, Wetlands","Middle East, archipelago in the Persian Gulf, east of Saudi Arabia",Middle East,"3.5 times the size of Washington, DC",constitutional monarchy,15 August 1971 (from the UK),"ABEDA, AFESD, AMF, CAEU, CICA, FAO, G-77, GCC, IAEA, IBRD, ICAO, ICC (national committees), ICRM, IDA, IDB, IFC, IFRCS, IHO, ILO, IMF, IMO, IMSO, Interpol, IOC, IOM (observer), IPU, ISO, ITSO, ITU, ITUC (NGOs), LAS, MIGA, NAM, OAPEC, OIC, OPCW, PCA, UN, UNCTAD, UNESCO, UNIDO, UNOOSA, UNWTO, UPU, WCO, WFTU (NGOs), WHO, WIPO, WMO, WTO",3.1% of GDP (2023 est.)3.2% of GDP (2022 est.)3.6% of GDP (2021 est.)4.2% of GDP (2020 est.)4% of GDP (2019 est.),"Bahraini 47.4%, Asian 43.4%, other Arab 4.9%, African 1.4%, North American 1.1%, Gulf Co-operative countries 0.9%, European 0.8%, other 0.1% (2020 est.)","Arabic (official), English, Farsi, Urdu","Muslim 74.2%, other (includes Christian, Jewish, Hindu, Baha'i) 25.8% (2020 est.)","9.7 deaths/1,000 live births (2024 est.)",80.4 years (2024 est.),0.82% (2024 est.),"smallest population of the Gulf States, but urbanization rate exceeds 90%; largest settlement concentration is found on the far northern end of the island in and around Manamah and Al Muharraq",99.90%,94.9% (2018),33.4 years (2024 est.),"-1.2 migrant(s)/1,000 population (2024 est.)",,$46.08 billion (2023 est.)note: data in current dollars at official exchange rate,"$57,200 (2023 est.)$57,500 (2022 est.)$55,000 (2021 est.)note: data in 2021 dollars","oil, associated and nonassociated natural gas, fish, pearls",2.10%,"refined petroleum, aluminum, iron ore, aluminum wire, jewelry (2023)note: top five export commodities based on value in dollars","UAE 16%, Saudi Arabia 15%, South Africa 8%, USA 6%, India 4% (2023)note: top five export partners based on percentage share of exports","iron ore, aluminum oxide, ships, cars, gold (2023)note: top five import commodities based on value in dollars","China 13%, Saudi Arabia 12%, UAE 11%, Brazil 8%, Australia 7% (2023)note: top five import partners based on percentage share of imports"
Bangladesh,People's Republic of Bangladesh,Dhaka,"tropical; mild winter (October to March); hot, humid summer (March to June); humid, warm rainy monsoon (June to October)",mostly flat alluvial plain; hilly in southeast,580 km,"many people are landless and forced to live on and cultivate flood-prone land; waterborne diseases prevalent in surface water; water pollution, especially of fishing areas, results from the use of commercial pesticides; ground water contaminated by naturally occurring arsenic; intermittent water shortages because of falling water tables in the northern and central parts of the country; soil degradation and erosion; deforestation; destruction of wetlands; severe overpopulation with noise pollution","Biodiversity, Climate Change, Climate Change-Kyoto Protocol, Climate Change-Paris Agreement, Comprehensive Nuclear Test Ban, Desertification, Endangered Species, Environmental Modification, Hazardous Wastes, Law of the Sea, Nuclear Test Ban, Ozone Layer Protection, Ship Pollution, Wetlands","Southern Asia, bordering the Bay of Bengal, between Burma and India",Asia,slightly larger than Pennsylvania and New Jersey combined; slightly smaller than Iowa,parliamentary republic,16 December 1971 (from Pakistan),"ADB, ARF, BIMSTEC, C, CD, CICA (observer), CP, D-8, FAO, G-77, IAEA, IBRD, ICAO, ICC (national committees), ICRM, IDA, IDB, IFAD, IFC, IFRCS, IHO, ILO, IMF, IMO, IMSO, Interpol, IOC, IOM, IPU, ISO, ITSO, ITU, ITUC (NGOs), MIGA, MINURSO, MINUSCA, MONUSCO, NAM, OIC, OPCW, PCA, SAARC, SACEP, UN, UNAMID, UNCTAD, UNESCO, UNHCR, UNIDO, UNISFA, UNIFIL, UNMISS, UNOOSA, UNWTO, UPU, WCO, WFTU (NGOs), WHO, WIPO, WMO, WTO",1% of GDP (2023 est.)1.1% of GDP (2022 est.)1.2% of GDP (2021 est.)1.3% of GDP (2020 est.)1.4% of GDP (2019 est.),"Bengali at least 99%, other indigenous ethnic groups 1% (2022 est.)","Bangla 98.8% (official, also known as Bengali), other 1.2% (2011 est.)","Muslim 91%, Hindu 8%, other 1% (2022 est.)","28.8 deaths/1,000 live births (2024 est.)",75.2 years (2024 est.),0.89% (2024 est.),,77.80%,72% (2020),29.6 years (2024 est.),"-2.9 migrant(s)/1,000 population (2024 est.)","976,507 (Burma) (2024)",$437.415 billion (2023 est.)note: data in current dollars at official exchange rate,"$8,200 (2023 est.)$7,900 (2022 est.)$7,400 (2021 est.)note: data in 2021 dollars","natural gas, arable land, timber, coal",59%,"garments, footwear, fabric, textiles, trunks and cases (2023)note: top five export commodities based on value in dollars","USA 16%, Germany 15%, UK 8%, Spain 7%, Poland 6% (2023)note: top five export partners based on percentage share of exports","refined petroleum, cotton fabric, natural gas, cotton, fabric (2023)note: top five import commodities based on value in dollars","China 34%, India 17%, Indonesia 5%, Singapore 5%, Malaysia 4% (2023)note: top five import partners based on percentage share of imports"
Barbados,none,Bridgetown,tropical; rainy season (June to October),relatively flat; rises gently to central highland region,97 km,pollution of coastal waters from waste disposal by ships; soil erosion; illegal solid waste disposal threatens contamination of aquifers,"Biodiversity, Climate Change, Climate Change-Kyoto Protocol, Climate Change-Paris Agreement, Comprehensive Nuclear Test Ban, Desertification, Endangered Species, Hazardous Wastes, Law of the Sea, Marine Dumping-London Convention, Marine Dumping-London Protocol, Ozone Layer Protection, Ship Pollution, Wetlands","Caribbean, island in the North Atlantic Ocean, northeast of Venezuela",Central America and the Caribbean,"2.5 times the size of Washington, DC",parliamentary republic; a Commonwealth realm,30 November 1966 (from the UK),"ACP, ACS, AOSIS, C, Caricom, CDB, CELAC, FAO, G-77, IADB, IBRD, ICAO, ICCt, ICRM, IDA, IFAD, IFC, IFRCS, ILO, IMF, IMO, Interpol, IOC, ISO, ITSO, ITU, ITUC (NGOs), LAES, MIGA, NAM, OAS, OPANAL, OPCW, UN, UNCTAD, UNESCO, UNHCR, UNIDO, UPU, WCO, WFTU (NGOs), WHO, WIPO, WMO, WTO",0.7% of GDP (2023 est.)0.8% of GDP (2022 est.)0.9% of GDP (2021 est.)0.9% of GDP (2020 est.)0.8% of GDP (2019 est.),"African descent 92.4%, mixed 3.1%, White 2.7%, East Indian 1.3%, other 0.2%, unspecified 0.3% (2010 est.)","English (official), Bajan (English-based creole language, widely spoken in informal settings)","Protestant 66.4% (includes Anglican 23.9%, other Pentecostal 19.5%, Adventist 5.9%, Methodist 4.2%, Wesleyan 3.4%, Nazarene 3.2%, Church of God 2.4%, Baptist 1.8%, Moravian 1.2%, other Protestant 0.9%), Roman Catholic 3.8%, other Christian 5.4% (includes Jehovah's Witness 2.0%, other 3.4%), Rastafarian 1%, other 1.5%, none 20.6%, unspecified 1.2% (2010 est.)","9.6 deaths/1,000 live births (2024 est.)",79 years (2024 est.),0.23% (2024 est.),most densely populated country in the eastern Caribbean; approximately one-third live in urban areas,99.60%,99.6% (2014),41.4 years (2024 est.),"-0.3 migrant(s)/1,000 population (2024 est.)",,$6.721 billion (2023 est.)note: data in current dollars at official exchange rate,"$19,200 (2023 est.)$18,500 (2022 est.)$15,700 (2021 est.)note: data in 2021 dollars","petroleum, fish, natural gas",25.60%,"liquor, refined petroleum, packaged medicine, margarine, baked goods (2023)note: top five export commodities based on value in dollars","USA 22%, Jamaica 17%, Trinidad & Tobago 8%, Canada 6%, Guyana 6% (2023)note: top five export partners based on percentage share of exports","refined petroleum, crude petroleum, cars, plastic products, ships (2023)note: top five import commodities based on value in dollars","USA 32%, Trinidad & Tobago 19%, Netherlands 6%, UK 6%, Guyana 5% (2023)note: top five import partners based on percentage share of imports"
Belarus,Republic of Belarus,Minsk,"cold winters, cool and moist summers; transitional between continental and maritime",generally flat with much marshland,0 km (landlocked),soil pollution from pesticide use; southern part of the country contaminated with fallout from 1986 nuclear reactor accident at Chornobyl' in northern Ukraine,"Air Pollution, Air Pollution-Nitrogen Oxides, Air Pollution-Sulphur 85, Antarctic-Environmental Protection, Antarctic Treaty, Biodiversity, Climate Change, Climate Change-Kyoto Protocol, Climate Change-Paris Agreement, Comprehensive Nuclear Test Ban, Desertification, Endangered Species, Environmental Modification, Hazardous Wastes, Law of the Sea, Marine Dumping-London Convention, Nuclear Test Ban, Ozone Layer Protection, Ship Pollution, Wetlands","Eastern Europe, east of Poland",Europe,slightly less than twice the size of Kentucky; slightly smaller than Kansas,"presidential republic in name, although in fact a dictatorship",25 August 1991 (from the Soviet Union),"BSEC (observer), CBSS (observer), CEI, CIS, CSTO, EAEC, EAEU, EAPC, EBRD, FAO, GCTU, IAEA, IBRD, ICAO, ICC (NGOs), ICRM, IDA, IFC, IFRCS, ILO, IMF, IMSO, Interpol, IOC, IOM, IPU, ISO, ITU, ITUC (NGOs), MIGA, NAM, NSG, OPCW, OSCE, PCA, PFP, SCO (dialogue member), UN, UNCTAD, UNESCO, UNIDO, UNIFIL, UNWTO, UPU, WCO, WFTU (NGOs), WHO, WIPO, WMO, WTO (observer), ZC",1.5% of GDP (2023 est.)1.1% of GDP (2022 est.)1.2% of GDP (2021 est.)1.5% of GDP (2020 est.)1.5% of GDP (2019 est.),"Belarusian 83.7%, Russian 8.3%, Polish 3.1%, Ukrainian 1.7%, other 2.4%, unspecified 0.9% (2009 est.)","Russian (official) 71.4%, Belarusian (official) 26%, other 0.3% (includes small Polish- and Ukrainian-speaking minorities), unspecified 2.3% (2019 est.)","Orthodox 48.3%, Catholic 7.1%, other 3.5%, non-believers 41.1% (2011 est.)","2.1 deaths/1,000 live births (2024 est.)",74.7 years (2024 est.),-0.42% (2024 est.),"a fairly even distribution throughout most of the country, with urban areas attracting larger and denser populations",99.90%,99.9% (2019),42.1 years (2024 est.),"0.8 migrant(s)/1,000 population (2024 est.)","42,785 (Ukraine) (as of 29 February 2024)",$71.857 billion (2023 est.)note: data in current dollars at official exchange rate,"$27,700 (2023 est.)$26,500 (2022 est.)$27,600 (2021 est.)note: data in 2021 dollars","timber, peat deposits, small quantities of oil and natural gas, granite, dolomitic limestone, marl, chalk, sand, gravel, clay",27.20%,"fertilizers, rapeseed oil, wood, poultry, beef (2023)note: top five export commodities based on value in dollars","China 34%, Kazakhstan 10%, Uzbekistan 7%, Poland 6%, Brazil 5% (2023)note: top five export partners based on percentage share of exports","cars, broadcasting equipment, fabric, plastic products, video displays (2023)note: top five import commodities based on value in dollars","China 33%, Poland 16%, Germany 11%, Lithuania 10%, Turkey 9% (2023)note: top five import partners based on percentage share of imports"
Belgium,Kingdom of Belgium,Brussels,"temperate; mild winters, cool summers; rainy, humid, cloudy","flat coastal plains in northwest, central rolling hills, rugged mountains of Ardennes Forest in southeast",66.5 km,"intense pressures from human activities: urbanization, dense transportation network, industry, extensive animal breeding and crop cultivation; air and water pollution also have repercussions for neighboring countries","Air Pollution, Air Pollution-Heavy Metals, Air Pollution-Multi-effect Protocol, Air Pollution-Nitrogen Oxides, Air Pollution-Persistent Organic Pollutants, Air Pollution-Sulphur 85, Air Pollution-Sulphur 94, Air Pollution-Volatile Organic Compounds, Antarctic-Environmental Protection, Antarctic-Marine Living Resources, Antarctic Seals, Antarctic Treaty, Biodiversity, Climate Change, Climate Change-Kyoto Protocol, Climate Change-Paris Agreement, Comprehensive Nuclear Test Ban, Desertification, Endangered Species, Environmental Modification, Hazardous Wastes, Law of the Sea, Marine Dumping-London Convention, Marine Dumping-London Protocol, Marine Life Conservation, Nuclear Test Ban, Ozone Layer Protection, Ship Pollution, Tropical Timber 2006, Wetlands, Whaling","Western Europe, bordering the North Sea, between France and the Netherlands",Europe,about the size of Maryland,federal parliamentary democracy under a constitutional monarchy,4 October 1830 (a provisional government declared independence from the Netherlands); 21 July 1831 (King LEOPOLD I ascended to the throne),"ADB (nonregional members), AfDB (nonregional members), Australia Group, Benelux, BIS, CD, CE, CERN, EAPC, EBRD, ECB, EIB, EITI (implementing country), EMU, ESA, EU, FAO, FATF, G-9, G-10, IADB, IAEA, IBRD, ICAO, ICC (national committees), ICCt, ICRM, IDA, IEA, IFAD, IFC, IFRCS, IGAD (partners), IHO, ILO, IMF, IMO, IMSO, Interpol, IOC, IOM, IPU, ISO, ITSO, ITU, ITUC (NGOs), MIGA, MONUSCO, NATO, NEA, NSG, OAS (observer), OECD, OIF, OPCW, OSCE, Pacific Alliance (observer), Paris Club, PCA, Schengen Convention, SELEC (observer), UN, UNCTAD, UNESCO, UNHCR, UNIDO, UNIFIL, UNRWA, UNTSO, UPU, Wassenaar Arrangement, WCO, WHO, WIPO, WMO, WTO, ZC",1.3% of GDP (2024 est.)1.2% of GDP (2023)1.2% of GDP (2022)1.1% of GDP (2021)1% of GDP (2020),"Belgian 75.2%, Italian 4.1%, Moroccan 3.7%, French 2.4%, Turkish 2%, Dutch 2%, other 10.6% (2012 est.)","Dutch (official) 60%, French (official) 40%, German (official) less than 1%","Roman Catholic 57.1%, Protestant 2.3%, other Christian, 2.8%, Muslim 6.8%, other 1.7%, atheist 9.1%, nonbeliever/agnostic 20.2% (2018 est.)","3.1 deaths/1,000 live births (2024 est.)",82.3 years (2024 est.),0.53% (2024 est.),most of the population concentrated in the northern two-thirds of the country; the southeast is more thinly populated; considered to have one of the highest population densities in the world; approximately 97% live in urban areas,,,42 years (2024 est.),"4 migrant(s)/1,000 population (2024 est.)","20,086 (Syria), 7,049 (Afghanistan), 5,769 (Iraq) (mid-year 2022); 75,030 (Ukraine) (as of 29 February 2024)",$644.783 billion (2023 est.)note: data in current dollars at official exchange rate,"$64,200 (2023 est.)$64,000 (2022 est.)$61,900 (2021 est.)note: data in 2021 dollars","construction materials, silica sand, carbonates, arable land",27.20%,"refined petroleum, natural gas, vaccines, cars, packaged medicine (2023)note: top five export commodities based on value in dollars","France 20%, Netherlands 15%, Germany 14%, Italy 6%, USA 5% (2023)note: top five export partners based on percentage share of exports","cars, natural gas, vaccines, packaged medicine, crude petroleum (2023)note: top five import commodities based on value in dollars","Netherlands 20%, Germany 13%, France 11%, USA 7%, Ireland 4% (2023)note: top five import partners based on percentage share of imports"
Belize,none,Belmopan,tropical; very hot and humid; rainy season (May to November); dry season (February to May),"flat, swampy coastal plain; low mountains in south",386 km,"deforestation; water pollution, including pollution of Belize's Barrier Reef System, from sewage, industrial effluents, agricultural runoff; inability to properly dispose of solid waste","Biodiversity, Climate Change, Climate Change-Kyoto Protocol, Climate Change-Paris Agreement, Comprehensive Nuclear Test Ban, Desertification, Endangered Species, Hazardous Wastes, Law of the Sea, Ozone Layer Protection, Ship Pollution, Wetlands, Whaling","Central America, bordering the Caribbean Sea, between Guatemala and Mexico",Central America and the Caribbean,slightly smaller than Massachusetts,parliamentary democracy (National Assembly) under a constitutional monarchy; a Commonwealth realm,21 September 1981 (from the UK),"ACP, ACS, AOSIS, C, Caricom, CD, CDB, CELAC, FAO, G-77, IADB, IAEA, IBRD, ICAO, ICC (NGOs), ICRM, IDA, IFAD, IFC, IFRCS, ILO, IMF, IMO, Interpol, IOC, IOM, ITU, LAES, MIGA, NAM, OAS, OPANAL, OPCW, PCA, Petrocaribe, SICA, UN, UNCTAD, UNESCO, UNIDO, UPU, WCO, WHO, WIPO, WMO, WTO",0.9% of GDP (2023 est.)1.1% of GDP (2022 est.)1.3% of GDP (2021 est.)1.5% of GDP (2020 est.)1.4% of GDP (2019 est.),"Mestizo 52.9%, Creole 25.9%, Maya 11.3%, Garifuna 6.1%, East Indian 3.9%, Mennonite 3.6%, White 1.2%, Asian 1%, other 1.2%, unknown 0.3% (2010 est.)","English 62.9% (official), Spanish 56.6%, Creole 44.6%, Maya 10.5%, German 3.2%, Garifuna 2.9%, other 1.8%, unknown 0.5% (2010 est.)","Roman Catholic 40.1%, Protestant 31.5% (includes Pentecostal 8.4%, Seventh Day Adventist 5.4%, Anglican 4.7%, Mennonite 3.7%, Baptist 3.6%, Methodist 2.9%, Nazarene 2.8%), Jehovah's Witness 1.7%, other 10.5% (includes Baha'i, Buddhist, Hindu, Church of Jesus Christ, Muslim, Rastafarian, Salvation Army), unspecified 0.6%, none 15.5% (2010 est.)","11.3 deaths/1,000 live births (2024 est.)",74.3 years (2024 est.),1.47% (2024 est.),"approximately 25% to 30% of the population lives in the former capital, Belize City; over half of the overall population is rural; population density is slightly higher in the north and east",,,26.8 years (2024 est.),"2 migrant(s)/1,000 population (2024 est.)",,$3.067 billion (2023 est.)note: data in current dollars at official exchange rate,"$12,500 (2023 est.)$12,600 (2022 est.)$11,700 (2021 est.)note: data in 2021 dollars","arable land potential, timber, fish, hydropower",3.30%,"raw sugar, bananas, fish, shellfish, refined petroleum (2023)note: top five export commodities based on value in dollars","USA 22%, UK 14%, Spain 9%, Guatemala 7%, Portugal 5% (2023)note: top five export partners based on percentage share of exports","refined petroleum, orthopedic appliances, ships, garments, tobacco (2023)note: top five import commodities based on value in dollars","USA 37%, China 17%, Guatemala 10%, Mexico 8%, Costa Rica 6% (2023)note: top five import partners based on percentage share of imports"
Benin,Republic of Benin,Porto-Novo,"tropical; hot, humid in south; semiarid in north",mostly flat to undulating plain; some hills and low mountains,121 km,inadequate supplies of potable water; water pollution; poaching threatens wildlife populations; deforestation; desertification (the spread of the desert into agricultural lands in the north is accelerated by regular droughts),"Biodiversity, Climate Change, Climate Change-Kyoto Protocol, Climate Change-Paris Agreement, Comprehensive Nuclear Test Ban, Desertification, Endangered Species, Environmental Modification, Hazardous Wastes, Law of the Sea, Marine Dumping-London Convention, Nuclear Test Ban, Ozone Layer Protection, Ship Pollution, Tropical Timber 2006, Wetlands, Whaling","Western Africa, bordering the Bight of Benin, between Nigeria and Togo",Africa,slightly smaller than Pennsylvania,presidential republic,1 August 1960 (from France),"ACP, AfDB, AU, CD, ECOWAS, Entente, FAO, FZ, G-77, IAEA, IBRD, ICAO, ICCt, ICRM, IDA, IDB, IFAD, IFC, IFRCS, ILO, IMF, IMO, Interpol, IOC, IOM, IPU, ISO, ITSO, ITU, ITUC (NGOs), MIGA, MNJTF, MONUSCO, NAM, OAS (observer), OIC, OIF, OPCW, PCA, UN, UNAMID, UNCTAD, UNESCO, UNHCR, UNHRC, UNIDO, UNISFA, UNMIL, UNMISS, UNOCI, UNOOSA, UNWTO, UPU, WADB (regional), WAEMU, WCO, WFTU (NGOs), WHO, WIPO, WMO, WTO",0.5% of GDP (2023 est.)0.7% of GDP (2022 est.)0.7% of GDP (2021 est.)0.5% of GDP (2020 est.)0.5% of GDP (2019 est.),"Fon and related 38.4%, Adja and related 15.1%, Yoruba and related 12%, Bariba and related 9.6%, Fulani and related 8.6%, Ottamari and related 6.1%, Yoa-Lokpa and related 4.3%, Dendi and related 2.9%, other 0.9%, foreigner 1.9% (2013 est.)","55 languages; French (official); Fon (a Gbe language), Yom (a Gur language) and Yoruba are the most important indigenous languages in the south; half a dozen regionally important languages in the north, including Bariba and Fulfulde","Muslim 27.7%, Roman Catholic 25.5%, Protestant 13.5% (Celestial 6.7%, Methodist 3.4%, other Protestant 3.4%), Vodoun 11.6%, other Christian 9.5%, other traditional religions 2.6%, other 2.6%, none 5.8% (2013 est.)","52.9 deaths/1,000 live births (2024 est.)",63 years (2024 est.),3.29% (2024 est.),"the population is primarily located in the south, with the highest concentration of people residing in and around the cities on the Atlantic coast; most of the north remains sparsely populated with higher concentrations of residents in the west as shown in this population distribution map",56.90%,35% (2021),17.2 years (2024 est.),"0.2 migrant(s)/1,000 population (2024 est.)",,$19.676 billion (2023 est.)note: data in current dollars at official exchange rate,"$3,700 (2023 est.)$3,600 (2022 est.)$3,500 (2021 est.)note: data in 2021 dollars","small offshore oil deposits, limestone, marble, timber",22.90%,"gold, cotton, coconuts/brazil nuts/cashews, soybeans, wood (2023)note: top five export commodities based on value in dollars","UAE 42%, Bangladesh 20%, India 11%, China 5%, Togo 3% (2023)note: top five export partners based on percentage share of exports","rice, refined petroleum, palm oil, poultry, cars (2023)note: top five import commodities based on value in dollars","China 21%, India 15%, USA 6%, France 6%, Nigeria 4% (2023)note: top five import partners based on percentage share of imports"
Bhutan,Kingdom of Bhutan,Thimphu,varies; tropical in southern plains; cool winters and hot summers in central valleys; severe winters and cool summers in Himalayas,mostly mountainous with some fertile valleys and savanna,0 km (landlocked),soil erosion; limited access to potable water; wildlife conservation; industrial pollution; waste disposal,"Biodiversity, Climate Change, Climate Change-Kyoto Protocol, Climate Change-Paris Agreement, Desertification, Endangered Species, Hazardous Wastes, Nuclear Test Ban, Ozone Layer Protection, Wetlands","Southern Asia, between China and India",Asia,slightly larger than Maryland; about one-half the size of Indiana,constitutional monarchy,17 December 1907 (became a unified kingdom under its first hereditary king); 8 August 1949 (Treaty of Friendship with India maintains Bhutanese independence),"ADB, BIMSTEC, CP, FAO, G-77, IBRD, ICAO, IDA, IFAD, IFC, IMF, Interpol, IOC, IOM (observer), IPU, ISO (correspondent), ITSO, ITU, MIGA, NAM, OPCW, SAARC, SACEP, UN, UNCTAD, UNESCO, UNIDO, UNISFA, UNTSO, UNWTO, UPU, WCO, WHO, WIPO, WMO, WTO (observer)",,"Ngalop (also known as Bhote) 50%, ethnic Nepali 35% (predominantly Lhotshampas), indigenous or migrant tribes 15%","Sharchopkha 28%, Dzongkha (official) 24%, Lhotshamkha 22%, other 26% (includes foreign languages) (2005 est.)","Lamaistic Buddhist 75.3%, Indian- and Nepali-influenced Hinduism 22.1%, other 2.6% (2005 est.)","24.3 deaths/1,000 live births (2024 est.)",73.7 years (2024 est.),0.95% (2024 est.),,77.90%,62.8% (2021),30.7 years (2024 est.),"0 migrant(s)/1,000 population (2024 est.)",,$2.898 billion (2022 est.)note: data in current dollars at official exchange rate,"$14,100 (2022 est.)$13,500 (2021 est.)$13,000 (2020 est.)note: data in 2021 dollars","timber, hydropower, gypsum, calcium carbonate",2.60%,"iron alloys, aircraft, dolomite, semi-finished iron, cement (2023)note: top five export commodities based on value in dollars","India 92%, Italy 4%, Indonesia 1%, China 1%, Singapore 0% (2023)note: top five export partners based on percentage share of exports","refined petroleum, gold, plastics, broadcasting equipment, iron reductions (2023)note: top five import commodities based on value in dollars","India 82%, Singapore 8%, China 5%, Thailand 2%, Indonesia 1% (2023)note: top five import partners based on percentage share of imports"
Bolivia,Plurinational State of Bolivia,La Paz,varies with altitude; humid and tropical to cold and semiarid,"rugged Andes Mountains with a highland plateau (Altiplano), hills, lowland plains of the Amazon Basin",0 km (landlocked),the clearing of land for agricultural purposes and the international demand for tropical timber are contributing to deforestation; soil erosion from overgrazing and poor cultivation methods (including slash-and-burn agriculture); desertification; loss of biodiversity; industrial pollution of water supplies used for drinking and irrigation,"Biodiversity, Climate Change, Climate Change-Kyoto Protocol, Climate Change-Paris Agreement, Comprehensive Nuclear Test Ban, Desertification, Endangered Species, Hazardous Wastes, Law of the Sea, Marine Dumping-London Convention, Nuclear Test Ban, Ozone Layer Protection, Ship Pollution, Wetlands,","Central South America, southwest of Brazil",South America,slightly less than three times the size of Montana,presidential republic,6 August 1825 (from Spain),"CAN, CD, CELAC, FAO, G-77, IADB, IAEA, IBRD, ICAO, ICC (national committees), ICCt, ICRM, IDA, IFAD, IFC, IFRCS, ILO, IMF, IMO, Interpol, IOC, IOM, IPU, ISO (correspondent), ITSO, ITU, LAES, LAIA, Mercosur (associate), MIGA, MINUSTAH, MONUSCO, NAM, OAS, OPANAL, OPCW, PCA, UN, UN Security Council (temporary), UNAMID, UNASUR, UNCTAD, UNESCO, UNIDO, Union Latina, UNISFA, UNMIL, UNMISS, UNOCI, UNOOSA, UNWTO, UPU, WCO, WFTU (NGOs), WHO, WIPO, WMO, WTO",1.2% of GDP (2023 est.)1.3% of GDP (2022 est.)1.4% of GDP (2021 est.)1.4% of GDP (2020 est.)1.4% of GDP (2019 est.),"Mestizo (mixed White and Indigenous ancestry) 68%, Indigenous 20%, White 5%, Cholo/Chola 2%, African descent 1%, other 1%, unspecified 3%; 44% other Indigenous group, predominantly Quechua or Aymara (2009 est.)","Spanish (official) 68.1%, Quechua (official) 17.2%, Aymara (official) 10.5%, Guarani (official) 0.6%, other 1.5%, unspecified 2.1%; note - Spanish and all Indigenous languages are official (2012 est.)","Roman Catholic 65%, Protestant 19.6% (Evangelical (non-specific) 11.9%, Evangelical Baptist 2.1%, Evangelical Pentecostal 1.8%, Evangelical Methodist 0.7%, Adventist 2.8%, Protestant (non-specific) 0.3%), Believer (not belonging to the church) 0.9%, other 4.8%, atheist 1.7%, agnostic 0.6%, none 6.1%, unspecified 1.3% (2023 est.)","22.3 deaths/1,000 live births (2024 est.)",72.5 years (2024 est.),1% (2024 est.),"a high altitude plain in the west between two cordillera of the Andes, known as the Altiplano, is the focal area for most of the population; a dense settlement pattern is also found in and around the city of Santa Cruz, located on the eastern side of the Andes",96.50%,88.6% (2015),26.6 years (2024 est.),"-1 migrant(s)/1,000 population (2024 est.)","16,350 (Venezuela) (2023)",$45.135 billion (2023 est.)note: data in current dollars at official exchange rate,"$9,800 (2023 est.)$9,700 (2022 est.)$9,500 (2021 est.)note: data in 2021 dollars","lithium, tin, natural gas, petroleum, zinc, tungsten, antimony, silver, iron, lead, gold, timber, hydropower",3.60%,"gold, natural gas, precious metal ore, zinc ore, soybean meal (2023)note: top five export commodities based on value in dollars","Brazil 15%, India 13%, China 11%, Argentina 11%, UAE 8% (2023)note: top five export partners based on percentage share of exports","refined petroleum, cars, pesticides, trucks, plastics (2023)note: top five import commodities based on value in dollars","China 22%, Brazil 18%, Chile 13%, USA 7%, Peru 5% (2023)note: top five import partners based on percentage share of imports"
Bosnia and Herzegovina,none,Sarajevo,"hot summers and cold winters; areas of high elevation have short, cool summers and long, severe winters; mild, rainy winters along coast",mountains and valleys,20 km,air pollution; deforestation and illegal logging; inadequate wastewater treatment and flood management facilities; sites for disposing of urban waste are limited; land mines left over from the 1992-95 civil strife are a hazard in some areas,"Air Pollution, Biodiversity, Climate Change, Climate Change-Kyoto Protocol, Climate Change-Paris Agreement, Comprehensive Nuclear Test Ban, Desertification, Endangered Species, Hazardous Wastes, Law of the Sea, Marine Life Conservation, Nuclear Test Ban, Ozone Layer Protection, Wetlands","Southeastern Europe, bordering the Adriatic Sea and Croatia",Europe,slightly smaller than West Virginia,parliamentary republic,1 March 1992 (from Yugoslavia); note - referendum for independence completed on 1 March 1992; independence declared on 3 March 1992,"BIS, CD, CE, CEI, EAPC, EBRD, FAO, G-77, IAEA, IBRD, ICAO, ICC (NGOs), ICCt, ICRM, IDA, IFAD, IFC, IFRCS, ILO, IMF, IMO, IMSO, Interpol, IOC, IOM, IPU, ISO, ITSO, ITU, ITUC (NGOs), MIGA, MONUSCO, NAM (observer), OAS (observer), OIC (observer), OIF (observer), OPCW, OSCE, PFP, SELEC, UN, UNCTAD, UNESCO, UNIDO, UNWTO, UPU, WCO, WHO, WIPO, WMO, WTO (observer)",0.8% of GDP (2023 est.)0.8% of GDP (2022)0.9% of GDP (2021)0.9% of GDP (2020)0.8% of GDP (2019),"Bosniak 50.1%, Serb 30.8%, Croat 15.4%, other 2.7%, not declared/no answer 1% (2013 est.)","Bosnian (official) 52.9%, Serbian (official) 30.8%, Croatian (official) 14.6%, other 1.6%, no answer 0.2% (2013 est.)","Muslim 50.7%, Orthodox 30.7%, Roman Catholic 15.2%, atheist 0.8%, agnostic 0.3%, other 1.2%, undeclared/no answer 1.1% (2013 est.)","5 deaths/1,000 live births (2024 est.)",78.5 years (2024 est.),-0.25% (2024 est.),the northern and central areas of the country are the most densely populated,99.40%,98.1% (2021),44.8 years (2024 est.),"-0.4 migrant(s)/1,000 population (2024 est.)",,$27.515 billion (2023 est.)note: data in current dollars at official exchange rate,"$20,100 (2023 est.)$19,600 (2022 est.)$18,500 (2021 est.)note: data in 2021 dollars","coal, iron ore, antimony, bauxite, copper, lead, zinc, chromite, cobalt, manganese, nickel, clay, gypsum, salt, sand, timber, hydropower",19.70%,"footwear, electricity, garments, plastic products, insulated wire (2023)note: top five export commodities based on value in dollars","Germany 15%, Croatia 14%, Serbia 12%, Austria 10%, Slovenia 9% (2023)note: top five export partners based on percentage share of exports","refined petroleum, cars, garments, plastic products, packaged medicine (2023)note: top five import commodities based on value in dollars","Italy 13%, Germany 11%, Serbia 11%, China 9%, Croatia 8% (2023)note: top five import partners based on percentage share of imports"
Botswana,Republic of Botswana,Gaborone,semiarid; warm winters and hot summers,predominantly flat to gently rolling tableland; Kalahari Desert in southwest,0 km (landlocked),overgrazing; desertification; limited freshwater resources; air pollution,"Biodiversity, Climate Change, Climate Change-Kyoto Protocol, Climate Change-Paris Agreement, Desertification, Endangered Species, Hazardous Wastes, Law of the Sea, Nuclear Test Ban, Ozone Layer Protection, Wetlands","Southern Africa, north of South Africa",Africa,slightly smaller than Texas; almost four times the size of Illinois,parliamentary republic,30 September 1966 (from the UK),"ACP, AfDB, AU, C, CD, FAO, G-77, IAEA, IBRD, ICAO, ICCt, ICRM, IDA, IFAD, IFC, IFRCS, ILO, IMF, Interpol, IOC, IOM, IPU, ISO, ITSO, ITU, ITUC (NGOs), MIGA, MONUSCO, NAM, OPCW, SACU, SADC, UN, UNCTAD, UNESCO, UNIDO, UNWTO, UPU, WCO, WFTU (NGOs), WHO, WIPO, WMO, WTO",2.6% of GDP (2023 est.)2.8% of GDP (2022 est.)3% of GDP (2021 est.)3% of GDP (2020 est.)2.8% of GDP (2019 est.),"Tswana (or Setswana) 79%, Kalanga 11%, Basarwa 3%, other, including Kgalagadi and people of European ancestry 7%","Setswana 77.3%, Sekalanga 7.4%, Shekgalagadi 3.4%, English (official) 2.8%, Zezuru/Shona 2%, Sesarwa 1.7%, Sembukushu 1.6%, Ndebele 1%, other 2.8% (2011 est.)","Christian 79.1%, Badimo 4.1%, other 1.4% (includes Baha'i, Hindu, Muslim, Rastafarian), none 15.2%, unspecified 0.3% (2011 est.)","23.7 deaths/1,000 live births (2024 est.)",66.4 years (2024 est.),1.34% (2024 est.),"the population is primarily concentrated in the east with a focus in and around the captial of Gaborone, and the far central-eastern city of Francistown; population density remains low in other areas in the country, especially in the Kalahari to the west as shown in this population distribution map",88%,88.9% (2015),27.1 years (2024 est.),"2.7 migrant(s)/1,000 population (2024 est.)",,$19.396 billion (2023 est.)note: data in current dollars at official exchange rate,"$18,800 (2023 est.)$18,600 (2022 est.)$18,000 (2021 est.)note: data in 2021 dollars","diamonds, copper, nickel, salt, soda ash, potash, coal, iron ore, silver",0.60%,"diamonds, copper ore, insulated wire, carbonates, cattle (2023)note: top five export commodities based on value in dollars","UAE 27%, India 17%, Belgium 16%, South Africa 8%, USA 7% (2023)note: top five export partners based on percentage share of exports","refined petroleum, diamonds, cars, flavored water, electricity (2023)note: top five import commodities based on value in dollars","South Africa 65%, Namibia 8%, Canada 5%, China 3%, India 3% (2023)note: top five import partners based on percentage share of imports"
Brazil,Federative Republic of Brazil,Brasília,"mostly tropical, but temperate in south","mostly flat to rolling lowlands in north; some plains, hills, mountains, and narrow coastal belt","7,491 km","deforestation in Amazon Basin destroys the habitat and endangers a multitude of plant and animal species indigenous to the area; illegal wildlife trade; illegal poaching; air and water pollution in Rio de Janeiro, Sao Paulo, and several other large cities; land degradation and water pollution caused by improper mining activities; wetland degradation; severe oil spills","Antarctic-Environmental Protection, Antarctic-Marine Living Resources, Antarctic Seals, Antarctic Treaty, Biodiversity, Climate Change, Climate Change-Kyoto Protocol, Climate Change-Paris Agreement, Comprehensive Nuclear Test Ban, Desertification, Endangered Species, Environmental Modification, Hazardous Wastes, Law of the Sea, Marine Dumping-London Convention, Nuclear Test Ban, Ozone Layer Protection, Ship Pollution, Tropical Timber 2006, Wetlands, Whaling","Eastern South America, bordering the Atlantic Ocean",South America,slightly smaller than the US,federal presidential republic,7 September 1822 (from Portugal),"AfDB (nonregional member), BIS, BRICS, CAN (associate), CD, CELAC, CPLP, FAO, FATF, G-15, G-20, G-24, G-5, G-77, IADB, IAEA, IBRD, ICAO, ICC (national committees), ICCt, ICRM, IDA, IFAD, IFC, IFRCS, IHO, ILO, IMF, IMO, IMSO, Interpol, IOC, IOM, IPU, ISO, ITSO, ITU, ITUC (NGOs), LAES, LAIA, LAS (observer), Mercosur, MIGA, MINURSO, MINUSTAH, MONUSCO, NAM (observer), NSG, OAS, OECD (enhanced engagement), OPANAL, OPCW, Paris Club (associate), PCA, PROSUR, SICA (observer), UN, UNASUR, UNCTAD, UNESCO, UNFICYP, UNHCR, UNHRC, UNIDO, UNISFA, UNIFIL, Union Latina, UNISFA, UNITAR, UNMIL, UNMISS, UNOCI, UNOOSA, UNRWA, UNWTO, UPU, WCO, WFTU (NGOs), WHO, WIPO, WMO, WTO",1.1% of GDP (2023 est.)1.2% of GDP (2022 est.)1.3% of GDP (2021 est.)1.4% of GDP (2020 est.)1.4% of GDP (2019 est.),"mixed 45.3%, White 43.5%, Black 10.2%, Indigenous 0.6%, Asian 0.4% (2022 est.)","Portuguese (official and most widely spoken language); less common languages include Spanish (border areas and schools), German, Italian, Japanese, English, and many minor Amerindian languages","Roman Catholic 52.8%, Protestant 26.7% (Evangelical 25.5%, other Protestant 1.2%), African-American cultist/Umbanda 1.8%, other 3%, agnostic/atheist 0.6%, none 13.6%, unspecified 1.4% (2023 est.)","12.9 deaths/1,000 live births (2024 est.)",76.3 years (2024 est.),0.61% (2024 est.),"the vast majority of people live along, or relatively near, the Atlantic coast in the east; the population core is in the southeast, anchored by the cities of São Paolo, Brasília, and Rio de Janeiro",94.40%,94.9% (2022),35.1 years (2024 est.),"-0.2 migrant(s)/1,000 population (2024 est.)","510,499 (Venezuela) (economic and political crisis; includes Venezuelans who have claimed asylum, are recognized as refugees, or received alternative legal stay) (2023)",$2.174 trillion (2023 est.)note: data in current dollars at official exchange rate,"$19,000 (2023 est.)$18,600 (2022 est.)$18,100 (2021 est.)note: data in 2021 dollars","alumina, bauxite, beryllium, gold, iron ore, manganese, nickel, niobium, phosphates, platinum, tantalum, tin, rare earth elements, uranium, petroleum, hydropower, timber",8.60%,"soybeans, crude petroleum, iron ore, raw sugar, corn (2023)note: top five export commodities based on value in dollars","China 30%, USA 10%, Argentina 5%, Netherlands 3%, Chile 2% (2023)note: top five export partners based on percentage share of exports","refined petroleum, fertilizers, crude petroleum, vehicle parts/accessories, gas turbines (2023)note: top five import commodities based on value in dollars","China 23%, USA 16%, Germany 5%, Argentina 5%, Russia 4% (2023)note: top five import partners based on percentage share of imports"
Brunei,Brunei Darussalam,Bandar Seri Begawan,"tropical; hot, humid, rainy",flat coastal plain rises to mountains in east; hilly lowland in west,161 km,"no major environmental problems, but air pollution control is becoming a concern; seasonal trans-boundary haze from forest fires in Indonesia","Biodiversity, Climate Change, Climate Change-Kyoto Protocol, Climate Change-Paris Agreement, Comprehensive Nuclear Test Ban, Desertification, Endangered Species, Hazardous Wastes, Law of the Sea, Ozone Layer Protection, Ship Pollution","Southeastern Asia, along the northern coast of the island of Borneo, bordering the South China Sea and Malaysia",Southeast Asia,slightly smaller than Delaware,absolute monarchy or sultanate,1 January 1984 (from the UK),"ADB, APEC, ARF, ASEAN, C, CP, EAS, FAO, G-77, IAEA, IBRD, ICAO, ICC (NGOs), ICRM, IDA, IFRCS, ILO, IMF, IMO, IMSO, Interpol, IOC, ISO (correspondent), ITSO, ITU, NAM, OIC, OPCW, UN, UNCTAD, UNESCO, UNIFIL, UNWTO, UPU, WCO, WHO, WIPO, WMO, WTO",3% of GDP (2023 est.)2.6% of GDP (2022 est.)3.1% of GDP (2021 est.)3.7% of GDP (2020 est.)3.1% of GDP (2019 est.),"Malay 67.4%, Chinese 9.6%, other 23% (2021 est.)","Malay (Bahasa Melayu) (official), English, Chinese dialects","Muslim (official) 82.1%, Christian 6.7%, Buddhist 6.3%, other 4.9% (2021 est.)","10 deaths/1,000 live births (2024 est.)",78.9 years (2024 est.),1.4% (2024 est.),"the vast majority of the population is found along the coast in the western part of Brunei, which is separated from the eastern portion by Malaysia; the largest population concentration is in the far north on the western side of the Brunei Bay, in and around the capital of Bandar Seri Begawan",98.30%,96.9% (2021),32.3 years (2024 est.),"2.1 migrant(s)/1,000 population (2024 est.)",,$15.128 billion (2023 est.)note: data in current dollars at official exchange rate,"$76,800 (2023 est.)$76,400 (2022 est.)$78,200 (2021 est.)note: data in 2021 dollars","petroleum, natural gas, timber",0.80%,"refined petroleum, natural gas, crude petroleum, hydrocarbons, fertilizers (2023)note: top five export commodities based on value in dollars","Australia 21%, Japan 17%, China 17%, Singapore 16%, Malaysia 6% (2023)note: top five export partners based on percentage share of exports","crude petroleum, gold, refined petroleum, coal, cars (2023)note: top five import commodities based on value in dollars","Malaysia 23%, UAE 10%, China 10%, UK 10%, Australia 6% (2023)note: top five import partners based on percentage share of imports"
Bulgaria,Republic of Bulgaria,Sofia,"temperate; cold, damp winters; hot, dry summers",mostly mountains with lowlands in north and southeast,354 km,"air pollution from industrial emissions; rivers polluted from raw sewage, heavy metals, detergents; deforestation; forest damage from air pollution and resulting acid rain; soil contamination from heavy metals from metallurgical plants and industrial wastes","Air Pollution, Air Pollution-Heavy Metals, Air Pollution-Multi-effect Protocol, Air Pollution-Nitrogen Oxides, Air Pollution-Persistent Organic Pollutants, Air Pollution-Sulphur 85, Air Pollution-Sulphur 94, Air Pollution-Volatile Organic Compounds, Antarctic-Environmental Protection, Antarctic-Marine Living Resources, Antarctic Treaty, Biodiversity, Climate Change, Climate Change-Kyoto Protocol, Climate Change-Paris Agreement, Comprehensive Nuclear Test Ban, Desertification, Endangered Species, Environmental Modification, Hazardous Wastes, Law of the Sea, Marine Dumping-London Convention, Marine Dumping-London Protocol, Nuclear Test Ban, Ozone Layer Protection, Ship Pollution, Tropical Timber 2006, Wetlands, Whaling","Southeastern Europe, bordering the Black Sea, between Romania and Turkey",Europe,almost identical in size to Virginia; slightly larger than Tennessee,parliamentary republic,3 March 1878 (as an autonomous principality within the Ottoman Empire); 22 September 1908 (complete independence from the Ottoman Empire),"Australia Group, BIS, BSEC, CD, CE, CEI, CERN, EAPC, EBRD, ECB, EIB, EU, FAO, G- 9, IAEA, IBRD, ICAO, ICC (national committees), ICCt, ICRM, IDA, IFC, IFRCS, IHO (pending member), ILO, IMF, IMO, IMSO, Interpol, IOC, IOM, IPU, ISO, ITU, ITUC (NGOs), MIGA, NATO, NSG, OAS (observer), OIF, OPCW, OSCE, PCA, SELEC, UN, UNCTAD, UNESCO, UNHCR, UNHRC, UNIDO, UNMIL, UNOOSA,  UNWTO, UPU, Wassenaar Arrangement, WCO, WFTU (NGOs), WHO, WIPO, WMO, WTO, ZC",2.2% of GDP (2024 est.)1.9% of GDP (2023)1.6% of GDP (2022)1.6% of GDP (2021)1.6% of GDP (2020),"Bulgarian 78.5%, Turkish 7.8%, Roma 4.1%, other 1.2%, unspecified 9.4% (2021 est.)","Bulgarian (official) 77.3%, Turkish 7.9%, Romani 3.5%, other 1%, unspecified 10.4% (2021 est.)","Christian 64.7%, Muslim 9.8%, other 0.1%, none 4.7%, unspecified 20.7% (2021 est.)","7.7 deaths/1,000 live births (2024 est.)",76.1 years (2024 est.),-0.66% (2024 est.),"a fairly even distribution throughout most of the country, with urban areas attracting larger populations",98.70%,98.2% (2021),45.1 years (2024 est.),"-0.3 migrant(s)/1,000 population (2024 est.)","22,226 (Syria) (mid-year 2022); 72,775 (Ukraine) (as of 8 March 2024)",$102.408 billion (2023 est.)note: data in current dollars at official exchange rate,"$33,400 (2023 est.)$31,800 (2022 est.)$29,500 (2021 est.)note: data in 2021 dollars","bauxite, copper, lead, zinc, coal, timber, arable land",29.90%,"refined petroleum, garments, refined copper, wheat, natural gas (2023)note: top five export commodities based on value in dollars","Germany 14%, Romania 11%, Italy 8%, Greece 6%, Turkey 5% (2023)note: top five export partners based on percentage share of exports","crude petroleum, copper ore, cars, packaged medicine, electricity (2023)note: top five import commodities based on value in dollars","Germany 12%, Turkey 8%, Romania 8%, Russia 7%, Italy 6% (2023)note: top five import partners based on percentage share of imports"
Burkina Faso,none,Ouagadougou,"three climate zones including a hot tropical savanna with a short rainy season in the southern half, a tropical hot semi-arid steppe climate typical of the Sahel region in the northern half, and small area of hot desert in the very north of the country bordering the Sahara Desert","mostly flat to dissected, undulating plains; hills in the west and southeast; occupies an extensive plateau with savanna that is grassy in the north and gradually gives way to sparse forests in the south",0 km (landlocked),"recent droughts and desertification severely affecting agricultural activities, population distribution, and the economy; overgrazing; soil degradation; deforestation (2019)","Biodiversity, Climate Change, Climate Change-Kyoto Protocol, Climate Change-Paris Agreement, Comprehensive Nuclear Test Ban, Desertification, Endangered Species, Hazardous Wastes, Law of the Sea, Marine Life Conservation, Ozone Layer Protection, Wetlands","Western Africa, north of Ghana",Africa,slightly larger than Colorado,presidential republic,5 August 1960 (from France),"ACP, AfDB, AU (suspended), CD, EITI (compliant country), Entente, FAO, FZ, G-77, IAEA, IBRD, ICAO, ICC (NGOs), ICCt, ICRM, IDA, IDB, IFAD, IFC, IFRCS, ILO, IMF, Interpol, IOC, IOM, IPU, ISO, ITSO, ITU, ITUC (NGOs), MIGA, MINUSCA, MONUSCO, NAM, OIC, OIF, OPCW, PCA, UN, UNCTAD, UNESCO, UNIDO, UNISFA, UNITAR, UNMISS, UNOOSA, UNWTO, UPU, WADB (regional), WAEMU, WCO, WFTU (NGOs), WHO, WIPO, WMO, WTO",4% of GDP (2023 est.)2.9% of GDP (2022 est.)2.4% of GDP (2021 est.)2.4% of GDP (2020 est.)2.2% of GDP (2019 est.),"Mossi 53.7%, Fulani (Peuhl) 6.8%, Gurunsi 5.9%, Bissa 5.4%, Gurma 5.2%, Bobo 3.4%, Senufo 2.2%, Bissa 1.5%, Lobi 1.5%, Tuareg/Bella 0.1%, other 12.8%, foreign 0.7% (2021 est.)","Mossi 52.9%, Fula 7.8%, Gourmantche 6.8%, Dyula 5.7%, Bissa 3.3%, Gurunsi 3.2%, French (official) 2.2%, Bwamu 2%, Dagara 2%, San 1.7%, Marka 1.6%, Bobo 1.5%, Senufo 1.5%, Lobi 1.2%, other 6.6% (2019 est.)","Muslim 63.8%, Roman Catholic 20.1%, Animiste 9%, Protestant 6.2%, other 0.2%, none 0.7% (2019 est.)","47 deaths/1,000 live births (2024 est.)",64.2 years (2024 est.),2.4% (2024 est.)," Most of the population is located in the center and south. Nearly one-third of the population lives in cities. The capital and largest city is Ouagadougou (Ouaga), with a population of 1.8 million as shown in this population distribution map  (2019)",54.50%,37.8% (2021),18.7 years (2024 est.),"-0.6 migrant(s)/1,000 population (2024 est.)","36,372 (Mali) (2023)",$20.325 billion (2023 est.)note: data in current dollars at official exchange rate,"$2,500 (2023 est.)$2,500 (2022 est.)$2,500 (2021 est.)note: data in 2021 dollars","gold, manganese, zinc, limestone, marble, phosphates, pumice, salt",22%,"gold, cotton, oil seeds, coconuts/brazil nuts/cashews, cement (2023)note: top five export commodities based on value in dollars","Switzerland 72%, UAE 10%, India 3%, Mali 3%, Cote d'Ivoire 2% (2023)note: top five export partners based on percentage share of exports","refined petroleum, plastic products, cement, electricity, packaged medicine (2023)note: top five import commodities based on value in dollars","Cote d'Ivoire 14%, China 13%, Ghana 9%, Russia 9%, France 7% (2023)note: top five import partners based on percentage share of imports"
Burma,Union of Burma,Naypyidaw,"tropical monsoon; cloudy, rainy, hot, humid summers (southwest monsoon, June to September); less cloudy, scant rainfall, mild temperatures, lower humidity during winter (northeast monsoon, December to April)","central lowlands ringed by steep, rugged highlands","1,930 km","deforestation; industrial pollution of air, soil, and water; inadequate sanitation and water treatment contribute to disease; rapid depletion of the country's natural resources","Biodiversity, Climate Change, Climate Change-Kyoto Protocol, Climate Change-Paris Agreement, Comprehensive Nuclear Test Ban, Desertification, Endangered Species, Hazardous Wastes, Law of the Sea, Nuclear Test Ban, Ozone Layer Protection, Ship Pollution, Tropical Timber 2006, Wetlands","Southeastern Asia, bordering the Andaman Sea and the Bay of Bengal, between Bangladesh and Thailand",Southeast Asia,slightly smaller than Texas,military regime,4 January 1948 (from the UK),"ADB, ARF, ASEAN, BIMSTEC, CP, EAS, EITI (candidate country), FAO, G-77, IAEA, IBRD, ICAO, ICRM, IDA, IFAD, IFC, IFRCS, IHO, ILO, IMF, IMO, Interpol, IOC, IOM, IPU, ISO (correspondent), ITU, ITUC (NGOs), NAM, OPCW (signatory), SAARC (observer), UN, UNCTAD, UNESCO, UNIDO, UNWTO, UPU, WCO, WHO, WIPO, WMO, WTO",3.9% of GDP (2023 est.)3.6% of GDP (2022 est.)3.5% of GDP (2021 est.)3% of GDP (2020 est.)4.1% of GDP (2019 est.),"Burman (Bamar) 68%, Shan 9%, Karen 7%, Rakhine 4%, Chinese 3%, Indian 2%, Mon 2%, other 5%",Burmese (official),"Buddhist 87.9%, Christian 6.2%, Muslim 4.3%, Animist 0.8%, Hindu 0.5%, other 0.2%, none 0.1% (2014 est.)","32.1 deaths/1,000 live births (2024 est.)",70.3 years (2024 est.),0.71% (2024 est.),population concentrated along coastal areas and in general proximity to the shores of the Irrawaddy River; the extreme north is relatively underpopulated,92.40%,86.3% (2019),30.8 years (2024 est.),"-1.4 migrant(s)/1,000 population (2024 est.)",,$66.758 billion (2023 est.)note: data in current dollars at official exchange rate,"$5,400 (2023 est.)$5,400 (2022 est.)$5,200 (2021 est.)note: data in 2021 dollars","petroleum, timber, tin, antimony, zinc, copper, tungsten, lead, coal, marble, limestone, precious stones, natural gas, hydropower, arable land",16.50%,"garments, natural gas, dried legumes, rare-earth metal compounds, precious stones (2023)note: top five export commodities based on value in dollars","China 32%, Thailand 16%, Japan 7%, Germany 6%, India 5% (2023)note: top five export partners based on percentage share of exports","refined petroleum, synthetic fabric, fertilizers, crude petroleum, fabric (2023)note: top five import commodities based on value in dollars","China 40%, Thailand 18%, Singapore 15%, Indonesia 4%, Malaysia 4% (2023)note: top five import partners based on percentage share of imports"
Burundi,Republic of Burundi,Gitega,"equatorial; high plateau with considerable altitude variation (772 m to 2,670 m above sea level); average annual temperature varies with altitude from 23 to 17 degrees Celsius but is generally moderate; average annual rainfall is about 150 cm with two wet seasons (February to May and September to November) and two dry seasons (June to August and December to January)","hilly and mountainous, dropping to a plateau in east, some plains",0 km (landlocked),soil erosion as a result of overgrazing and the expansion of agriculture into marginal lands; deforestation (little forested land remains because of uncontrolled cutting of trees for fuel); habitat loss threatens wildlife populations,"Biodiversity, Climate Change, Climate Change-Kyoto Protocol, Climate Change-Paris Agreement, Comprehensive Nuclear Test Ban, Desertification, Endangered Species, Hazardous Wastes, Ozone Layer Protection, Wetlands","Central Africa, east of the Democratic Republic of the Congo, west of Tanzania",Africa,slightly smaller than Maryland,presidential republic,1 July 1962 (from UN trusteeship under Belgian administration),"ACP, AfDB, ATMIS, AU, CEMAC, CEPGL, CICA, COMESA, EAC, FAO, G-77, IBRD, ICAO, ICGLR, ICRM, IDA, IFAD, IFC, IFRCS, ILO, IMF, Interpol, IOC, IOM, IPU, ISO (correspondent), ITU, ITUC (NGOs), MIGA, NAM, OIF, OPCW, UN, UNCTAD, UNESCO, UNHRC, UNIDO, UNISFA, UNMISS, UNWTO, UPU, WCO, WHO, WIPO, WMO, WTO",3.7% of GDP (2023 est.)2.8% of GDP (2022 est.)2% of GDP (2021 est.)2.1% of GDP (2020 est.)3% of GDP (2019 est.),"Hutu, Tutsi, Twa, South Asian","Kirundi (official), French (official), English (official, least spoken), Swahili (2008 est.)","Christian 93.9% (Roman Catholic 58.6%, Protestant 35.3% [includes Adventist 2.7% and other Protestant religions 32.6%]), Muslim 3.4%, other 1.3%, none 1.3% (2016-17 est.)","35.7 deaths/1,000 live births (2024 est.)",68.1 years (2024 est.),2.81% (2024 est.),one of Africa's most densely populated countries; concentrations tend to be in the north and along the northern shore of Lake Tanganyika in the west; most people live on farms near areas of fertile volcanic soil as shown in this population distribution map,81.30%,68.4% (2021),18.4 years (2024 est.),"-0.7 migrant(s)/1,000 population (2024 est.)","87,157 (Democratic Republic of the Congo) (refugees and asylum seekers) (2024)",$2.642 billion (2023 est.)note: data in current dollars at official exchange rate,$800 (2023 est.)$800 (2022 est.)$800 (2021 est.)note: data in 2021 dollars,"nickel, uranium, rare earth oxides, peat, cobalt, copper, platinum, vanadium, arable land, hydropower, niobium, tantalum, gold, tin, tungsten, kaolin, limestone",38.90%,"gold, coffee, tea, tin ores, iron bars (2023)note: top five export commodities based on value in dollars","UAE 59%, Uganda 8%, China 5%, Germany 5%, USA 3% (2023)note: top five export partners based on percentage share of exports","fertilizers, cement, packaged medicine, plastic products, cars (2023)note: top five import commodities based on value in dollars","Tanzania 26%, China 15%, Uganda 10%, Kenya 10%, India 6% (2023)note: top five import partners based on percentage share of imports"
Cabo Verde,Republic of Cabo Verde,Praia,"temperate; warm, dry summer; precipitation meager and erratic","steep, rugged, rocky, volcanic",965 km,"deforestation due to demand for firewood; water shortages; prolonged droughts and improper use of land (overgrazing, crop cultivation on hillsides lead to desertification and erosion); environmental damage has threatened several species of birds and reptiles; illegal beach sand extraction; overfishing","Biodiversity, Climate Change, Climate Change-Kyoto Protocol, Climate Change-Paris Agreement, Comprehensive Nuclear Test Ban, Desertification, Endangered Species, Environmental Modification, Hazardous Wastes, Law of the Sea, Marine Dumping-London Convention, Nuclear Test Ban, Ozone Layer Protection, Ship Pollution, Wetlands","Western Africa, group of islands in the North Atlantic Ocean, west of Senegal",Africa,slightly larger than Rhode Island,parliamentary republic,5 July 1975 (from Portugal),"ACP, AfDB, AOSIS, AU, CD, CPLP, ECOWAS, FAO, G-77, IAEA, IBRD, ICAO, ICCt (signatory), ICRM, IDA, IFAD, IFC, IFRCS, ILO, IMF, IMO, Interpol, IOC, IOM, IPU, ITSO, ITU, ITUC (NGOs), MIGA, NAM, OIF, OPCW, UN, UNCTAD, UNESCO, UNIDO, Union Latina, UNWTO, UPU, WCO, WHO, WIPO, WMO, WTO",0.6% of GDP (2023 est.)0.5% of GDP (2022 est.)0.5% of GDP (2021 est.)0.5% of GDP (2020 est.)0.5% of GDP (2019 est.),"Creole (Mulatto) 71%, African 28%, European 1%","Portuguese (official), Crioulo (a Portuguese-based creole language with two main dialects)","Roman Catholic 72.5%, Protestant 4% (includes Adventist 1.9%, Nazarene 1.8%, Assembly of God 0.2%, God is Love 0.1%), Christian Rationalism 1.7%, Muslim 1.3%, Jehovah's Witness 1.2%, Church of Jesus Christ 1%, other Christian 1.3%, other 1.2%, none 15.6%, no response 0.4% (2021 est.)","22.4 deaths/1,000 live births (2024 est.)",74.3 years (2024 est.),1.16% (2024 est.),"among the nine inhabited islands, population distribution is variable; islands in the east are very dry and are only sparsely settled to exploit their extensive salt deposits; the more southerly islands receive more precipitation and support larger populations, but agriculture and livestock grazing have damaged the soil fertility and vegetation; approximately half of the population lives on Sao Tiago Island, which is the location of the capital of Praia; Mindelo, on the northern island of Sao Vicente, also has a large urban population as shown in this population distribution map",94.20%,87.4% (2021),28.8 years (2024 est.),"-0.6 migrant(s)/1,000 population (2024 est.)",,$2.534 billion (2023 est.)note: data in current dollars at official exchange rate,"$9,300 (2023 est.)$8,900 (2022 est.)$7,700 (2021 est.)note: data in 2021 dollars","salt, basalt rock, limestone, kaolin, fish, clay, gypsum",11.70%,"fish, refined petroleum, railway cargo containers, shellfish, garments (2023)note: top five export commodities based on value in dollars","Spain 46%, Portugal 9%, Togo 7%, Italy 7%, India 6% (2023)note: top five export partners based on percentage share of exports","refined petroleum, aircraft, cars, fish, railway cargo containers (2023)note: top five import commodities based on value in dollars","Portugal 29%, Saudi Arabia 11%, Netherlands 9%, Spain 8%, China 7% (2023)note: top five import partners based on percentage share of imports"
Cambodia,Kingdom of Cambodia,Phnom Penh,"tropical; rainy, monsoon season (May to November); dry season (December to April); little seasonal temperature variation","mostly low, flat plains; mountains in southwest and north",443 km,"illegal logging activities throughout the country and strip mining for gems in the western region along the border with Thailand have resulted in habitat loss and declining biodiversity (in particular, destruction of mangrove swamps threatens natural fisheries); soil erosion; in rural areas, most of the population does not have access to potable water; declining fish stocks because of illegal fishing and overfishing; coastal ecosystems choked by sediment washed loose from deforested areas inland","Biodiversity, Climate Change, Climate Change-Kyoto Protocol, Climate Change-Paris Agreement, Comprehensive Nuclear Test Ban, Desertification, Endangered Species, Hazardous Wastes, Marine Life Conservation, Ozone Layer Protection, Ship Pollution, Tropical Timber 2006, Wetlands, Whaling","Southeastern Asia, bordering the Gulf of Thailand, between Thailand, Vietnam, and Laos",Southeast Asia,one and a half times the size of Pennsylvania; slightly smaller than Oklahoma,parliamentary constitutional monarchy,9 November 1953 (from France),"ADB, ARF, ASEAN, CICA, EAS, FAO, G-77, IAEA, IBRD, ICAO, ICRM, IDA, IFAD, IFC, IFRCS, ILO, IMF, IMO, Interpol, IOC, IOM, IPU, ISO (correspondent), ITU, MIGA, NAM, OIF, OPCW, PCA, UN, UNAMID, UNCTAD, UNESCO, UNIDO, UNIFIL, UNISFA, UNMISS, UNWTO, UPU, WCO, WFTU (NGOs), WHO, WIPO, WMO, WTO",2.1% of GDP (2022 est.)2.3% of GDP (2021 est.)2.3% of GDP (2020 est.)2.2% of GDP (2019 est.)2.2% of GDP (2018 est.),"Khmer 95.4%, Cham 2.4%, Chinese 1.5%, other 0.7% (2019-20 est.)","Khmer (official) 95.8%, minority languages 2.9%, Chinese 0.6%, Vietnamese 0.5%, other 0.2% (2019 est.)","Buddhist (official) 97.1%, Muslim 2%, Christian 0.3%, other 0.5% (2019 est.)","27.9 deaths/1,000 live births (2024 est.)",71.4 years (2024 est.),0.99% (2024 est.),"population concentrated in the southeast, particularly in and around the capital of Phnom Penh; further distribution is linked closely to the Tonle Sap and Mekong Rivers",88.40%,79.8% (2021),27.9 years (2024 est.),"-2.6 migrant(s)/1,000 population (2024 est.)",,$42.336 billion (2023 est.)note: data in current dollars at official exchange rate,"$6,700 (2023 est.)$6,500 (2022 est.)$6,200 (2021 est.)note: data in 2021 dollars","oil and gas, timber, gemstones, iron ore, manganese, phosphates, hydropower potential, arable land",22.70%,"garments, semiconductors, trunks and cases, footwear, gold (2023)note: top five export commodities based on value in dollars","USA 36%, Germany 6%, China 6%, Japan 6%, Thailand 5% (2023)note: top five export partners based on percentage share of exports","refined petroleum, fabric, gold, plastic products, synthetic fabric (2023)note: top five import commodities based on value in dollars","China 39%, Thailand 20%, Vietnam 12%, Singapore 6%, Indonesia 3% (2023)note: top five import partners based on percentage share of imports"
Cameroon,Republic of Cameroon,Yaounde,"varies with terrain, from tropical along coast to semiarid and hot in north","diverse, with coastal plain in southwest, dissected plateau in center, mountains in west, plains in north",402 km,"waterborne diseases are prevalent; deforestation and overgrazing result in erosion, desertification, and reduced quality of pastureland; poaching; overfishing; overhunting","Biodiversity, Climate Change, Climate Change-Kyoto Protocol, Climate Change-Paris Agreement, Comprehensive Nuclear Test Ban, Desertification, Endangered Species, Environmental Modification, Hazardous Wastes, Law of the Sea, Ozone Layer Protection, Ship Pollution, Tropical Timber 2006, Wetlands, Whaling","Central Africa, bordering the Bight of Biafra, between Equatorial Guinea and Nigeria",Africa,slightly larger than California; about four times the size of Pennsylvania,presidential republic,1 January 1960 (from French-administered UN trusteeship),"ACP, AfDB, AU, BDEAC, C, CEMAC, EITI (compliant country), FAO, FZ, G-77, IAEA, IBRD, ICAO, ICRM, IDA, IDB, IFAD, IFC, IFRCS, IHO, ILO, IMF, IMO, IMSO, Interpol, IOC, IOM, IPU, ISO, ITSO, ITU, ITUC (NGOs), LCBC, MIGA, MNJTF, MONUSCO, NAM, OIC, OIF, OPCW, PCA, UN, UNCTAD, UNESCO, UNHRC, UNIDO, UNMISS, UNWTO, UPU, WCO, WFTU (NGOs), WHO, WIPO, WMO, WTO",1% of GDP (2023 est.)1% of GDP (2022 est.)1% of GDP (2021 est.)1% of GDP (2020 est.)1.4% of GDP (2019 est.),"Bamileke-Bamu 22.2%, Biu-Mandara 16.4%, Arab-Choa/Hausa/Kanuri 13.5%, Beti/Bassa, Mbam 13.1%, Grassfields 9.9%, Adamawa-Ubangi, 9.8%, Cotier/Ngoe/Oroko 4.6%, Southwestern Bantu 4.3%, Kako/Meka 2.3%, foreign/other ethnic group 3.8% (2022 est.)","24 major African language groups, English (official), French (official)","Roman Catholic 33.1%, Muslim 30.6%, Protestant 27.1% other Christian 6.1%, animist 1.3%, other 0.7%, none 1.2% (2022 est.)","46.1 deaths/1,000 live births (2024 est.)",64.2 years (2024 est.),2.71% (2024 est.),"population concentrated in the west and north, with the interior of the country sparsely populated as shown in this population distribution map",82.60%,71.6% (2018),18.9 years (2024 est.),"-0.3 migrant(s)/1,000 population (2024 est.)","354,725 (Central African Republic), 121,172 (Nigeria) (2024)",$49.279 billion (2023 est.)note: data in current dollars at official exchange rate,"$4,900 (2023 est.)$4,800 (2022 est.)$4,800 (2021 est.)note: data in 2021 dollars","petroleum, bauxite, iron ore, timber, hydropower",13.10%,"crude petroleum, natural gas, gold, cocoa beans, wood (2023)note: top five export commodities based on value in dollars","Netherlands 21%, France 14%, UAE 13%, India 9%, China 8% (2023)note: top five export partners based on percentage share of exports","garments, refined petroleum, plastic products, wheat, rice (2023)note: top five import commodities based on value in dollars","China 43%, France 6%, India 6%, Belgium 4%, UAE 4% (2023)note: top five import partners based on percentage share of imports"
Canada,none,Ottawa,varies from temperate in south to subarctic and arctic in north,"mostly plains with mountains in west, lowlands in southeast","202,080 km","metal smelting, coal-burning utilities, and vehicle emissions impacting agricultural and forest productivity; air pollution and resulting acid rain severely affecting lakes and damaging forests; ocean waters becoming contaminated due to agricultural, industrial, mining, and forestry activities","Air Pollution, Air Pollution-Heavy Metals, Air Pollution-Multi-effect Protocol, Air Pollution-Nitrogen Oxides, Air Pollution-Persistent Organic Pollutants, Air Pollution-Sulphur 85, Air Pollution-Sulphur 94, Antarctic-Environmental Protection, Antarctic-Marine Living Resources, Antarctic Treaty, Biodiversity, Climate Change, Climate Change-Paris Agreement, Comprehensive Nuclear Test Ban, Desertification, Endangered Species, Environmental Modification, Hazardous Wastes, Law of the Sea, Marine Dumping-London Convention, Marine Dumping-London Protocol, Nuclear Test Ban, Ozone Layer Protection, Ship Pollution, Wetlands","Northern North America, bordering the North Atlantic Ocean on the east, North Pacific Ocean on the west, and the Arctic Ocean on the north, north of the conterminous US",North America,slightly larger than the US,federal parliamentary democracy (Parliament of Canada) under a constitutional monarchy; a Commonwealth realm; federal and state authorities and responsibilities regulated in constitution,1 July 1867 (union of British North American colonies); 11 December 1931 (recognized by UK per Statute of Westminster),"ADB (nonregional member), AfDB (nonregional member), APEC, Arctic Council, ARF, ASEAN (dialogue partner), Australia Group, BIS, C, CD, CDB, CE (observer), EAPC, EBRD, EITI (implementing country), FAO, FATF, G-7, G-8, G-10, G-20, IADB, IAEA, IBRD, ICAO, ICC (national committees), ICCt, ICRM, IDA, IEA, IFAD, IFC, IFRCS, IGAD (partners), IHO, ILO, IMF, IMO, IMSO, Interpol, IOC, IOM, IPU, ISO, ITSO, ITU, ITUC (NGOs), MIGA, MINUSTAH, MONUSCO, NAFTA, NATO, NEA, NSG, OAS, OECD, OIF, OPCW, OSCE, Pacific Alliance (observer), Paris Club, PCA, PIF (partner), UN, UNCTAD, UNESCO, UNFICYP, UNHCR, UNMISS, UNRWA, UNTSO, UPU, USMCA, Wassenaar Arrangement, WCO, WFTU (NGOs), WHO, WIPO, WMO, WTO, ZC",1.4% of GDP (2024)1.3% of GDP (2023)1.2% of GDP (2022)1.3% of GDP (2021)1.4% of GDP (2020),"Canadian 15.6%, English 14.7%, Scottish 12.1%, French 11%, Irish 12.1%, German 8.1%, Chinese 4.7%, Italian 4.3%, First Nations 1.7%, Indian 3.7%, Ukrainian 3.5%, Metis 1.5% (2021 est.)","English (official) 87.1%, French (official) 29.1%, Chinese languages 4.2%, Spanish 3.2%, Punjabi 2.6%, Arabic 2.4%, Tagalog 2.3%, Italian 1.5% (2022 est.)","Christian 53.3%, Muslim 4.9%, Hindu 2.3%, Sikh 2.1%, Buddhist 1%, Jewish 0.9%, Traditional (North American Indigenous) 0.2%, other religions and traditional spirituality 0.6%, none 34.6% (2021 est.)","4.3 deaths/1,000 live births (2024 est.)",84.2 years (2024 est.),0.71% (2024 est.),"vast majority of Canadians are positioned in a discontinuous band within approximately 300 km of the southern border with the United States; the most populated province is Ontario, followed by Quebec and British Columbia",,,42.6 years (2024 est.),"5.3 migrant(s)/1,000 population (2024 est.)","22,400 (Venezuela) (refugees and migrants) (2020); 5,254 (Iran) (mid-year 2021)",$2.142 trillion (2023 est.)note: data in current dollars at official exchange rate,"$55,900 (2023 est.)$56,900 (2022 est.)$55,800 (2021 est.)note: data in 2021 dollars","bauxite, iron ore, nickel, zinc, copper, gold, lead, uranium, rare earth elements, molybdenum, potash, diamonds, silver, fish, timber, wildlife, coal, petroleum, natural gas, hydropower",4.70%,"crude petroleum, cars, gold, natural gas, refined petroleum (2023)note: top five export commodities based on value in dollars","USA 71%, China 5%, UK 3%, Japan 2%, Mexico 2% (2023)note: top five export partners based on percentage share of exports","cars, trucks, vehicle parts/accessories, refined petroleum, crude petroleum (2023)note: top five import commodities based on value in dollars","USA 51%, China 11%, Mexico 6%, Germany 3%, Japan 3% (2023)note: top five import partners based on percentage share of imports"
Central African Republic,Central African Republic,Bangui,"tropical; hot, dry winters; mild to hot, wet summers","vast, flat to rolling plateau; scattered hills in northeast and southwest",0 km (landlocked),water pollution; tap water is not potable; poaching and mismanagement have diminished the country's reputation as one of the last great wildlife refuges; desertification; deforestation; soil erosion,"Biodiversity, Climate Change, Climate Change-Kyoto Protocol, Climate Change-Paris Agreement, Comprehensive Nuclear Test Ban, Desertification, Endangered Species, Hazardous Wastes, Nuclear Test Ban, Ozone Layer Protection, Tropical Timber 2006, Wetlands","Central Africa, north of Democratic Republic of the Congo",Africa,slightly smaller than Texas; about four times the size of Georgia,presidential republic,13 August 1960 (from France),"ACP, AfDB, AU, BDEAC, CEMAC, EITI (compliant country) (suspended), FAO, FZ, G-77, IAEA, IBRD, ICAO, ICCt, ICRM, IDA, IFAD, IFC, IFRCS, ILO, IMF, Interpol, IOC, IOM, ITSO, ITU, ITUC (NGOs), LCBC, MIGA, NAM, OIC (observer), OIF, OPCW, UN, UNCTAD, UNESCO, UNIDO, UNWTO, UPU, WCO, WHO, WIPO, WMO, WTO",1.8% of GDP (2023 est.)1.7% of GDP (2022 est.)1.8% of GDP (2021 est.)1.8% of GDP (2020 est.)1.7% of GDP (2019 est.),"Baya 28.8%, Banda 22.9%, Mandjia 9.9%, Sara 7.9%, M'Baka-Bantu 7.9%, Arab-Fulani (Peuhl) 6%, Mbum 6%, Ngbanki 5.5%, Zande-Nzakara 3%, other Central African Republic ethnic groups 2%, non-Central African Republic ethnic groups .1% (2003 est.)","French (official), Sangho (lingua franca and national language), tribal languages","Roman Catholic 34.6%, Protestant 15.7%, other Christian 22.9%, Muslim 13.8%, ethnic religionist 12%, Baha'i 0.2%, agnostic/atheist 0.7% (2020 est.)","80.5 deaths/1,000 live births (2024 est.)",56.4 years (2024 est.),1.76% (2024 est.),"majority of residents live in the western and central areas of the country, especially in and around the capital of Bangui as shown in this population distribution map",49.20%,26.2% (2020),20.4 years (2024 est.),"-3.1 migrant(s)/1,000 population (2024 est.)","28,217 (Sudan) (refugees since 15 April 2023), 6,707 (Democratic Republic of the Congo) (2024)",$2.555 billion (2023 est.)note: data in current dollars at official exchange rate,"$1,100 (2023 est.)$1,100 (2022 est.)$1,100 (2021 est.)note: data in 2021 dollars","diamonds, uranium, timber, gold, oil, hydropower",2.90%,"gold, wood, diamonds, vehicle parts/accessories, cotton (2023)note: top five export commodities based on value in dollars","UAE 54%, China 14%, France 6%, Turkey 5%, Belgium 4% (2023)note: top five export partners based on percentage share of exports","refined petroleum, cars, packaged medicine, vaccines, tanks and armored vehicles (2023)note: top five import commodities based on value in dollars","China 16%, Cameroon 14%, France 8%, Belgium 6%, Cote d'Ivoire 5% (2023)note: top five import partners based on percentage share of imports"
Chad,Republic of Chad,N'Djamena,"tropical in south, desert in north","broad, arid plains in center, desert in north, mountains in northwest, lowlands in south",0 km (landlocked),inadequate supplies of potable water; improper waste disposal in rural areas and poor farming practices contribute to soil and water pollution; desertification,"Biodiversity, Climate Change, Climate Change-Kyoto Protocol, Climate Change-Paris Agreement, Comprehensive Nuclear Test Ban, Desertification, Endangered Species, Hazardous Wastes, Law of the Sea, Nuclear Test Ban, Ozone Layer Protection, Wetlands","Central Africa, south of Libya",Africa,almost nine times the size of New York state; slightly more than three times the size of California,presidential republic,11 August 1960 (from France),"ACP, AfDB, AU, BDEAC, CEMAC, EITI (compliant country), FAO, FZ, G-77, IAEA, IBRD, ICAO, ICCt, ICRM, IDA, IDB, IFAD, IFC, IFRCS, ILO, IMF, Interpol, IOC, IOM, IPU, ITSO, ITU, ITUC (NGOs), LCBC, MIGA, MNJTF, NAM, OIC, OIF, OPCW, UN, UNCTAD, UNESCO, UNIDO, UNOCI, UNOOSA, UNWTO, UPU, WCO, WHO, WIPO, WMO, WTO",2.9% of GDP (2023 est.)2.6% of GDP (2022 est.)2.5% of GDP (2021 est.)2.9% of GDP (2020 est.)2% of GDP (2019 est.),"Sara (Ngambaye/Sara/Madjingaye/Mbaye) 30.5%, Kanembu/Bornu/Buduma 9.8%, Arab 9.7%, Wadai/Maba/Masalit/Mimi 7%, Gorane 5.8%, Masa/Musseye/Musgum 4.9%, Bulala/Medogo/Kuka 3.7%, Marba/Lele/Mesme 3.5%, Mundang 2.7%, Bidiyo/Migaama/Kenga/Dangleat 2.5%, Dadjo/Kibet/Muro 2.4%, Tupuri/Kera 2%, Gabri/Kabalaye/Nanchere/Somrai 2%, Fulani/Fulbe/Bodore 1.8%, Karo/Zime/Peve 1.3%, Baguirmi/Barma 1.2%, Zaghawa/Bideyat/Kobe 1.1%, Tama/Assongori/Mararit 1.1%, Mesmedje/Massalat/Kadjakse 0.8%, other  4.6%, unspecified 1.7% (2014-15 est.)","French (official), Arabic (official), Sara (in south), more than 120 languages and dialects","Muslim 52.1%, Protestant 23.9%, Roman Catholic 20%, animist 0.3%, other Christian 0.2%, none 2.8%, unspecified 0.7% (2014-15 est.)","62.5 deaths/1,000 live births (2024 est.)",60 years (2024 est.),3.01% (2024 est.),"the population is unevenly distributed due to contrasts in climate and physical geography; the highest density is found in the southwest, particularly around Lake Chad and points south; the dry Saharan zone to the north is the least densely populated as shown in this population distribution map",35.40%,18.2% (2021),16.7 years (2024 est.),"-0.1 migrant(s)/1,000 population (2024 est.)","694,569 (Sudan) (includes refugees since 15 April 2023), 26,692 (Cameroon) (2023); 134,015 (Central African Republic), 21,381 (Nigeria) (2024)",$13.149 billion (2023 est.)note: data in current dollars at official exchange rate,"$1,700 (2023 est.)$1,700 (2022 est.)$1,700 (2021 est.)note: data in 2021 dollars","petroleum, uranium, natron, kaolin, fish (Lake Chad), gold, limestone, sand and gravel, salt",3.90%,"crude petroleum, gold, oil seeds, gum resins, cotton (2023)note: top five export commodities based on value in dollars","UAE 26%, China 19%, Germany 17%, Netherlands 13%, France 10% (2023)note: top five export partners based on percentage share of exports","jewelry, broadcasting equipment, packaged medicine, cars, refined petroleum (2023)","China 28%, UAE 23%, Turkey 10%, France 9%, India 5% (2023)note: top five import partners based on percentage share of imports"
Chile,Republic of Chile,Santiago,temperate; desert in north; Mediterranean in central region; cool and damp in south,"low coastal mountains, fertile central valley, rugged Andes in east","6,435 km",air pollution from industrial and vehicle emissions; water pollution from raw sewage; noise pollution; improper garbage disposal; soil degradation; widespread deforestation and mining threaten the environment; wildlife conservation,"Antarctic-Environmental Protection, Antarctic-Marine Living Resources, Antarctic Seals, Antarctic Treaty, Biodiversity, Climate Change, Climate Change-Kyoto Protocol, Climate Change-Paris Agreement, Comprehensive Nuclear Test Ban, Desertification, Endangered Species, Environmental Modification, Hazardous Wastes, Law of the Sea, Marine Dumping-London Convention, Marine Dumping-London Protocol, Nuclear Test Ban, Ozone Layer Protection, Ship Pollution, Wetlands, Whaling","Southern South America, bordering the South Pacific Ocean, between Argentina and Peru",South America,slightly smaller than twice the size of Montana,presidential republic,18 September 1810 (from Spain),"APEC, BIS, CAN (associate), CD, CELAC, FAO, G-15, G-77, IADB, IAEA, IBRD, ICAO, ICC (national committees), ICCt, ICRM, IDA, IFAD, IFC, IFRCS, IHO, ILO, IMF, IMO, IMSO, Interpol, IOC, IOM, IPU, ISO, ITSO, ITU, ITUC (NGOs), LAES, LAIA, Mercosur (associate), MIGA, MINUSTAH, NAM, OAS, OECD (enhanced engagement), OPANAL, OPCW, Pacific Alliance, PCA, PROSUR, SICA (observer), UN, UNASUR, UNCTAD, UNESCO, UNFICYP, UNHCR, UNIDO, Union Latina, UNMOGIP, UNTSO, UNWTO, UPU, WCO, WFTU (NGOs), WHO, WIPO, WMO, WTO",1.5% of GDP (2023 est.)1.6% of GDP (2022 est.)2% of GDP (2021 est.)2% of GDP (2020 est.)1.9% of GDP (2019 est.),"White and non-Indigenous 88.9%, Mapuche 9.1%, Aymara 0.7%, other Indigenous groups 1% (includes Rapa Nui, Likan Antai, Quechua, Colla, Diaguita, Kawesqar, Yagan or Yamana), unspecified 0.3% (2012 est.)","Spanish 99.5% (official), English 10.2%, Indigenous 1% (includes Mapudungun, Aymara, Quechua, Rapa Nui), other 2.3%, unspecified 0.2%  (2012 est.)","Roman Catholic 42%, Evangelical 14%, other 6%, none 37% (2021 est.)","6.3 deaths/1,000 live births (2024 est.)",80.3 years (2024 est.),0.61% (2024 est.),90% of the population is located in the middle third of the country around the capital of Santiago; the far north (anchored by the Atacama Desert) and the extreme south are relatively underpopulated,97.10%,97% (2021),36.9 years (2024 est.),"0.3 migrant(s)/1,000 population (2024 est.)","444,423 (Venezuela) (economic and political crisis; includes Venezuelans who have claimed asylum or have received alternative legal stay) (2023)",$335.533 billion (2023 est.)note: data in current dollars at official exchange rate,"$29,500 (2023 est.)$29,600 (2022 est.)$29,100 (2021 est.)note: data in 2021 dollars","copper, timber, iron ore, nitrates, precious metals, molybdenum, hydropower",1.70%,"copper ore, refined copper, fish, carbonates, pitted fruits (2023)note: top five export commodities based on value in dollars","China 39%, USA 16%, Japan 7%, S. Korea 6%, Brazil 4% (2023)note: top five export partners based on percentage share of exports","refined petroleum, crude petroleum, cars, garments, trucks (2023)note: top five import commodities based on value in dollars","China 23%, USA 20%, Brazil 10%, Argentina 7%, Germany 5% (2023)note: top five import partners based on percentage share of imports"
China,People's Republic of China,Beijing,extremely diverse; tropical in south to subarctic in north,"mostly mountains, high plateaus, deserts in west; plains, deltas, and hills in east","14,500 km","air pollution (greenhouse gases, sulfur dioxide particulates) from reliance on coal produces acid rain; China is the world's largest single emitter of carbon dioxide from the burning of fossil fuels; water shortages, particularly in the north; water pollution from untreated wastes; coastal destruction due to land reclamation, industrial development, and aquaculture; deforestation and habitat destruction; poor land management leads to soil erosion, landslides, floods, droughts, dust storms, and desertification; trade in endangered species","Antarctic-Environmental Protection, Antarctic-Marine Living Resources, Antarctic Treaty, Biodiversity, Climate Change, Climate Change-Kyoto Protocol, Climate Change-Paris Agreement, Desertification, Endangered Species, Environmental Modification, Hazardous Wastes, Law of the Sea, Marine Dumping-London Convention, Marine Dumping-London Protocol, Ozone Layer Protection, Ship Pollution, Tropical Timber 2006, Wetlands, Whaling","Eastern Asia, bordering the East China Sea, Korea Bay, Yellow Sea, and South China Sea, between North Korea and Vietnam",Asia,slightly smaller than the US,communist party-led state,1 October 1949 (People's Republic of China established); notable earlier dates: 221 B.C. (unification under the Qin Dynasty); 1 January 1912 (Qing Dynasty replaced by the Republic of China),"ADB, AfDB (nonregional member), APEC, Arctic Council (observer), ARF, ASEAN (dialogue partner), BIS, BRICS, CDB, CICA, EAS, FAO, FATF, G-20, G-24 (observer), G-5, G-77, IADB, IAEA, IBRD, ICAO, ICC (national committees), ICRM, IDA, IFAD, IFC, IFRCS, IHO, ILO, IMF, IMO, IMSO, Interpol, IOC, IOM (observer), IPU, ISO, ITSO, ITU, LAIA (observer), MIGA, MINURSO, MONUSCO, NAM (observer), NSG, OAS (observer), OPCW, Pacific Alliance (observer), PCA, PIF (partner), SAARC (observer), SCO, SICA (observer), UN, UNAMID, UNCTAD, UNESCO, UNFICYP, UNHCR, UNHRC, UNIDO, UNIFIL, UNISFA, UNMIL, UNMISS, UNOCI, UNOOSA, UN Security Council (permanent), UNTSO, UNWTO, UPU, WCO, WHO, WIPO, WMO, WTO, ZC",1.5% of GDP (2023 est.)1.5% of GDP (2022 est.)1.5% of GDP (2021 est.)1.7% of GDP (2020 est.)1.7% of GDP (2019 est.),"Han Chinese 91.1%, ethnic minorities 8.9% (includes Zhang, Hui, Manchu, Uighur, Miao, Yi, Tujia, Tibetan, Mongol, Dong, Buyei, Yao, Bai, Korean, Hani, Li, Kazakh, Dai, and other nationalities) (2021 est.)","Standard Chinese or Mandarin (official; Putonghua, based on the Beijing dialect), Yue (Cantonese), Wu (Shanghainese), Minbei (Fuzhou), Minnan (Hokkien-Taiwanese), Xiang, Gan, Hakka dialects, minority languages; note - Zhuang is official in Guangxi Zhuang, Yue is official in Guangdong, Mongolian is official in Nei Mongol, Uyghur is official in Xinjiang Uygur, Kyrgyz is official in Xinjiang Uyghur, and Tibetan is official in Xizang (Tibet)","folk religion 21.9%, Buddhist 18.2%, Christian 5.1%, Muslim 1.8%, Hindu < 0.1%, Jewish < 0.1%, other 0.7% (includes Daoist (Taoist)), unaffiliated 52.1% (2021 est.)","6.2 deaths/1,000 live births (2024 est.)",78.7 years (2024 est.),0.23% (2024 est.),"overwhelming majority of the population is found in the eastern half of the country; the west, with its vast mountainous and desert areas, remains sparsely populated; though ranked first in the world in total population, overall density is less than that of many other countries in Asia and Europe; high population density is found along the Yangtze and Yellow River valleys, the Xi Jiang River delta, the Sichuan Basin (around Chengdu), in and around Beijing, and the industrial area around Shenyang",98.50%,95.2% (2018),40.2 years (2024 est.),"-0.1 migrant(s)/1,000 population (2024 est.)","303,107 (Vietnam), undetermined (North Korea) (mid-year 2021)",$17.795 trillion (2023 est.)note: data in current dollars at official exchange rate,"$22,100 (2023 est.)$21,000 (2022 est.)$20,400 (2021 est.)note: data in 2021 dollars","coal, iron ore, helium, petroleum, natural gas, arsenic, bismuth, cobalt, cadmium, ferrosilicon, gallium, germanium, hafnium, indium, lithium, mercury, tantalum, tellurium, tin, titanium, tungsten, antimony, manganese, magnesium, molybdenum, selenium, strontium, vanadium, magnetite, aluminum, lead, zinc, rare earth elements, uranium, hydropower potential (world's largest), arable land",11.30%,"broadcasting equipment, computers, integrated circuits, garments, machine parts (2023)note: top five export commodities based on value in dollars","USA 13%, Hong Kong 8%, Japan 5%, Germany 5%, S. Korea 4% (2023)note: top five export partners based on percentage share of exports","crude petroleum, integrated circuits, iron ore, gold, natural gas (2023)note: top five import commodities based on value in dollars","S. Korea 7%, USA 7%, Japan 6%, Australia 6%, Russia 6% (2023)note: top five import partners based on percentage share of imports"
Colombia,Republic of Colombia,Bogotá,tropical along coast and eastern plains; cooler in highlands,"flat coastal lowlands, central highlands, high Andes Mountains, eastern lowland plains (Llanos)","3,208 km (Caribbean Sea 1,760 km, North Pacific Ocean 1,448 km)","deforestation resulting from timber exploitation in the jungles of the Amazon and the region of Chocó; illicit drug crops grown by peasants in the national parks; soil erosion; soil and water quality damage from overuse of pesticides; air pollution, especially in Bogota, from vehicle emissions","Antarctic-Environmental Protection, Antarctic Treaty, Biodiversity, Climate Change, Climate Change-Kyoto Protocol, Climate Change-Paris Agreement, Comprehensive Nuclear Test Ban, Desertification, Endangered Species, Hazardous Wastes, Marine Life Conservation, Nuclear Test Ban, Ozone Layer Protection, Ship Pollution, Tropical Timber 2006, Wetlands, Whaling","Northern South America, bordering the Caribbean Sea, between Panama and Venezuela, and bordering the North Pacific Ocean, between Ecuador and Panama",South America,slightly less than twice the size of Texas,presidential republic,20 July 1810 (from Spain),"ACS, BCIE, BIS, CABEI, CAN, Caricom (observer), CD, CDB, CELAC, EITI (candidate country), FAO, G-3, G-24, G-77, IADB, IAEA, IBRD, ICAO, ICC (national committees), ICCt, ICRM, IDA, IFAD, IFC, IFRCS, IHO, ILO, IMF, IMO, IMSO, Interpol, IOC, IOM, IPU, ISO, ITSO, ITU, ITUC (NGOs), LAES, LAIA, Mercosur (associate), MIGA, NAM, OAS, OPANAL, OPCW, Pacific Alliance, PCA, PROSUR, UN, UNASUR, UNCTAD, UNESCO, UNHCR, UNIDO, Union Latina, UNOOSA, UNWTO, UPU, WCO, WFTU (NGOs), WHO, WIPO, WMO, WTO",2.9% of GDP (2023 est.)3% of GDP (2022 est.)3% of GDP (2021 est.)3% of GDP (2020 est.)3.1% of GDP (2019 est.),"Mestizo and White 87.6%, Afro-Colombian (includes Mulatto, Raizal, and Palenquero) 6.8%, Indigenous 4.3%, unspecified 1.4% (2018 est.)","Spanish (official) 98.9%, indigenous 1%, Portuguese 0.1%; 65 indigenous languages exist (2023 est.)","Roman Catholic 63.6%, Protestant 17.2% (Evangelical 16.7%, Adventist 0.3%, other Protestant 0.2%), Jehovah's Witness 0.6%, Church of Jesus Christ 0.1%, other 0.3%, believer, 0.2%. agnostic 1%, atheist 1%, none 14.2%, unspecified 1.8% (2023 est.)","11.7 deaths/1,000 live births (2024 est.)",74.9 years (2024 est.),0.48% (2024 est.),"the majority of people live in the north and west where agricultural opportunities and natural resources are found; the vast grasslands of the llanos to the south and east, which make up approximately 60% of the country, are sparsely populated",95.40%,95.9% (2020),32.7 years (2024 est.),"-2.1 migrant(s)/1,000 population (2024 est.)","2,875,743 (Venezuela) (economic and political crisis; includes Venezuelans who have claimed asylum, are recognized as refugees, or received alternative legal stay) (2023)",$363.494 billion (2023 est.)note: data in current dollars at official exchange rate,"$18,700 (2023 est.)$18,800 (2022 est.)$17,700 (2021 est.)note: data in 2021 dollars","petroleum, natural gas, coal, iron ore, nickel, gold, copper, emeralds, hydropower",1.40%,"crude petroleum, coal, gold, coffee, refined petroleum (2023)note: top five export commodities based on value in dollars","USA 27%, Panama 9%, India 5%, China 5%, Netherlands 4% (2023)note: top five export partners based on percentage share of exports","refined petroleum, cars, broadcasting equipment, aircraft, packaged medicine (2023)note: top five import commodities based on value in dollars","USA 26%, China 22%, Brazil 6%, Mexico 5%, Germany 4% (2023)note: top five import partners based on percentage share of imports"
Comoros,Union of the Comoros,Moroni,tropical marine; rainy season (November to May),"volcanic islands, interiors vary from steep mountains to low hills",340 km,deforestation; soil degradation and erosion results from forest loss and from crop cultivation on slopes without proper terracing; marine biodiversity affected as soil erosion leads to the silting of coral reefs,"Biodiversity, Climate Change, Climate Change-Kyoto Protocol, Climate Change-Paris Agreement, Comprehensive Nuclear Test Ban, Desertification, Endangered Species, Hazardous Wastes, Law of the Sea, Ozone Layer Protection, Ship Pollution, Wetlands","Southern Africa, group of islands at the northern mouth of the Mozambique Channel, about two-thirds of the way between northern Madagascar and northern Mozambique",Africa,"slightly more than 12 times the size of Washington, DC",federal presidential republic,6 July 1975 (from France),"ACP, AfDB, AMF, AOSIS, AU, CAEU (candidates), COMESA, FAO, FZ, G-77, IBRD, ICAO, ICCt, ICRM, IDA, IDB, IFAD, IFC, IFRCS, ILO, IMF, IMO, IMSO, InOC, Interpol, IOC, IOM, ITSO, ITU, ITUC (NGOs), LAS, MIGA, NAM, OIC, OIF, OPCW, UN, UNCTAD, UNESCO, UNIDO, UPU, WCO, WHO, WIPO, WMO, WTO (observer)",,"Antalote, Cafre, Makoa, Oimatsaha, Sakalava","Arabic (official), French (official), Shikomoro (official; similar to Swahili), Comorian","Muslim 98.1% (overwhelmingly Sunni Muslim, small Shia Muslim and Ahmadiyya Muslim populations), ethnic religionist 1.1%, Christian 0.6%, other 0.3% (2020 est.)","54.9 deaths/1,000 live births (2024 est.)",67.8 years (2024 est.),1.3% (2024 est.),"the capital city of Maroni, located on the western side of the island of Grande Comore, is the country's largest city; however, of the three islands that comprise Comoros, it is Anjouan that is the most densely populated as shown in this population distribution map",67%,56.9% (2021),22.7 years (2024 est.),"-2.2 migrant(s)/1,000 population (2024 est.)",,$1.352 billion (2023 est.)note: data in current dollars at official exchange rate,"$3,500 (2023 est.)$3,500 (2022 est.)$3,400 (2021 est.)note: data in 2021 dollars",fish,46.70%,"cloves, ships, essential oils, vanilla, scrap iron (2023)note: top five export commodities based on value in dollars","Indonesia 25%, India 23%, Turkey 16%, UAE 11%, USA 3% (2023)note: top five export partners based on percentage share of exports","refined petroleum, poultry, rice, flavored water, additive manufacturing machines (2023)note: top five import commodities based on value in dollars","China 24%, UAE 21%, Tanzania 12%, France 7%, India 6% (2023)note: top five import partners based on percentage share of imports"
Democratic Republic of the Congo,Democratic Republic of the Congo,Kinshasa,"tropical; hot and humid in equatorial river basin; cooler and drier in southern highlands; cooler and wetter in eastern highlands; north of Equator - wet season (April to October), dry season (December to February); south of Equator - wet season (November to March), dry season (April to October)",vast central basin is a low-lying plateau; mountains in east,37 km,"poaching threatens wildlife populations; water pollution; deforestation (forests endangered by fires set to clear the land for agricultural purposes; forests also used as a source of fuel); soil erosion; mining (diamonds, gold, coltan - a mineral used in creating capacitors for electronic devices) causing environmental damage","Biodiversity, Climate Change, Climate Change-Kyoto Protocol, Climate Change-Paris Agreement, Comprehensive Nuclear Test Ban, Desertification, Endangered Species, Hazardous Wastes, Law of the Sea, Marine Dumping-London Convention, Nuclear Test Ban, Ozone Layer Protection, Tropical Timber 2006, Wetlands","Central Africa, northeast of Angola",Africa,slightly less than one-fourth the size of the US,semi-presidential republic,30 June 1960 (from Belgium),"ACP, AfDB, AU, CEMAC, CEPGL, COMESA, EITI (compliant country), FAO, G-24, G-77, IAEA, IBRD, ICAO, ICC (NGOs), ICCt, ICRM, IDA, IFAD, IFC, IFRCS, IHO, ILO, IMF, IMO, Interpol, IOC, IOM, IPU, ISO, ITSO, ITU, ITUC (NGOs), LCBC (observer), MIGA, NAM, OIF, OPCW, PCA, SADC, UN, UNCTAD, UNESCO, UNHCR, UNIDO, UNWTO, UPU, WCO, WFTU (NGOs), WHO, WIPO, WMO, WTO",1.2% of GDP (2023 est.)0.7% of GDP (2022 est.)0.7% of GDP (2021 est.)0.7% of GDP (2020 est.)0.9% of GDP (2019 est.),"more than 200 African ethnic groups of which the majority are Bantu; the four largest groups - Mongo, Luba, Kongo (all Bantu), and the Mangbetu-Azande (Hamitic) - make up about 45% of the population","French (official), Lingala (a trade language), Kingwana (a dialect of Kiswahili or Swahili), Kikongo, Tshiluba"," Christian 93/1% (Roman Catholic 29.9%, Protestant 26.7%, other Christian 36.5%), Kimbanguist 2.8%, Muslim 1.3%, other (includes syncretic sects and indigenous beliefs) 1.2%, none 1.3%, unspecified 0.2% (2014 est.)","57.4 deaths/1,000 live births (2024 est.)",62.6 years (2024 est.),3.11% (2024 est.),"urban clusters are spread throughout the country, particularly in the northeast along the border with Uganda, Rwanda, and Burundi; the largest city is the capital, Kinshasha, located in the west along the Congo River; the south is least densely populated as shown in this population distribution map",89.50%,70.8% (2021),16.9 years (2024 est.),"-0.6 migrant(s)/1,000 population (2024 est.)","208,328 (Rwanda), 53,297 (South Sudan) (refugees and asylum seekers), 49,836 (Burundi) (2023); 212,211 (Central African Republic) (2024)",$66.383 billion (2023 est.)note: data in current dollars at official exchange rate,"$1,500 (2023 est.)$1,400 (2022 est.)$1,300 (2021 est.)note: data in 2021 dollars","cobalt, copper, niobium, tantalum, petroleum, industrial and gem diamonds, gold, silver, zinc, manganese, tin, uranium, coal, hydropower, timber",3.10%,"refined copper, cobalt, copper ore, raw copper, crude petroleum (2023)note: top five export commodities based on value in dollars","China 69%, UAE 7%, India 3%, Spain 3%, Egypt 3% (2023)note: top five export partners based on percentage share of exports","trucks, refined petroleum, stone processing machines, plastic products, sulphur (2023)note: top five import commodities based on value in dollars","China 35%, Zambia 12%, South Africa 12%, India 5%, Belgium 4% (2023)note: top five import partners based on percentage share of imports"
Republic of the Congo,Republic of the Congo,Brazzaville,tropical; rainy season (March to June); dry season (June to October); persistent high temperatures and humidity; particularly enervating climate astride the Equator,"coastal plain, southern basin, central plateau, northern basin",169 km,air pollution from vehicle emissions; water pollution from raw sewage; tap water is not potable; deforestation; wildlife protection,"Biodiversity, Climate Change, Climate Change-Kyoto Protocol, Climate Change-Paris Agreement, Desertification, Endangered Species, Hazardous Wastes, Law of the Sea, Marine Dumping-London Protocol, Ozone Layer Protection, Ship Pollution, Tropical Timber 2006, Wetlands","Central Africa, bordering the South Atlantic Ocean, between Angola and Gabon",Africa,slightly smaller than Montana; about twice the size of Florida,presidential republic,15 August 1960 (from France),"ACP, AfDB, AU, BDEAC, CEMAC, EITI (compliant country), FAO, FZ, G-77, IAEA, IBRD, ICAO, ICCt, ICRM, IDA, IFAD, IFC, IFRCS, ILO, IMF, IMO, Interpol, IOC, IOM, IPU, ISO (correspondent), ITSO, ITU, ITUC (NGOs), LCBC (observer), MIGA, NAM, OIF, OPCW, UN, UNCTAD, UNESCO, UNHCR, UNIDO, UNWTO, UPU, WCO, WFTU (NGOs), WHO, WIPO, WMO, WTO",2% of GDP (2023 est.)1.8% of GDP (2022 est.)2.5% of GDP (2021 est.)3.2% of GDP (2020 est.)2.3% of GDP (2019 est.),"Kongo (Bakongo) 40.5%, Teke 16.9%, Mbochi 13.1%, foreigner 8.2%, Sangha 5.6%, Mbere/Mbeti/Kele 4.4%, Punu 4.3%, Pygmy 1.6%, Oubanguiens 1.6%, Duma 1.5%, Makaa 1.3%, other and unspecified 1% (2014-15 est.)","French (official), French Lingala and Monokutuba (trade languages), many local languages and dialects (of which Kikongo is the most widespread)","Roman Catholic 33.1%, Awakening Churches/Christian Revival 22.3%, Protestant 19.9%, Salutiste 2.2%, Muslim 1.6%, Kimbanguiste 1.5%, other 8.1%, none 11.3% (2007 est.)","30.6 deaths/1,000 live births (2024 est.)",72.9 years (2024 est.),2.38% (2024 est.),"the population is primarily located in the south, in and around the capital of Brazzaville as shown in this population distribution map",85.90%,75.4% (2021),20.7 years (2024 est.),"-0.1 migrant(s)/1,000 population (2024 est.)","33,593 (Central African Republic), 29,785 (Democratic Republic of the Congo) (refugees and asylum seekers) (2024)",$15.321 billion (2023 est.)note: data in current dollars at official exchange rate,"$6,200 (2023 est.)$6,200 (2022 est.)$6,300 (2021 est.)note: data in 2021 dollars","petroleum, timber, potash, lead, zinc, uranium, copper, phosphates, gold, magnesium, natural gas, hydropower",1.60%,"crude petroleum, refined copper, gold, wood, refined petroleum (2023)note: top five export commodities based on value in dollars","China 46%, UAE 23%, India 6%, Saudi Arabia 5%, Portugal 3% (2023)note: top five export partners based on percentage share of exports","ships, poultry, garments, iron pipes, refined petroleum (2023)note: top five import commodities based on value in dollars","China 24%, Angola 20%, Gabon 9%, France 6%, UAE 5% (2023)note: top five import partners based on percentage share of imports"
Costa Rica,Republic of Costa Rica,San José,tropical and subtropical; dry season (December to April); rainy season (May to November); cooler in highlands,"coastal plains separated by rugged mountains including over 100 volcanic cones, of which several are major active volcanoes","1,290 km","deforestation and land use change, largely a result of the clearing of land for cattle ranching and agriculture; soil erosion; coastal marine pollution; fisheries protection; solid waste management; air pollution","Biodiversity, Climate Change, Climate Change-Kyoto Protocol, Climate Change-Paris Agreement, Comprehensive Nuclear Test Ban, Desertification, Endangered Species, Environmental Modification, Hazardous Wastes, Law of the Sea, Marine Dumping-London Convention, Nuclear Test Ban, Ozone Layer Protection, Tropical Timber 2006, Wetlands, Whaling","Central America, bordering both the Caribbean Sea and the North Pacific Ocean, between Nicaragua and Panama",Central America and the Caribbean,slightly smaller than West Virginia,presidential republic,15 September 1821 (from Spain),"ACS, BCIE, CACM, CD, CELAC, FAO, G-77, IADB, IAEA, IBRD, ICAO, ICC (national committees), ICCt, ICRM, IDA, IFAD, IFC, IFRCS, ILO, IMF, IMO, IMSO, Interpol, IOC, IOM, IPU, ISO, ITSO, ITU, ITUC (NGOs), LAES, LAIA (observer), MIGA, NAM (observer), OAS, OIF (observer), OPANAL, OPCW, Pacific Alliance (observer), PCA, SICA, UN, UNCTAD, UNESCO, UNHCR, UNIDO, Union Latina, UNOOSA, UNWTO, UPU, WCO, WFTU (NGOs), WHO, WIPO, WMO, WTO",0.6% of GDP (2023 est.)0.6% of GDP (2022 est.)0.7% of GDP (2021 est.)0.7% of GDP (2020 est.)0.7% of GDP (2019 est.),"White or Mestizo 83.6%, Mulatto 6.7%, Indigenous 2.4%, Black or African descent 1.1%, other 1.1%, none 2.9%, unspecified 2.2% (2011 est.)","Spanish (official), English","Roman Catholic 47.5%, Evangelical and Pentecostal 19.8%, Jehovah's Witness 1.4%, other Protestant 1.2%, other 3.1%, none 27% (2021 est.)","6.7 deaths/1,000 live births (2024 est.)",80.3 years (2024 est.),0.74% (2024 est.),roughly half of the nation's population resides in urban areas; the capital of San Jose is the largest city and home to approximately one-fifth of the population,98%,98.1% (2021),35.5 years (2024 est.),"1.9 migrant(s)/1,000 population (2024 est.)","29,405 (Venezuela) (economic and political crisis; includes Venezuelans who have claimed asylum, are recognized as refugees, or received alternative legal stay) (2023)",$86.498 billion (2023 est.)note: data in current dollars at official exchange rate,"$26,300 (2023 est.)$25,100 (2022 est.)$24,100 (2021 est.)note: data in 2021 dollars",hydropower,4.90%,"medical instruments, integrated circuits, orthopedic appliances, bananas, tropical fruits (2023)note: top five export commodities based on value in dollars","USA 40%, Netherlands 6%, China 5%, Guatemala 4%, Belgium 3% (2023)note: top five export partners based on percentage share of exports","refined petroleum, plastic products, cars, medical instruments, broadcasting equipment (2023)note: top five import commodities based on value in dollars","USA 38%, China 15%, Mexico 6%, Brazil 3%, Guatemala 3% (2023)note: top five import partners based on percentage share of imports"
Croatia,Republic of Croatia,Zagreb,"Mediterranean and continental; continental climate predominant with hot summers and cold winters; mild winters, dry summers along coast","geographically diverse; flat plains along Hungarian border, low mountains and highlands near Adriatic coastline and islands","5,835 km (mainland 1,777 km, islands 4,058 km)",air pollution improving but still a concern in urban settings and in emissions arriving from neighboring countries; surface water pollution in the Danube River Basin,"Air Pollution, Air Pollution-Heavy Metals, Air Pollution-Multi-effect Protocol, Air Pollution-Nitrogen Oxides, Air Pollution-Persistent Organic Pollutants, Air Pollution-Sulphur 94, Air Pollution-Volatile Organic Compounds, Biodiversity, Climate Change, Climate Change-Kyoto Protocol, Climate Change-Paris Agreement, Comprehensive Nuclear Test Ban, Desertification, Endangered Species, Hazardous Wastes, Law of the Sea, Marine Dumping-London Convention, Nuclear Test Ban, Ozone Layer Protection, Ship Pollution, Tropical Timber 2006, Wetlands, Whaling","Southeastern Europe, bordering the Adriatic Sea, between Bosnia and Herzegovina and Slovenia",Europe,slightly smaller than West Virginia,parliamentary republic,"25 June 1991 (from Yugoslavia); note - 25 June 1991 was the day the Croatian parliament voted for independence; following a three-month moratorium to allow the European Community to solve the Yugoslav crisis peacefully, parliament adopted a decision on 8 October 1991 to sever constitutional relations with Yugoslavia; notable earlier dates: ca. 925 (Kingdom of Croatia established); 1 December 1918 (Kingdom of Serbs, Croats, and Slovenes (Yugoslavia) established)","AIIB, Australia Group, BIS, BSEC (observer), CD, CE, CEI, EAPC, EBRD, ECB, EMU, EU, FAO, G-11, IADB, IAEA, IBRD, ICAO, ICC (national committees), ICCt, ICRM, IDA, IFAD, IFC, IFRCS, IHO, ILO, IMF, IMO, IMSO, Interpol, IOC, IOM, IPU, ISO, ITSO, ITU, ITUC (NGOs), MIGA, MINURSO, NAM (observer), NATO, NSG, OAS (observer), OIF (observer), OPCW, OSCE, PCA, Schengen Convention, SELEC, UN, UNCTAD, UNESCO, UNFICYP, UNHCR, UNIDO, UNIFIL, UNMIL, UNMOGIP, UNWTO, UPU, Wassenaar Arrangement, WCO, WHO, WIPO, WMO, WTO, ZC",1.8% of GDP (2024 est.)1.8% of GDP (2023)1.8% of GDP (2022)2% of GDP (2021)1.7% of GDP (2020),"Croat 91.6%, Serb 3.2%, other 3.9% (including Bosniak, Romani, Albanian, Italian, and Hungarian), unspecified 1.3% (2021 est.)","Croatian (official) 95.2%, Serbian 1.2%, other 3.1% (including Bosnian, Romani, Albanian, and Italian) unspecified 0.5% (2021 est.)","Roman Catholic 79%, Orthodox 3.3%, Protestant 0.3%, other Christian 4.8%, Muslim 1.3%, other 1.1%, agnostic 1.7%, none or atheist 4.7%, unspecified 3.9% (2021 est.)","8.4 deaths/1,000 live births (2024 est.)",77.7 years (2024 est.),-0.46% (2024 est.),"more of the population lives in the northern half of the country, with approximately a quarter of the populace residing in and around the capital of Zagreb; many of the islands are sparsely populated",99.70%,99.2% (2021),45.1 years (2024 est.),"0 migrant(s)/1,000 population (2024 est.)","24,525 (Ukraine) (as of 29 February 2024)",$84.394 billion (2023 est.)note: data in current dollars at official exchange rate,"$41,100 (2023 est.)$39,800 (2022 est.)$36,900 (2021 est.)note: data in 2021 dollars","oil, some coal, bauxite, low-grade iron ore, calcium, gypsum, natural asphalt, silica, mica, clays, salt, hydropower",16%,"ships, garments, electricity, packaged medicine, wood (2023)note: top five export commodities based on value in dollars","Italy 14%, Germany 11%, Slovenia 11%, Bosnia & Herzegovina 6%, Austria 6% (2023)note: top five export partners based on percentage share of exports","refined petroleum, cars, garments, natural gas, crude petroleum (2023)note: top five import commodities based on value in dollars","Italy 14%, Germany 14%, Slovenia 11%, Hungary 6%, Austria 5% (2023)note: top five import partners based on percentage share of imports"
Cuba,Republic of Cuba,Havana,tropical; moderated by trade winds; dry season (November to April); rainy season (May to October),"mostly flat to rolling plains, with rugged hills and mountains in the southeast","3,735 km",soil degradation and desertification (brought on by poor farming techniques and natural disasters) are the main environmental problems; biodiversity loss; deforestation; air and water pollution,"Antarctic Treaty, Biodiversity, Climate Change, Climate Change-Kyoto Protocol, Climate Change-Paris Agreement, Comprehensive Nuclear Test Ban, Desertification, Endangered Species, Environmental Modification, Hazardous Wastes, Law of the Sea, Marine Dumping-London Convention, Ozone Layer Protection, Ship Pollution, Wetlands","Caribbean, island between the Caribbean Sea and the North Atlantic Ocean, 150 km south of Key West, Florida",Central America and the Caribbean,slightly smaller than Pennsylvania,communist state,20 May 1902 (from Spain 10 December 1898; administered by the US from 1898 to 1902); not acknowledged by the Cuban Government as a day of independence,"ACP, ACS, ALBA, AOSIS, CABEI, CELAC, EAEU (observer), FAO, G-77, IAEA, ICAO, ICC (national committees), ICRM, IFAD, IFRCS, IHO, ILO, IMO, IMSO, Interpol, IOC, IOM (observer), IPU, ISO, ITSO, ITU, LAES, LAIA, NAM, OAS (excluded from formal participation since 1962), OPANAL, OPCW, PCA, Petrocaribe, PIF (partner), UN, UNCTAD, UNESCO, UNHRC, UNIDO, Union Latina, UNOOSA, UNWTO, UPU, WCO, WFTU (NGOs), WHO, WIPO, WMO, WTO",4.2% of GDP (2020 est.)3.2% of GDP (2019 est.)2.9% of GDP (2018 est.)2.9% of GDP (2017 est.)3.1% of GDP (2016 est.),"White 64.1%, Mulatto or mixed 26.6%, Black 9.3% (2012 est.)",Spanish (official),"Christian 58.9%, folk religion 17.6%, Buddhist <1%, Hindu <1%, Jewish <1%, Muslim <1%, other <1%, none 23.2% (2020 est.)","4 deaths/1,000 live births (2024 est.)",80.1 years (2024 est.),-0.17% (2024 est.),"large population clusters found throughout the country, the more significant ones being in the larger towns and cities, particularly the capital of Havana",99.60%,99.7% (2021),42.6 years (2024 est.),"-2.1 migrant(s)/1,000 population (2024 est.)",,$107.352 billion (2020 est.)note: data in current dollars at official exchange rate,"$12,300 (2016 est.)$12,200 (2015 est.)$12,100 (2014 est.)","cobalt, nickel, iron ore, chromium, copper, salt, timber, silica, petroleum, arable land",33.80%,"tobacco, nickel, liquor, zinc ore, precious metal ore (2023)note: top five export commodities based on value in dollars","China 34%, Spain 12%, Germany 6%, Switzerland 5%, Hong Kong 4% (2023)note: top five export partners based on percentage share of exports","beer, poultry, rice, plastic products, soybean oil (2023)note: top five import commodities based on value in dollars","Spain 24%, China 13%, Netherlands 10%, USA 9%, Canada 6% (2023)note: top five import partners based on percentage share of imports"
Cyprus,Republic of Cyprus,Nicosia,"temperate; Mediterranean with hot, dry summers and cool winters",central plain with mountains to north and south; scattered but significant plains along southern coast,648 km,"water resource problems (no natural reservoir catchments, seasonal disparity in rainfall, sea water intrusion to island's largest aquifer, increased salination in the north); water pollution from sewage, industrial wastes, and pesticides; coastal degradation; erosion; loss of wildlife habitats from urbanization","Air Pollution, Air Pollution-Heavy Metals, Air Pollution-Multi-effect Protocol, Air Pollution-Nitrogen Oxides, Air Pollution-Persistent Organic Pollutants, Air Pollution-Sulphur 94, Biodiversity, Climate Change, Climate Change-Kyoto Protocol, Climate Change-Paris Agreement, Comprehensive Nuclear Test Ban, Desertification, Endangered Species, Environmental Modification, Hazardous Wastes, Law of the Sea, Marine Dumping-London Convention, Nuclear Test Ban, Ozone Layer Protection, Ship Pollution, Tropical Timber 2006, Wetlands, Whaling","Middle East, island in the Mediterranean Sea, south of Turkey; note - Cyprus views itself as part of Europe; geopolitically, it can be classified as falling within Europe, the Middle East, or both",Middle East,about 0.6 times the size of Connecticut,"Republic of Cyprus - presidential republic; self-declared ""Turkish Republic of Northern Cyprus"" (TRNC) - parliamentary republic with enhanced presidency","16 August 1960 (from the UK); note - Turkish Cypriots proclaimed self-rule on 13 February 1975 and independence in 1983, but these proclamations are recognized only by Turkey","Australia Group, C, CD, CE, EBRD, ECB, EIB, EMU, EU, FAO, IAEA, IBRD, ICAO, ICC (national committees), ICCt, ICRM, IDA, IFAD, IFC, IFRCS, IHO, ILO, IMF, IMO, IMSO, Interpol, IOC, IOM, IPU, ISO, ITSO, ITU, ITUC (NGOs), MIGA, NAM, NSG, OAS (observer), OIF, OPCW, OSCE, PCA, UN, UNCTAD, UNESCO, UNHCR, UNIDO, UNIFIL, UNWTO, UPU, WCO, WFTU (NGOs), WHO, WIPO, WMO, WTO",1.8% of GDP (2023 est.)1.8% of GDP (2022)1.8% of GDP (2021)1.8% of GDP (2020)1.6% of GDP (2019),"Greek 98.8%, other 1% (includes Maronite, Armenian, Turkish-Cypriot), unspecified 0.2% (2011 est.)","Greek (official) 80.9%, Turkish (official) 0.2%, English 4.1%, Romanian 2.9%, Russian 2.5%, Bulgarian 2.2%, Arabic 1.2%, Filipino 1.1%, other 4.3%, unspecified 0.6%  (2011 est.)","Eastern Orthodox Christian 89.1%, Roman Catholic 2.9%, Protestant/Anglican 2%, Muslim 1.8%, Buddhist 1%, other (includes Maronite Catholic, Armenian Apostolic, Hindu) 1.4%, unknown 1.1%, none/atheist 0.6% (2011 est.)","8.1 deaths/1,000 live births (2024 est.)",80.2 years (2024 est.),0.95% (2024 est.),"population concentrated in central Nicosia and in the major cities of the south: Paphos, Limassol, and Larnaca",99.60%,99.2% (2021),39.5 years (2024 est.),"6.3 migrant(s)/1,000 population (2024 est.)","10,869 (Syria) (mid-year 2022); 17,270 (Ukraine) (as of 11 February 2024)",$33.887 billion (2023 est.)note: data in current dollars at official exchange rate,"$53,400 (2023 est.)$52,900 (2022 est.)$49,900 (2021 est.)note: data in 2021 dollars","copper, pyrites, asbestos, gypsum, timber, salt, marble, clay earth pigment",9.80%,"ships, refined petroleum, packaged medicine, cheese, scented mixtures (2023)note: top five export commodities based on value in dollars","Libya 14%, Greece 11%, Lebanon 8%, Bermuda 7%, Marshall Islands 5% (2023)note: top five export partners based on percentage share of exports","refined petroleum, ships, cars, packaged medicine, coal tar oil (2023)note: top five import commodities based on value in dollars","Greece 20%, UK 10%, Italy 7%, Turkey 6%, Spain 6% (2023)note: top five import partners based on percentage share of imports"
Czechia,Czech Republic,Prague,"temperate; cool summers; cold, cloudy, humid winters","Bohemia in the west consists of rolling plains, hills, and plateaus surrounded by low mountains; Moravia in the east consists of very hilly country",0 km (landlocked),"air and water pollution in areas of northwest Bohemia and in northern Moravia around Ostrava present health risks; acid rain damaging forests; land pollution caused by industry, mining, and agriculture","Air Pollution, Air Pollution-Heavy Metals, Air Pollution-Multi-effect Protocol, Air Pollution-Nitrogen Oxides, Air Pollution-Persistent Organic Pollutants, Air Pollution-Sulphur 85, Air Pollution-Sulphur 94, Air Pollution-Volatile Organic Compounds, Antarctic-Environmental Protection, Antarctic Treaty, Biodiversity, Climate Change, Climate Change-Kyoto Protocol, Climate Change-Paris Agreement, Comprehensive Nuclear Test Ban, Desertification, Endangered Species, Environmental Modification, Hazardous Wastes, Law of the Sea, Nuclear Test Ban, Ozone Layer Protection, Ship Pollution, Tropical Timber 2006, Wetlands, Whaling","Central Europe, between Germany, Poland, Slovakia, and Austria",Europe,about two-thirds the size of Pennsylvania; slightly smaller than South Carolina,parliamentary republic,"1 January 1993 (Czechoslovakia split into the Czech Republic and Slovakia); note - although 1 January is the day the Czech Republic came into being, the Czechs commemorate 28 October 1918, the day the former Czechoslovakia declared its independence from the Austro-Hungarian Empire, as their independence day","Australia Group, BIS, BSEC (observer), CD, CE, CEI, CERN, EAPC, EBRD, ECB, EIB, ESA, EU, FAO, IAEA, IBRD, ICAO, ICC (national committees), ICCt, ICRM, IDA, IEA, IFC, IFRCS, ILO, IMF, IMO, IMSO, Interpol, IOC, IOM, IPU, ISO, ITSO, ITU, ITUC (NGOs), MIGA, MONUSCO, NATO, NEA, NSG, OAS (observer), OECD, OIF (observer), OPCW, OSCE, PCA, Schengen Convention, SELEC, UN, UNCTAD, UNESCO, UNHCR, UNIDO, UNOOSA, UNWTO, UPU, Wassenaar Arrangement, WCO, WFTU (NGOs), WHO, WIPO, WMO, WTO, ZC",2.1% of GDP (2024 est.)1.5% of GDP (2023)1.3% of GDP (2022)1.4% of GDP (2021)1.3% of GDP (2020),"Czech 57.3%, Moravian 3.4%, other 7.7%, unspecified 31.6% (2021 est.)","Czech (official) 88.4%, Slovak 1.5%, other 2.6%, unspecified 7.2% (2021 est.)","Roman Catholic 7%, other believers belonging to a church or religious society 6% (includes Evangelical United Brethren Church and Czechoslovak Hussite Church), believers unaffiliated with a religious society 9.1%, none 47.8%, unspecified 30.1% (2021 est.)","2.6 deaths/1,000 live births (2024 est.)",78.6 years (2024 est.),0.04% (2024 est.),"a fairly even distribution throughout most of the country, but the northern and eastern regions tend to have larger urban concentrations",99%,99% (2011),44.2 years (2024 est.),"2.7 migrant(s)/1,000 population (2024 est.)","381,400 (Ukraine) (as of 31 January 2024)",$343.208 billion (2023 est.)note: data in current dollars at official exchange rate,"$49,700 (2023 est.)$50,600 (2022 est.)$50,000 (2021 est.)note: data in 2021 dollars","hard coal, soft coal, kaolin, clay, graphite, timber, arable land",41%,"cars, vehicle parts/accessories, broadcasting equipment, computers, plastic products (2023)note: top five export commodities based on value in dollars","Germany 29%, Slovakia 7%, Poland 6%, France 5%, UK 5% (2023)note: top five export partners based on percentage share of exports","broadcasting equipment, vehicle parts/accessories, cars, plastic products, computers (2023)note: top five import commodities based on value in dollars","Germany 22%, China 17%, Poland 8%, Slovakia 5%, Italy 4% (2023)note: top five import partners based on percentage share of imports"
Denmark,Kingdom of Denmark,Copenhagen,"temperate; humid and overcast; mild, windy winters and cool summers",low and flat to gently rolling plains,"7,314 km","air pollution, principally from vehicle and power plant emissions; nitrogen and phosphorus pollution of the North Sea; drinking and surface water becoming polluted from animal wastes and pesticides; much of country's household and industrial waste is recycled","Air Pollution, Air Pollution-Heavy Metals, Air Pollution-Multi-effect Protocol, Air Pollution-Nitrogen Oxides, Air Pollution-Persistent Organic Pollutants, Air Pollution-Sulphur 85, Air Pollution-Sulphur 94, Air Pollution-Volatile Organic Compounds, Antarctic Treaty, Biodiversity, Climate Change, Climate Change-Kyoto Protocol, Climate Change-Paris Agreement, Comprehensive Nuclear Test Ban, Desertification, Endangered Species, Environmental Modification, Hazardous Wastes, Law of the Sea, Marine Dumping-London Convention, Marine Dumping-London Protocol, Marine Life Conservation, Nuclear Test Ban, Ozone Layer Protection, Ship Pollution, Tropical Timber 2006, Wetlands, Whaling","Northern Europe, bordering the Baltic Sea and the North Sea, on a peninsula north of Germany (Jutland); also includes several major islands (Sjaelland, Fyn, and Bornholm)",Europe,slightly less than twice the size of Massachusetts; about two-thirds the size of West Virginia,parliamentary constitutional monarchy,ca. 965 (unified and Christianized under Harald I GORMSSON); 5 June 1849 (became a parliamentary constitutional monarchy),"ADB (nonregional member), AfDB (nonregional member), Arctic Council, Australia Group, BIS, CBSS, CD, CE, CERN, EAPC, EBRD, ECB, EIB, EITI (implementing country), ESA, EU, FAO, FATF, G-9, IADB, IAEA, IBRD, ICAO, ICC (national committees), ICCt, ICRM, IDA, IEA, IFAD, IFC, IFRCS, IGAD (partners), IHO, ILO, IMF, IMO, IMSO, Interpol, IOC, IOM, IPU, ISO, ITSO, ITU, ITUC (NGOs), MIGA, NATO, NC, NEA, NIB, NSG, OAS (observer), OECD, OPCW, OSCE, Paris Club, PCA, Schengen Convention, UN, UNCTAD, UNESCO, UNHCR, UNIDO, UNMIL, UNMISS, UNOOSA, UNRWA, UNTSO, UPU, Wassenaar Arrangement, WCO, WHO, WIPO, WMO, WTO, ZC",2.4% of GDP (2024 est.)2% of GDP (2023)1.4% of GDP (2022)1.3% of GDP (2021)1.4% of GDP (2020),"Danish (includes Greenlandic (who are predominantly Inuit) and Faroese) 84.2%, Turkish 1.1%, other 14.7% (largest groups are Polish, Romanian, Syrian, Ukrainian, German, and Iraqi) (2023 est.)","Danish, Faroese, Greenlandic (an Inuit dialect), German (small minority); note - English is the predominant second language","Evangelical Lutheran (official) 71.4%, Muslim 4.3%, other/none/unspecified (denominations include Roman Catholic, Jehovah's Witness, Serbian Orthodox Christian, Jewish, Baptist, Buddhist, Church of Jesus Christ, Pentecostal, and nondenominational Christian) 24.3% (2024 est.)","3 deaths/1,000 live births (2024 est.)",82.1 years (2024 est.),0.44% (2024 est.),"with excellent access to the North Sea, Skagerrak, Kattegat, and the Baltic Sea, population centers tend to be along coastal areas, particularly in Copenhagen and the eastern side of the country's mainland",,,42.2 years (2024 est.),"2.7 migrant(s)/1,000 population (2024 est.)","19,424 (Syria), 5,885 (Eritrea) (mid-year 2022); 37,530 (Ukraine) (as of 3 March 2024)",$407.092 billion (2023 est.)note: data in current dollars at official exchange rate,"$72,100 (2023 est.)$70,900 (2022 est.)$70,300 (2021 est.)note: data in 2021 dollars","petroleum, natural gas, fish, arable land, salt, limestone, chalk, stone, gravel and sand",58.90%,"packaged medicine, fish, vaccines, refined petroleum, pork (2023)note: top five export commodities based on value in dollars","Germany 13%, USA 10%, Sweden 9%, Netherlands 7%, China 5% (2023)note: top five export partners based on percentage share of exports","natural gas, cars, garments, packaged medicine, refined petroleum (2023)note: top five import commodities based on value in dollars","Germany 18%, Sweden 11%, Norway 10%, Netherlands 9%, China 7% (2023)note: top five import partners based on percentage share of imports"
Djibouti,Republic of Djibouti,Djibouti,"desert; torrid, dry",coastal plain and plateau separated by central mountains,314 km,inadequate supplies of potable water; water pollution; limited arable land; deforestation (forests threatened by agriculture and the use of wood for fuel); desertification; endangered species,"Biodiversity, Climate Change, Climate Change-Kyoto Protocol, Climate Change-Paris Agreement, Comprehensive Nuclear Test Ban, Desertification, Endangered Species, Hazardous Wastes, Law of the Sea, Ozone Layer Protection, Ship Pollution, Wetlands","Eastern Africa, bordering the Gulf of Aden and the Red Sea, between Eritrea and Somalia",Africa,slightly smaller than New Jersey,presidential republic,27 June 1977 (from France),"ACP, AfDB, AFESD, AMF, ATMIS, AU, CAEU (candidates), COMESA, FAO, G-77, IBRD, ICAO, ICCt, ICRM, IDA, IDB, IFAD, IFC, IFRCS, IGAD, ILO, IMF, IMO, Interpol, IOC, IOM, IPU, ITU, ITUC (NGOs), LAS, MIGA, MINURSO, NAM, OIC, OIF, OPCW, UN, UNCTAD, UNESCO, UNHCR, UNIDO, UNWTO, UPU, WCO, WFTU (NGOs), WHO, WIPO, WMO, WTO",3.5% of GDP (2019 est.)3.5% of GDP (2018 est.)3.3% of GDP (2017 est.)2.7% of GDP (2016 est.)2.5% of GDP (2015 est.),"Somali 60%, Afar 35%, other 5% (mostly Yemeni Arab, also French, Ethiopian, and Italian)","French (official), Arabic (official), Somali, Afar","Sunni Muslim 94% (nearly all Djiboutians), other 6% (mainly foreign-born residents - Shia Muslim, Christian, Hindu, Jewish, Baha'i, and atheist)","45.2 deaths/1,000 live births (2024 est.)",65.9 years (2024 est.),1.89% (2024 est.),"most densely populated areas are in the east; the largest city is Djibouti, with a population over 600,000; no other city in the country has a total population over 50,000 as shown in this population distribution map",,,26.3 years (2024 est.),"4.2 migrant(s)/1,000 population (2024 est.)","6,518 (Yemen) (mid-year 2022); 13,467 (Somalia) (2024)",$4.099 billion (2023 est.)note: data in current dollars at official exchange rate,"$6,400 (2023 est.)$6,100 (2022 est.)$5,900 (2021 est.)note: data in 2021 dollars","potential geothermal power, gold, clay, granite, limestone, marble, salt, diatomite, gypsum, pumice, petroleum",0.10%,"raw sugar, seed oils, cars, palm oil, rice (2023)note: top five export commodities based on value in dollars","Ethiopia 77%, UAE 5%, China 3%, Singapore 2%, France 2% (2023)note: top five export partners based on percentage share of exports","refined petroleum, palm oil, fertilizers, cars, seed oils (2023)note: top five import commodities based on value in dollars","China 32%, India 12%, UAE 10%, Turkey 6%, Morocco 5% (2023)note: top five import partners based on percentage share of imports"
Dominica,Commonwealth of Dominica,Roseau,tropical; moderated by northeast trade winds; heavy rainfall,rugged mountains of volcanic origin,148 km,"water shortages a continuing concern; pollution from agrochemicals and from untreated sewage; forests endangered by the expansion of farming; soil erosion; pollution of the coastal zone by agricultural and industrial chemicals, and untreated sewage","Biodiversity, Climate Change, Climate Change-Kyoto Protocol, Climate Change-Paris Agreement, Desertification, Endangered Species, Environmental Modification, Hazardous Wastes, Law of the Sea, Ozone Layer Protection, Ship Pollution, Whaling","Caribbean, island between the Caribbean Sea and the North Atlantic Ocean, about halfway between Puerto Rico and Trinidad and Tobago",Central America and the Caribbean,"slightly more than four times the size of Washington, DC",parliamentary republic,3 November 1978 (from the UK),"ACP, ACS, AOSIS, C, Caricom, CD, CDB, CELAC, Commonwealth of Nations, ECCU, FAO, G-77, IAEA, IBRD, ICCt, ICRM, IDA, IFAD, IFC, IFRCS, ILO, IMF, IMO, Interpol, IOC, ISO (correspondent), ITU, ITUC (NGOs), MIGA, NAM, OAS, OECS, OIF, OPANAL, OPCW, Petrocaribe, UN, UNCTAD, UNESCO, UNIDO, UPU, WFTU, WHO, WIPO, WMO, WTO",,"African descent 84.5%, mixed 9%, Indigenous 3.8%, other 2.1%, unspecified 0.6% (2011 est.)","English (official), French patois","Roman Catholic 52.7%, Protestant 29.7% (includes Seventh Day Adventist 6.7%, Pentecostal 6.1%, Baptist 5.2%, Christian Union Church 3.9%, Methodist 2.6%, Gospel Mission 2.1%, other Protestant 3.1%), Jehovah's Witness 1.3%, Rastafarian 1.1%, other 4.3%, none 9.4%, unspecified 1.4% (2011 est.)","10.7 deaths/1,000 live births (2024 est.)",78.7 years (2024 est.),-0.01% (2024 est.),"population is mosly clustered along the coast, with roughly a third living in the parish of St. George, in or around the capital of Roseau; the volcanic interior is sparsely populated",,,37 years (2024 est.),"-5.3 migrant(s)/1,000 population (2024 est.)",,$653.993 million (2023 est.)note: data in current dollars at official exchange rate,"$17,400 (2023 est.)$16,600 (2022 est.)$15,600 (2021 est.)note: data in 2021 dollars","timber, hydropower, arable land",8%,"iron blocks, medical instruments, excavation machinery, power equipment, soap (2023)note: top five export commodities based on value in dollars","Bahamas, The 13%, Saudi Arabia 11%, Iceland 10%, Guyana 7%, Antigua & Barbuda 7% (2023)note: top five export partners based on percentage share of exports","refined petroleum, ships, plastic products, semi-finished iron, cars (2023)note: top five import commodities based on value in dollars","USA 24%, China 11%, Indonesia 8%, Trinidad & Tobago 7%, Italy 7% (2023)note: top five import partners based on percentage share of imports"
Dominican Republic,Dominican Republic,Santo Domingo,tropical maritime; little seasonal temperature variation; seasonal variation in rainfall,rugged highlands and mountains interspersed with fertile valleys,"1,288 km",water shortages; soil eroding into the sea damages coral reefs; deforestation,"Biodiversity, Climate Change, Climate Change-Kyoto Protocol, Climate Change-Paris Agreement, Comprehensive Nuclear Test Ban, Desertification, Endangered Species, Hazardous Wastes, Law of the Sea, Marine Dumping-London Convention, Marine Life Conservation, Nuclear Test Ban, Ozone Layer Protection, Ship Pollution, Wetlands, Whaling","Caribbean, eastern two-thirds of the island of Hispaniola, between the Caribbean Sea and the North Atlantic Ocean, east of Haiti",Central America and the Caribbean,slightly more than twice the size of New Jersey,presidential republic,27 February 1844 (from Haiti),"ACP, ACS, AOSIS, BCIE, Caricom (observer), CD, CELAC, FAO, G-77, IADB, IAEA, IBRD, ICAO, ICC (national committees), ICCt, ICRM, IDA, IFAD, IFC, IFRCS, IHO, ILO, IMF, IMO, Interpol, IOC, IOM, IPU, ISO (correspondent), ITSO, ITU, ITUC (NGOs), LAES, LAIA, MIGA, MINUSMA, NAM, OAS, OIF (observer), OPANAL, OPCW, Pacific Alliance (observer), PCA, Petrocaribe, SICA (associated member), UN, UNCTAD, UNESCO, UNHRC, UNIDO, Union Latina, UNOOSA, UNWTO, UPU, WCO, WFTU (NGOs), WHO, WIPO, WMO, WTO",0.6% of GDP (2023 est.)0.7% of GDP (2022 est.)0.7% of GDP (2021 est.)0.8% of GDP (2020 est.)0.7% of GDP (2019 est.),"mixed 70.4% (Mestizo/Indio 58%, Mulatto 12.4%), Black 15.8%, White 13.5%, other 0.3% (2014 est.)",Spanish (official),"Evangelical 50.2%, Roman Catholic 30.1%, none 18.5%, unspecified 1.2% (2023 est.)","21.7 deaths/1,000 live births (2024 est.)",72.6 years (2024 est.),0.76% (2024 est.),"coastal development is significant, especially in the southern coastal plains and the Cibao Valley, where population density is highest; smaller population clusters exist in the interior mountains (Cordillera Central)",95.40%,95.6% (2022),29.2 years (2024 est.),"-2.7 migrant(s)/1,000 population (2024 est.)","121,141 (Venezuela) (economic and political crisis; includes Venezuelans who have claimed asylum or have received alternative legal stay) (2023)",$121.444 billion (2023 est.)note: data in current dollars at official exchange rate,"$23,100 (2023 est.)$22,800 (2022 est.)$21,900 (2021 est.)note: data in 2021 dollars","nickel, bauxite, gold, silver, arable land",16.60%,"medical instruments, tobacco, gold, garments, power equipment (2023)note: top five export commodities based on value in dollars","USA 52%, Switzerland 7%, Haiti 6%, China 5%, India 3% (2023)note: top five export partners based on percentage share of exports","refined petroleum, cars, natural gas, plastic products, crude petroleum (2023)note: top five import commodities based on value in dollars","USA 40%, China 18%, Brazil 4%, Spain 4%, Mexico 3% (2023)note: top five import partners based on percentage share of imports"
Ecuador,Republic of Ecuador,Quito,"tropical along coast, becoming cooler inland at higher elevations; tropical in Amazonian jungle lowlands","coastal plain (costa), inter-Andean central highlands (sierra), and flat to rolling eastern jungle (oriente)","2,237 km",deforestation; soil erosion; desertification; water pollution; pollution from oil production wastes in ecologically sensitive areas of the Amazon Basin and Galapagos Islands,"Antarctic-Environmental Protection, Antarctic Treaty, Biodiversity, Climate Change, Climate Change-Kyoto Protocol, Climate Change-Paris Agreement, Comprehensive Nuclear Test Ban, Desertification, Endangered Species, Hazardous Wastes, Law of the Sea, Nuclear Test Ban, Ozone Layer Protection, Ship Pollution, Tropical Timber 2006, Wetlands, Whaling","Western South America, bordering the Pacific Ocean at the Equator, between Colombia and Peru",South America,slightly smaller than Nevada,presidential republic,24 May 1822 (from Spain),"CAN, CD, CELAC, FAO, G-11, G-77, IADB, IAEA, IBRD, ICAO, ICC (national committees), ICCt, ICRM, IDA, IFAD, IFC, IFRCS, IHO, ILO, IMF, IMO, Interpol, IOC, IOM, IPU, ISO, ITSO, ITU, ITUC (NGOs), LAES, LAIA, Mercosur (associate), MIGA, MINUSTAH, NAM, OAS, OPANAL, OPCW, OPEC, Pacific Alliance (observer), PCA, PROSUR, SICA (observer), UN, UNCTAD, UNESCO, UNHCR, UNIDO, Union Latina, UNISFA, UNMIL, UNMISS, UNOCI, UNWTO, UPU, WCO, WFTU (NGOs), WHO, WIPO, WMO, WTO",2% of GDP (2023 est.)2% of GDP (2022 est.)2% of GDP (2021 est.)2.3% of GDP (2020 est.)2.2% of GDP (2019 est.),"Mestizo (mixed Indigenous and White) 77.5%, Montubio 7.7%, Indigenous 7.7%, White 2.2%, Afroecuadorian 2%, Mulatto 1.4%, Black 1.3%, other 0.1% (2022 est.)","Spanish (Castilian; official) 98.6%, indigenous 3.9% (Quechua 3.2%, other indigenous 0.7%), foreign 2.8%, other 0.6% (includes Ecuadorian sign language) (2022 est.)","Roman Catholic 68.2%, Protestant 19% (Evangelical 18.3%, Adventist 0.6%, other Protestant 0.2%), Jehovah's Witness 1.4%, other 2.3%, none 8.2% don't know/no response 1% (2023 est.)","11.2 deaths/1,000 live births (2024 est.)",74.9 years (2024 est.),0.94% (2024 est.),"nearly half of the population is concentrated in the interior in the Andean intermontane basins and valleys, with large concentrations also found along the western coastal strip; the rainforests of the east remain sparsely populated",94.90%,93.1% (2022),28 years (2024 est.),"-1.1 migrant(s)/1,000 population (2024 est.)","65,854 (Colombia) (refugees and asylum seekers) (2021); 474,945 (Venezuela) (economic and political crisis; includes Venezuelans who have claimed asylum, are recognized as refugees, or have received alternative legal stay) (2023)",$118.845 billion (2023 est.)note: data in current dollars at official exchange rate,"$14,500 (2023 est.)$14,300 (2022 est.)$13,500 (2021 est.)note: data in 2021 dollars","petroleum, fish, timber, hydropower",4.70%,"crude petroleum, shellfish, bananas, fish, gold (2023)note: top five export commodities based on value in dollars","USA 22%, China 21%, Panama 12%, Japan 3%, Peru 3% (2023)note: top five export partners based on percentage share of exports","refined petroleum, coal tar oil, cars, packaged medicine, plastics (2023)note: top five import commodities based on value in dollars","USA 27%, China 20%, Colombia 7%, Brazil 4%, Peru 4% (2023)note: top five import partners based on percentage share of imports"
Egypt,Arab Republic of Egypt,Cairo,"desert; hot, dry summers with moderate winters",vast desert plateau interrupted by Nile valley and delta,"2,450 km","agricultural land being lost to urbanization and windblown sands; increasing soil salination below Aswan High Dam; desertification; oil pollution threatening coral reefs, beaches, and marine habitats; other water pollution from agricultural pesticides, raw sewage, and industrial effluents; limited natural freshwater resources away from the Nile, which is the only perennial water source; rapid growth in population overstraining the Nile and natural resources","Biodiversity, Climate Change, Climate Change-Kyoto Protocol, Climate Change-Paris Agreement, Desertification, Endangered Species, Environmental Modification, Hazardous Wastes, Law of the Sea, Marine Dumping-London Convention, Marine Dumping-London Protocol, Nuclear Test Ban, Ozone Layer Protection, Ship Pollution, Wetlands","Northern Africa, bordering the Mediterranean Sea, between Libya and the Gaza Strip, and the Red Sea north of Sudan, and includes the Asian Sinai Peninsula",Africa,more than eight times the size of Ohio; slightly more than three times the size of New Mexico,presidential republic,28 February 1922 (from UK protectorate status; the military-led revolution that began on 23 July 1952 led to a republic being declared on 18 June 1953 and all British troops withdrawn on 18 June 1956); note - it was ca. 3200 B.C. that the Two Lands of Upper (southern) and Lower (northern) Egypt were first united politically,"ABEDA, AfDB, AFESD, AMF, AU, BRICS, BSEC (observer), CAEU, CD, CICA, COMESA, D-8, EBRD, FAO, G-15, G-24, G-77, IAEA, IBRD, ICAO, ICC (national committees), ICRM, IDA, IDB, IFAD, IFC, IFRCS, IHO, ILO, IMF, IMO, IMSO, Interpol, IOC, IOM, IPU, ISO, ITSO, ITU, LAS, LCBC (observer), MIGA, MINURSO, MONUSCO, NAM, OAPEC, OAS (observer), OIC, OIF, OSCE (partner), PCA, UN, UNAMID, UNCTAD, UNESCO, UNHCR, UNIDO, UNISFA, UNMISS, UNOCI, UNOOSA, UNRWA, UNWTO, UPU, WCO, WFTU (NGOs), WHO, WIPO, WMO, WTO",1% of GDP (2023 est.)1.2% of GDP (2022 est.)1.3% of GDP (2021 est.)1.3% of GDP (2020 est.)1.3% of GDP (2019 est.),"Egyptian 99.7%, other 0.3% (2006 est.)",Arabic (official); English and French widely understood by educated classes,"Muslim (predominantly Sunni) 90%, Christian (majority Coptic Orthodox, other Christians include Armenian Apostolic, Catholic, Maronite, Orthodox, and Anglican) 10%","16.8 deaths/1,000 live births (2024 est.)",75 years (2024 est.),1.49% (2024 est.),approximately 95% of the population lives within 20 km of the Nile River and its delta; vast areas of the country remain sparsely populated or uninhabited as shown in this population distribution map,78.80%,67.4% (2021),24.4 years (2024 est.),"-0.3 migrant(s)/1,000 population (2024 est.)","70,021 (West Bank and Gaza Strip) (mid-year 2022); 52,446 (Sudan) (refugees and asylum seekers), 20,970 (South Sudan) (refugees and asylum seekers), 21,105 (Eritrea) (refugees and asylum seekers), 15,585 (Ethiopia) (refugees and asylum seekers), 10,025 (Yemen) (refugees and asylum seekers), 6,815 (Iraq) (refugees and asylum seekers), 6,802 (Somalia) (refugees and asylum seekers) (2022); 464,827 (Sudan) (refugees since 15 April 2023), 156,159 (Syria) (2024)",$396.002 billion (2023 est.)note: data in current dollars at official exchange rate,"$16,700 (2023 est.)$16,400 (2022 est.)$15,600 (2021 est.)note: data in 2021 dollars","petroleum, natural gas, iron ore, phosphates, manganese, limestone, gypsum, talc, asbestos, lead, rare earth elements, zinc",2.80%,"refined petroleum, natural gas, fertilizers, garments, crude petroleum (2023)note: top five export commodities based on value in dollars","Saudi Arabia 10%, Turkey 9%, Italy 6%, USA 5%, UAE 5% (2023)note: top five export partners based on percentage share of exports","refined petroleum, wheat, plastics, natural gas, packaged medicine (2023)note: top five import commodities based on value in dollars","China 16%, Saudi Arabia 6%, Russia 6%, USA 6%, Germany 5% (2023)note: top five import partners based on percentage share of imports"
El Salvador,Republic of El Salvador,San Salvador,tropical; rainy season (May to October); dry season (November to April); tropical on coast; temperate in uplands,mostly mountains with narrow coastal belt and central plateau,307 km,deforestation; soil erosion; water pollution; contamination of soils from disposal of toxic wastes,"Biodiversity, Climate Change, Climate Change-Kyoto Protocol, Climate Change-Paris Agreement, Comprehensive Nuclear Test Ban, Desertification, Endangered Species, Hazardous Wastes, Nuclear Test Ban, Ozone Layer Protection, Ship Pollution, Wetlands","Central America, bordering the North Pacific Ocean, between Guatemala and Honduras",Central America and the Caribbean,about the same size as New Jersey,presidential republic,15 September 1821 (from Spain),"ACS, BCIE, CACM, CD, CELAC, FAO, G-11, G-77, IADB, IAEA, IBRD, ICAO, ICC (national committees), ICRM, IDA, IFAD, IFC, IFRCS, ILO, IMF, IMO, Interpol, IOC, IOM, IPU, ISO (correspondent), ITSO, ITU, ITUC (NGOs), LAES, LAIA (observer), MIGA, MINURSO, MINUSTAH, NAM (observer), OAS, OPANAL, OPCW, Pacific Alliance (observer), PCA, Petrocaribe, SICA, UN, UNCTAD, UNESCO, UNIDO, UNIFIL, Union Latina, UNISFA, UNMISS, UNOCI, UNOOSA, UNWTO, UPU, WCO, WFTU (NGOs), WHO, WIPO, WMO, WTO",1.2% of GDP (2023 est.)1.2% of GDP (2022 est.)1.2% of GDP (2021 est.)1.2% of GDP (2020 est.)1.2% of GDP (2019 est.),"Mestizo 86.3%, White 12.7%, Indigenous 0.2% (includes Lenca, Kakawira, Nahua-Pipil), Black 0.1%, other 0.6% (2007 est.)","Spanish (official), Nawat (among some indigenous)","Roman Catholic 43.9%, Protestant 39.6% (Evangelical - unspecified 38.2%, Evangelical - Methodist 1.3%, Evangelical - Baptist 0.1%), none 16.3%, unspecified 0.2% (2023 est.)","11.7 deaths/1,000 live births (2024 est.)",75.9 years (2024 est.),0.34% (2024 est.),"athough it is the smallest country in land area in Central America, El Salvador has a population that is 18 times larger than Belize; at least 20% of the population lives abroad; high population density country-wide, with particular concentration around the capital of San Salvador",91.30%,87.3% (2019),29.7 years (2024 est.),"-7.7 migrant(s)/1,000 population (2024 est.)",,$34.016 billion (2023 est.)note: data in current dollars at official exchange rate,"$11,400 (2023 est.)$11,100 (2022 est.)$10,800 (2021 est.)note: data in 2021 dollars","hydropower, geothermal power, petroleum, arable land",33.10%,"garments, plastic products, electrical capacitors, raw sugar, toilet paper (2023)note: top five export commodities based on value in dollars","USA 36%, Guatemala 17%, Honduras 15%, Nicaragua 8%, Costa Rica 5% (2023)note: top five export partners based on percentage share of exports","refined petroleum, natural gas, garments, packaged medicine, plastics (2023)note: top five import commodities based on value in dollars","USA 28%, China 15%, Guatemala 11%, Mexico 8%, Honduras 5% (2023)note: top five import partners based on percentage share of imports"
Equatorial Guinea,Republic of Equatorial Guinea,Ciudad de La Paz,"tropical; always hot, humid",coastal plains rise to interior hills; islands are volcanic,296 km,"deforestation (forests are threatened by agricultural expansion, fires, and grazing); desertification; water pollution (tap water is non-potable); wildlife preservation","Biodiversity, Climate Change, Climate Change-Kyoto Protocol, Climate Change-Paris Agreement, Desertification, Endangered Species, Hazardous Wastes, Law of the Sea, Marine Dumping-London Convention, Nuclear Test Ban, Ozone Layer Protection, Ship Pollution, Wetlands","Central Africa, bordering the Bight of Biafra, between Cameroon and Gabon",Africa,slightly smaller than Maryland,presidential republic,12 October 1968 (from Spain),"ACP, AfDB, AU, BDEAC, CEMAC, CPLP, FAO, Francophonie, FZ, G-77, IBRD, ICAO, ICRM, IDA, IFAD, IFC, IFRCS, ILO, IMF, IMO, Interpol, IOC, IPU, ITSO, ITU, MIGA, NAM, OAS (observer), OIF, OPCW, UN, UNCTAD, UNESCO, UNIDO, UNWTO, UPU, WHO, WIPO, WTO (observer)",1.6% of GDP (2023 est.)1.1% of GDP (2022 est.)1.3% of GDP (2021 est.)1.5% of GDP (2020 est.)1.5% of GDP (2019 est.),"Fang 78.1%, Bubi 9.4%, Ndowe 2.8%, Nanguedambo 2.7%, Bisio 0.9%, foreigner 5.3%, other 0.7%, unspecified 0.2% (2011 est.)","Spanish (official) 67.6%, other (includes Fang, Bubi, Portuguese (official), French (official), Fa d'Ambo spoken in Annobon) 32.4% (1994 est.)","Roman Catholic 88%, Protestant 5%, Muslim 2%, other 5% (animist, Baha'i, Jewish) (2015 est.)","77.4 deaths/1,000 live births (2024 est.)",63.9 years (2024 est.),3.23% (2024 est.),"only two large cities over 30,000 people (Bata on the mainland, and the capital Malabo on the island of Bioko); small communities are scattered throughout the mainland and the five inhabited islands as shown in this population distribution map",97.40%,93% (2015),22.1 years (2024 est.),"12.1 migrant(s)/1,000 population (2024 est.)",,$12.338 billion (2023 est.)note: data in current dollars at official exchange rate,"$15,700 (2023 est.)$16,900 (2022 est.)$16,800 (2021 est.)note: data in 2021 dollars","petroleum, natural gas, timber, gold, bauxite, diamonds, tantalum, sand and gravel, clay",4.30%,"crude petroleum, natural gas, alcohols, wood, scrap iron (2023)note: top five export commodities based on value in dollars","China 27%, Netherlands 12%, Spain 10%, Italy 7%, Germany 6% (2023)note: top five export partners based on percentage share of exports","ships, poultry, plastic products, beer, valves (2023)note: top five import commodities based on value in dollars","China 20%, Spain 17%, USA 10%, Gabon 5%, UK 5% (2023)note: top five import partners based on percentage share of imports"
Eritrea,State of Eritrea,Asmara,"hot, dry desert strip along Red Sea coast; cooler and wetter in the central highlands (up to 61 cm of rainfall annually, heaviest June to September); semiarid in western hills and lowlands","dominated by extension of Ethiopian north-south trending highlands, descending on the east to a coastal desert plain, on the northwest to hilly terrain and on the southwest to flat-to-rolling plains","2,234 km (mainland on Red Sea 1,151 km, islands in Red Sea 1,083 km)",deforestation; desertification; soil erosion; overgrazing,"Biodiversity, Climate Change, Climate Change-Kyoto Protocol, Comprehensive Nuclear Test Ban, Desertification, Endangered Species, Hazardous Wastes, Ozone Layer Protection, Whaling","Eastern Africa, bordering the Red Sea, between Djibouti and Sudan",Africa,slightly smaller than Pennsylvania,presidential republic,24 May 1993 (from Ethiopia),"ACP, AfDB, AU, COMESA, FAO, G-77, IAEA, IBRD, ICAO, ICC (NGOs), IDA, IFAD, IFC, IFRCS (observer), IGAD, ILO, IMF, IMO, Interpol, IOC, ISO (correspondent), ITU, ITUC (NGOs), LAS (observer), MIGA, NAM, OPCW, PCA, UN, UNCTAD, UNESCO, UNHRC, UNIDO, UNWTO, UPU, WCO, WFTU (NGOs), WHO, WIPO, WMO",10% of GDP (2019 est.)10.2% of GDP (2018 est.)10.3% of GDP (2017 est.)10.4% of GDP (2016 est.)10.6% of GDP (2015 est.),"Tigrinya 50%, Tigre 30%, Saho 4%, Afar 4%, Kunama 4%, Bilen 3%, Hedareb/Beja 2%, Nara 2%, Rashaida 1% (2021 est.)","Tigrinya (official), Arabic (official), English (official), Tigre, Kunama, Afar, other Cushitic languages","Eritrean Orthodox, Roman Catholic, Evangelical Lutheran, Sunni Muslim","39.8 deaths/1,000 live births (2024 est.)",67.5 years (2024 est.),1.12% (2024 est.),density is highest in the center of the country in and around the cities of Asmara (capital) and Keren; smaller settlements exist in the north and south as shown in this population distribution map,84.40%,68.9% (2018),21.3 years (2024 est.),"-8.7 migrant(s)/1,000 population (2024 est.)",,$5.813 billion (2017 est.),"$1,600 (2017 est.)$1,500 (2016 est.)$1,500 (2015 est.)","gold, potash, zinc, copper, salt, possibly oil and natural gas, fish",6.80%,"copper ore, zinc ore, gold, garments, liquor (2023)note: top five export commodities based on value in dollars","China 67%, UAE 26%, Philippines 5%, Italy 1%, Croatia 1% (2023)note: top five export partners based on percentage share of exports","trucks, sorghum, construction vehicles, wheat flours, other foods (2023)note: top five import commodities based on value in dollars","China 32%, UAE 27%, Turkey 9%, USA 7%, Italy 5% (2023)note: top five import partners based on percentage share of imports"
Estonia,Republic of Estonia,Tallinn,"maritime; wet, moderate winters, cool summers","marshy, lowlands; flat in the north, hilly in the south","3,794 km","air polluted with sulfur dioxide from oil-shale burning power plants in northeast; however, the amounts of pollutants emitted into the air have fallen dramatically and the pollution load of wastewater at purification plants has decreased substantially due to improved technology and environmental monitoring; Estonia has more than 1,400 natural and manmade lakes, the smaller of which in agricultural areas need to be monitored; coastal seawater is polluted in certain locations","Air Pollution, Air Pollution-Heavy Metals, Air Pollution-Nitrogen Oxides, Air Pollution-Persistent Organic Pollutants, Air Pollution-Sulphur 85, Air Pollution-Volatile Organic Compounds, Antarctic Treaty, Biodiversity, Climate Change, Climate Change-Kyoto Protocol, Climate Change-Paris Agreement, Comprehensive Nuclear Test Ban, Desertification, Endangered Species, Environmental Modification, Hazardous Wastes, Law of the Sea, Marine Dumping-London Protocol, Ozone Layer Protection, Ship Pollution, Tropical Timber 2006, Wetlands, Whaling","Eastern Europe, bordering the Baltic Sea and Gulf of Finland, between Latvia and Russia",Europe,about twice the size of New Jersey,parliamentary republic,24 February 1918 (from Soviet Russia); 20 August 1991 (declared from the Soviet Union); 6 September 1991 (recognized by the Soviet Union),"Australia Group, BA, BIS, CBSS, CD, CE, EAPC, EBRD, ECB, EIB, EMU, ESA (cooperating state), EU, FAO, IAEA, IBRD, ICAO, ICC (national committees), ICCt, ICRM, IDA, IEA, IFAD, IFC, IFRCS, IHO, ILO, IMF, IMO, Interpol, IOC, IOM, IPU, ISO, ITSO, ITU, ITUC (NGOs), MIGA, NATO, NIB, NSG, OAS (observer), OECD, OIF (observer), OPCW, OSCE, PCA, Schengen Convention, UN, UNCTAD, UNESCO, UNHCR, UNTSO, UPU, Wassenaar Arrangement, WCO, WHO, WIPO, WMO, WTO",3.4% of GDP (2024 est.)2.9% of GDP (2023)2.2% of GDP (2022)2% of GDP (2021)2.3% of GDP (2020),"Estonian 69.1%, Russian 23.7%, Ukrainian 2.1%, other 4.6%, unspecified 0.5% (2021 est.)","Estonian (official) 67.2%, Russian 28.5%, other 3.7%, unspecified 0.6% (2021est.)","Orthodox 16.5%, Protestant 9.2% (Lutheran 7.7%, other Protestant 1.5%), other 3% (includes Roman Catholic, Muslim, Jehovah's Witness, Pentecostal, Buddhist, and Taara Believer), none 58.4%, unspecified 12.9% (2021 est.)","3.3 deaths/1,000 live births (2024 est.)",78.4 years (2024 est.),-0.76% (2024 est.),"a fairly even distribution throughout most of the country, with urban areas attracting larger and denser populations",99.90%,99.9% (2021),45 years (2024 est.),"-2.7 migrant(s)/1,000 population (2024 est.)","38,020 (Ukraine) (as of 2 March 2024)",$41.291 billion (2023 est.)note: data in current dollars at official exchange rate,"$42,500 (2023 est.)$44,500 (2022 est.)$45,100 (2021 est.)note: data in 2021 dollars","oil shale, peat, rare earth elements, phosphorite, clay, limestone, sand, dolomite, arable land, sea mud",14.90%,"cars, wood, broadcasting equipment, refined petroleum, prefabricated buildings (2023)note: top five export commodities based on value in dollars","Finland 14%, Latvia 10%, Lithuania 9%, Sweden 7%, Russia 6% (2023)note: top five export partners based on percentage share of exports","cars, refined petroleum, broadcasting equipment, natural gas, packaged medicine (2023)note: top five import commodities based on value in dollars","Finland 11%, Germany 11%, China 10%, Lithuania 6%, Poland 6% (2023)note: top five import partners based on percentage share of imports"
Eswatini,Kingdom of Eswatini,Mbabane,varies from tropical to near temperate,mostly mountains and hills; some moderately sloping plains,0 km (landlocked),"limited supplies of potable water; wildlife populations being depleted because of excessive hunting; population growth, deforestation, and overgrazing lead to soil erosion and soil degradation","Biodiversity, Climate Change, Climate Change-Kyoto Protocol, Climate Change-Paris Agreement, Comprehensive Nuclear Test Ban, Desertification, Endangered Species, Hazardous Wastes, Law of the Sea, Nuclear Test Ban, Ozone Layer Protection, Wetlands","Southern Africa, between Mozambique and South Africa",Africa,slightly smaller than New Jersey,absolute monarchy,6 September 1968 (from the UK),"ACP, AfDB, AU, C, COMESA, FAO, G-77, IAEA, IBRD, ICAO, ICRM, IDA, IFAD, IFC, IFRCS, ILO, IMF, IMO, Interpol, IOC, IOM, ISO (correspondent), ITSO, ITU, ITUC (NGOs), MIGA, NAM, OPCW, PCA, SACU, SADC, UN, UNCTAD, UNESCO, UNIDO, UNWTO, UPU, WCO, WHO, WIPO, WMO, WTO",1.6% of GDP (2023 est.)1.6% of GDP (2022 est.)1.7% of GDP (2021 est.)1.8% of GDP (2020 est.)1.9% of GDP (2019 est.),"predominantly Swazi; smaller populations of other African ethnic groups, including the Zulu, as well as people of European ancestry","English (official, used for government business), siSwati (official)","Christian 90% (Zionist - a blend of Christianity and traditional African religions - 40%, Roman Catholic 20%, other Christian 30% - includes Anglican, Methodist, Church of Jesus Christ, Jehovah's Witness), Muslim 2%, other 8% (includes Baha'i, Buddhist, Hindu, indigenous, Jewish) (2015 est.)","36.7 deaths/1,000 live births (2024 est.)",60.7 years (2024 est.),0.7% (2024 est.),"because of its mountainous terrain, the population distribution is uneven throughout the country, concentrating primarily in valleys and plains as shown in this population distribution map",88.30%,88.5% (2018),24.6 years (2024 est.),"-6 migrant(s)/1,000 population (2024 est.)",,$4.443 billion (2023 est.)note: data in current dollars at official exchange rate,"$10,100 (2023 est.)$9,700 (2022 est.)$9,800 (2021 est.)note: data in 2021 dollars","asbestos, coal, clay, cassiterite, hydropower, forests, small gold and diamond deposits, quarry stone, and talc",9.80%,"scented mixtures, raw sugar, industrial acids/oils/alcohols, garments, wood (2023)note: top five export commodities based on value in dollars","South Africa 61%, Ireland 4%, Mozambique 4%, Kenya 4%, Nigeria 3% (2023)note: top five export partners based on percentage share of exports","refined petroleum, electricity, plastic products, cotton fabric, garments (2023)note: top five import commodities based on value in dollars","South Africa 71%, China 8%, India 4%, USA 2%, Mozambique 1% (2023)note: top five import partners based on percentage share of imports"
Ethiopia,Federal Democratic Republic of Ethiopia,Addis Ababa,tropical monsoon with wide topographic-induced variation,high plateau with central mountain range divided by Great Rift Valley,0 km (landlocked),"deforestation; overgrazing; soil erosion; desertification; loss of biodiversity; water shortages in some areas from water-intensive farming and poor management; industrial pollution and pesticides contribute to air, water, and soil pollution","Biodiversity, Climate Change, Climate Change-Kyoto Protocol, Climate Change-Paris Agreement, Comprehensive Nuclear Test Ban, Desertification, Endangered Species, Hazardous Wastes, Ozone Layer Protection","Eastern Africa, west of Somalia",Africa,slightly less than twice the size of Texas,federal parliamentary republic,"oldest independent country in Africa and one of the oldest in the world - at least 2,000 years (may be traced to the Aksumite Kingdom, which coalesced in the first century B.C.)","ACP, AfDB, ATMIS, AU, BRICS, COMESA, EITI, FAO, G-24, G-77, IAEA, IBRD, ICAO, ICRM, IDA, IFAD, IFC, IFRCS, IGAD, ILO, IMF, IMO, Interpol, IOC, IOM, IPU, ISO, ITSO, ITU, ITUC (NGOs), MIGA, NAM, OPCW, PCA, UN, UNCTAD, UNESCO, UNHCR, UNIDO, UNMISS, UNOOSA, UNWTO, UPU, WCO, WFTU (NGOs), WHO, WIPO, WMO, WTO (accession candidate)",1% of GDP (2023 est.)1.7% of GDP (2022 est.)0.5% of GDP (2021 est.)0.5% of GDP (2020 est.)0.6% of GDP (2019 est.),"Oromo 35.8%, Amhara 24.1%, Somali 7.2%, Tigray 5.7%, Sidama 4.1%, Guragie 2.6%, Welaita 2.3%, Afar 2.2%, Silte 1.3%, Kefficho 1.2%, other 13.5% (2022 est.)","Oromo (official regional working language) 33.8%, Amharic (official national language) 29.3%, Somali (official regional working language) 6.2%, Tigrigna (Tigrinya) (official regional working language) 5.9%, Sidamo 4%, Wolaytta 2.2%, Gurage 2%, Afar (official regional working language) 1.7%, Hadiyya 1.7%, Gamo 1.5%, Gedeo 1.3%, Opuuo 1.2%, Kafa 1.1%, other 8.1%, English (2007 est.)","Ethiopian Orthodox 43.8%, Muslim 31.3%, Protestant 22.8%, Catholic 0.7%, traditional 0.6%, other 0.8% (2016 est.)","32.6 deaths/1,000 live births (2024 est.)",67.7 years (2024 est.),2.37% (2024 est.),"highest density is found in the highlands of the north and middle areas of the country, particularly around the centrally located capital city of Addis Ababa; the far east and southeast are sparsely populated as shown in this population distribution map",57.20%,44.4% (2017),20.4 years (2024 est.),"-0.1 migrant(s)/1,000 population (2024 est.)","167,391 (Eritrea) (2023); 420,502 (South Sudan), 314,976 (Somalia), 111,778 (Sudan) (refugees since 15 April 2023) (2024)",$163.698 billion (2023 est.)note: data in current dollars at official exchange rate,"$2,800 (2023 est.)$2,700 (2022 est.)$2,600 (2021 est.)note: data in 2021 dollars","small reserves of gold, platinum, copper, potash, natural gas, hydropower",15.20%,"coffee, garments, dried legumes, cut flowers, oil seeds (2023)note: top five export commodities based on value in dollars","USA 12%, China 10%, UAE 8%, Saudi Arabia 8%, Netherlands 5% (2023)note: top five export partners based on percentage share of exports","refined petroleum, fertilizers, plastics, raw sugar, cars (2023)note: top five import commodities based on value in dollars","China 26%, Djibouti 16%, India 7%, Kuwait 7%, Saudi Arabia 6% (2023)note: top five import partners based on percentage share of imports"
Fiji,Republic of Fiji,Suva,tropical marine; only slight seasonal temperature variation,mostly mountains of volcanic origin,"1,129 km","the widespread practice of waste incineration is a major contributor to air pollution in the country, as are vehicle emissions in urban areas; deforestation and soil erosion are significant problems; a contributory factor to erosion is clearing of land by bush burning, a widespread practice that threatens biodiversity","Biodiversity, Climate Change, Climate Change-Kyoto Protocol, Climate Change-Paris Agreement, Comprehensive Nuclear Test Ban, Desertification, Endangered Species, Law of the Sea, Marine Life Conservation, Nuclear Test Ban, Ozone Layer Protection, Ship Pollution, Tropical Timber 2006, Wetlands","Oceania, island group in the South Pacific Ocean, about two-thirds of the way from Hawaii to New Zealand",Oceania,slightly smaller than New Jersey,parliamentary republic,10 October 1970 (from the UK),"ACP, ADB, AOSIS, C, CP, FAO, G-77, IAEA, IBRD, ICAO, ICCt, ICRM, IDA, IFAD, IFC, IFRCS, IHO, ILO, IMF, IMO, Interpol, IOC, IOM, ISO, ITSO, ITU, ITUC (NGOs), MIGA, OPCW, PCA, PIF, Sparteca (suspended), SPC, UN, UNCTAD, UNDOF, UNESCO, UNIDO, UNISFA, UNMISS, UNWTO, UPU, WCO, WFTU (NGOs), WHO, WIPO, WMO, WTO",1.1% of GDP (2023 est.)1.2% of GDP (2022 est.)1.5% of GDP (2021 est.)1.4% of GDP (2020 est.)1.6% of GDP (2019 est.),"iTaukei 56.8% (predominantly Melanesian with a Polynesian admixture), Indo-Fijian 37.5%, Rotuman 1.2%, other 4.5% (European, part European, other Pacific Islanders, Chinese) (2007 est.)","English (official), iTaukei (official), Fiji Hindi (official)","Protestant 45% (Methodist 34.6%, Assembly of God 5.7%, Seventh Day Adventist 3.9%, and Anglican 0.8%), Hindu 27.9%, other Christian 10.4%, Roman Catholic 9.1%, Muslim 6.3%, Sikh 0.3%, other 0.3%, none 0.8% (2007 est.)","9.7 deaths/1,000 live births (2024 est.)",74.8 years (2024 est.),0.4% (2024 est.),approximately 70% of the population lives on the island of Viti Levu; roughly half of the population lives in urban areas,99.10%,99.1% (2018),31.6 years (2024 est.),"-5.5 migrant(s)/1,000 population (2024 est.)",,$5.442 billion (2023 est.)note: data in current dollars at official exchange rate,"$13,700 (2023 est.)$12,800 (2022 est.)$10,700 (2021 est.)note: data in 2021 dollars","timber, fish, gold, copper, offshore oil potential, hydropower",9%,"water, fish, raw sugar, refined petroleum, garments (2023)note: top five export commodities based on value in dollars","USA 32%, Australia 12%, Tonga 6%, NZ 6%, Samoa 4% (2023)note: top five export partners based on percentage share of exports","refined petroleum, medical instruments, cars, broadcasting equipment, plastics (2023)note: top five import commodities based on value in dollars","Singapore 25%, China 16%, Australia 15%, NZ 14%, USA 5% (2023)note: top five import partners based on percentage share of imports"
Finland,Republic of Finland,Helsinki,"cold temperate; potentially subarctic but comparatively mild because of moderating influence of the North Atlantic Current, Baltic Sea, and more than 60,000 lakes","mostly low, flat to rolling plains interspersed with lakes and low hills","1,250 km","limited air pollution in urban centers; some water pollution from industrial wastes, agricultural chemicals; habitat loss threatens wildlife populations","Air Pollution, Air Pollution-Heavy Metals, Air Pollution-Multi-effect Protocol, Air Pollution-Nitrogen Oxides, Air Pollution-Persistent Organic Pollutants, Air Pollution-Sulphur 85, Air Pollution-Sulphur 94, Air Pollution-Volatile Organic Compounds, Antarctic-Environmental Protection, Antarctic-Marine Living Resources, Antarctic Treaty, Biodiversity, Climate Change, Climate Change-Kyoto Protocol, Climate Change-Paris Agreement, Comprehensive Nuclear Test Ban, Desertification, Endangered Species, Environmental Modification, Hazardous Wastes, Law of the Sea, Marine Dumping-London Convention, Marine Dumping-London Protocol, Marine Life Conservation, Nuclear Test Ban, Ozone Layer Protection, Ship Pollution, Tropical Timber 2006, Wetlands, Whaling","Northern Europe, bordering the Baltic Sea, Gulf of Bothnia, and Gulf of Finland, between Sweden and Russia",Europe,slightly more than two times the size of Georgia; slightly smaller than Montana,parliamentary republic,6 December 1917 (from Russia),"ADB (nonregional member), AfDB (nonregional member), Arctic Council, Australia Group, BIS, CBSS, CD, CE, CERN, EAPC, EBRD, ECB, EIB, EITI (implementing country), EMU, ESA, EU, FAO, FATF, G-9, IADB, IAEA, IBRD, ICAO, ICC (national committees), ICCt, ICRM, IDA, IEA, IFAD, IFC, IFRCS, IHO, ILO, IMF, IMO, IMSO, Interpol, IOC, IOM, IPU, ISO, ITSO, ITU, ITUC (NGOs), MIGA, NATO, NC, NEA, NIB, NSG, OAS (observer), OECD, OPCW, OSCE, Pacific Alliance (observer), Paris Club, PCA, PFP, Schengen Convention, UN, UNCTAD, UNESCO, UNHCR, UNHRC, UNIDO, UNIFIL, UNMIL, UNMOGIP, UNOOSA, UNRWA, UNSOM, UNTSO, UPU, Wassenaar Arrangement, WCO, WFTU (NGOs), WHO, WIPO, WMO, WTO, ZC",2.4% of GDP (2024 est.)2.5% of GDP (2023)2% of GDP (2022)1.9% of GDP (2021)1.5% of GDP (2020),"Finnish, Swedish, Russian, Estonian, Romani, Sami","Finnish (official) 85.9%, Swedish (official) 5.2%, Russian 1.7%, other 7.2% (2022 est.)","Lutheran 66.6%, Greek Orthodox 1.1%, other 1.7%, none 30.6% (2022 est.)","2.1 deaths/1,000 live births (2024 est.)",82.2 years (2024 est.),0.2% (2024 est.),the vast majority of people are found in the south; the northern interior areas remain sparsely populated,,,43.3 years (2024 est.),"2.2 migrant(s)/1,000 population (2024 est.)","9,175 (Iraq) (mid-year 2022); 66,195 (Ukraine) (as of 29 February 2024)",$295.532 billion (2023 est.)note: data in current dollars at official exchange rate,"$57,100 (2023 est.)$58,000 (2022 est.)$57,400 (2021 est.)note: data in 2021 dollars","timber, iron ore, copper, lead, zinc, chromite, nickel, gold, silver, limestone",7.40%,"paper, refined petroleum, steel, wood pulp, ships (2023)note: top five export commodities based on value in dollars","USA 11%, Germany 11%, Sweden 10%, Netherlands 7%, China 5% (2023)note: top five export partners based on percentage share of exports","crude petroleum, cars, refined petroleum, packaged medicine, broadcasting equipment (2023)note: top five import commodities based on value in dollars","Germany 14%, Sweden 12%, China 9%, Norway 8%, Netherlands 5% (2023)note: top five import partners based on percentage share of imports"
France,French Republic,Paris,,,"4,853 km","some forest damage from acid rain; air pollution from industrial and vehicle emissions; water pollution from urban wastes, agricultural runoff","Air Pollution, Air Pollution-Heavy Metals, Air Pollution-Multi-effect Protocol, Air Pollution-Nitrogen Oxides, Air Pollution-Persistent Organic Pollutants, Air Pollution-Sulphur 85, Air Pollution-Sulphur 94, Air Pollution-Volatile Organic Compounds, Antarctic-Environmental Protection, Antarctic-Marine Living Resources, Antarctic Seals, Antarctic Treaty, Biodiversity, Climate Change, Climate Change-Kyoto Protocol, Climate Change-Paris Agreement, Comprehensive Nuclear Test Ban, Desertification, Endangered Species, Hazardous Wastes, Law of the Sea, Marine Dumping-London Convention, Marine Dumping-London Protocol, Marine Life Conservation, Ozone Layer Protection, Ship Pollution, Tropical Timber 2006, Wetlands, Whaling",,,slightly more than four times the size of Georgia; slightly less than the size of Texas,semi-presidential republic,no official date of independence: 486 (Frankish tribes unified under Merovingian kingship); 10 August 843 (Western Francia established from the division of the Carolingian Empire); 14 July 1789 (French monarchy overthrown); 22 September 1792 (First French Republic founded); 4 October 1958 (Fifth French Republic established),"ADB (nonregional member), AfDB (nonregional member), Arctic Council (observer), Australia Group, BDEAC, BIS, BSEC (observer), CBSS (observer), CE, CERN, EAPC, EBRD, ECB, EIB, EITI (implementing country), EMU, ESA, EU, FAO, FATF, FZ, G-5, G-7, G-8, G-10, G-20, IADB, IAEA, IBRD, ICAO, ICC (national committees), ICCt, ICRM, IDA, IEA, IFAD, IFC, IFRCS, IGAD (partners), IHO, ILO, IMF, IMO, IMSO, InOC, Interpol, IOC, IOM, IPU, ISO, ITSO, ITU, ITUC (NGOs), MIGA, MINURSO, MINUSTAH, MONUSCO, NATO, NEA, NSG, OAS (observer), OECD, OIF, OPCW, OSCE, Pacific Alliance (observer), Paris Club, PCA, PIF (partner), Schengen Convention, SELEC (observer), SPC, UN, UNCTAD, UNESCO, UNHCR, UNHRC, UNIDO, UNIFIL, Union Latina, UNMIL, UNOCI, UNOOSA, UNRWA, UN Security Council (permanent), UNTSO, UNWTO, UPU, Wassenaar Arrangement, WCO, WFTU (NGOs), WHO, WIPO, WMO, WTO, ZC",2.1% of GDP (2024 est.)1.9% of GDP (2023)1.9% of GDP (2022)1.9% of GDP (2021)2% of GDP (2020),"Celtic and Latin with Teutonic, Slavic, North African (Algerian, Moroccan, Tunisian), Indochinese, Basque minorities","French (official) 100%, declining regional dialects and languages (Provencal, Breton, Alsatian, Corsican, Catalan, Basque, Flemish, Occitan, Picard)","Roman Catholic 47%, Muslim 4%, Protestant 2%, Buddhist 2%, Orthodox 1%, Jewish 1%, other 1%, none 33%, unspecified 9% (2021 est.)","3.1 deaths/1,000 live births (2024 est.)",82.6 years (2024 est.),0.2% (2024 est.),"much of the population is concentrated in the north and southeast; although there are many urban agglomerations throughout the country, Paris is by far the largest city, with Lyon ranked a distant second",,,42.6 years (2024 est.),"1.1 migrant(s)/1,000 population (2024 est.)","55,681 (Afghanistan), 39,091 (Syria), 33,834 (Sri Lanka), 33,148 (Russia), 31,935 (Democratic Republic of the Congo), 24,223 (Sudan), 21,225 (Guinea), 18,008 (Serbia and Kosovo), 17,032 (Turkey), 13,974 (Iraq), 12,286 (Cote d'Ivoire), 11,489 (Eritrea), 11,012 (Cambodia), 10,543 (China), 10,236 (Albania), 10,210 (Somalia), 8,858 (Bangladesh), 8,124 (Mauritania), 8,101 (Mali), 7,991 (Vietnam), 6,913 (Bosnia and Herzegovina), 6,910 (Haiti), 6,808 (Angola), 6,498 (Laos), 6,417 (Armenia), 6,111 (Nigeria), 5,896 (Georgia) (mid-year 2022); 69,462 (Ukraine) (as of 31 January 2024)",$3.052 trillion (2023 est.)note: data in current dollars at official exchange rate,"$55,400 (2023 est.)$55,100 (2022 est.)$53,900 (2021 est.)","metropolitan France: coal, iron ore, bauxite, zinc, uranium, antimony, arsenic, potash, feldspar, fluorspar, gypsum, timber, arable land, fish; French Guiana: gold deposits, petroleum, kaolin, niobium, tantalum, clay",33.40%,"aircraft, cars, packaged medicine, gas turbines, vehicle parts/accessories (2023)note: top five export commodities based on value in dollars","Germany 11%, Italy 9%, USA 8%, Belgium 8%, Spain 7% (2023)note: top five export partners based on percentage share of exports","cars, natural gas, crude petroleum, refined petroleum, garments (2023)note: top five import commodities based on value in dollars","Germany 15%, Belgium 11%, Netherlands 9%, Spain 8%, Italy 8% (2023)note: top five import partners based on percentage share of imports"
Gabon,Gabonese Republic,Libreville,"tropical; always hot, humid",narrow coastal plain; hilly interior; savanna in east and south,885 km,deforestation (the forests that cover three-quarters of the country are threatened by excessive logging); burgeoning population exacerbating disposal of solid waste; oil industry contributing to water pollution; wildlife poaching,"Biodiversity, Climate Change, Climate Change-Kyoto Protocol, Climate Change-Paris Agreement, Comprehensive Nuclear Test Ban, Desertification, Endangered Species, Hazardous Wastes, Law of the Sea, Marine Dumping-London Convention, Nuclear Test Ban, Ozone Layer Protection, Ship Pollution, Tropical Timber 2006, Wetlands, Whaling","Central Africa, bordering the Atlantic Ocean at the Equator, between Republic of the Congo and Equatorial Guinea",Africa,slightly smaller than Colorado,presidential republic,17 August 1960 (from France),"ACP, AfDB, AU (suspended), BDEAC, CEMAC, FAO, FZ, G-24, G-77, IAEA, IBRD, ICAO, ICCt, ICRM, IDA, IDB, IFAD, IFC, IFRCS, ILO, IMF, IMO, IMSO, Interpol, IOC, IOM, IPU, ISO, ITSO, ITU, ITUC (NGOs), MIGA, MINUSCA, NAM, OIC, OIF, OPCW, UN, UNCTAD, UNESCO, UNIDO, UNWTO, UPU, WCO, WHO, WIPO, WMO, WTO",1.3% of GDP (2023 est.)1.3% of GDP (2022 est.)1.7% of GDP (2021 est.)1.8% of GDP (2020 est.)1.6% of GDP (2019 est.),"Fang 23.5%, Shira-Punu'Vii 20.6%, Nzabi-Duma 11.2%, Mbede-Teke 5.6%, Myene 4.4%, Kota-Kele 4.3%, Okande-Tsogho 1.6%, other 12.6%, foreigner 16.2% (2021 est.)","French (official), Fang, Myene, Nzebi, Bapounou/Eschira, Bandjabi","Protestant 46.4% (Revival Church 37%, other Protestant 9.4%), Roman Catholic 29.8%, other Christian 4%, Muslim 10.8%, traditional/animist 1.1%, other 0.9%, none 7% (2019-21 est.)","26.9 deaths/1,000 live births (2024 est.)",70.4 years (2024 est.),2.37% (2024 est.),"the relatively small population is spread in pockets throughout the country; the largest urban center is the capital of Libreville, located along the Atlantic coast in the northwest as shown in this population distribution map",86.20%,84.7% (2021),22 years (2024 est.),"3.5 migrant(s)/1,000 population (2024 est.)",,$19.388 billion (2023 est.)note: data in current dollars at official exchange rate,"$18,700 (2023 est.)$18,700 (2022 est.)$18,500 (2021 est.)note: data in 2021 dollars","petroleum, natural gas, diamond, niobium, manganese, uranium, gold, timber, iron ore, hydropower",1.20%,"crude petroleum, ships, manganese ore, refined petroleum, wood (2023)note: top five export commodities based on value in dollars","China 26%, Indonesia 8%, Spain 7%, Israel 6%, Congo, Republic of the 5% (2023)note: top five export partners based on percentage share of exports","ships, refined petroleum, iron pipes, cars, packaged medicine (2023)note: top five import commodities based on value in dollars","France 14%, China 13%, S. Korea 13%, USA 7%, India 4% (2023)note: top five import partners based on percentage share of imports"
The Gambia,Republic of The Gambia,Banjul,"tropical; hot, rainy season (June to November); cooler, dry season (November to May)",flood plain of the Gambia River flanked by some low hills,80 km,deforestation due to slash-and-burn agriculture; desertification; water pollution; water-borne diseases,"Biodiversity, Climate Change, Climate Change-Kyoto Protocol, Climate Change-Paris Agreement, Desertification, Endangered Species, Hazardous Wastes, Law of the Sea, Nuclear Test Ban, Ozone Layer Protection, Ship Pollution, Wetlands, Whaling","Western Africa, bordering the North Atlantic Ocean and Senegal",Africa,slightly less than twice the size of Delaware,presidential republic,18 February 1965 (from the UK),"ACP, AfDB, AU, ECOWAS, FAO, G-77, IBRD, ICAO, ICCt, ICRM, IDA, IDB, IFAD, IFC, IFRCS, ILO, IMF, IMO, Interpol, IOC, IOM, IPU, ISO (correspondent), ITSO, ITU, ITUC (NGOs), MIGA, NAM, OIC, OPCW, UN, UNAMID, UNCTAD, UNESCO, UNHRC, UNIDO, UNISFA, UNMIL, UNOCI, UNWTO, UPU, WCO, WFTU (NGOs), WHO, WIPO, WMO, WTO",0.6% of GDP (2023 est.)0.7% of GDP (2022 est.)0.8% of GDP (2021 est.)0.8% of GDP (2020 est.)0.8% of GDP (2019 est.),"Mandinka/Jahanka 33.3%, Fulani/Tukulur/Lorobo 18.2%, Wolof 12.9%, Jola/Karoninka 11%, Serahuleh 7.2%, Serer 3.5%, other 4%, non-Gambian 9.9% (2019-20 est.)","English (official), Mandinka, Wolof, Fula, other indigenous vernaculars","Muslim 96.4%, Christian 3.5%, other or none 0.1% (2019-20 est.)","35.7 deaths/1,000 live births (2024 est.)",68.4 years (2024 est.),2.16% (2024 est.),"settlements are found scattered along the Gambia River; the largest communities, including the capital of Banjul, and the country's largest city, Serekunda, are found at the mouth of the Gambia River along the Atlantic coast as shown in this population distribution map",65.20%,51.2% (2021),20.2 years (2024 est.),"0 migrant(s)/1,000 population (2024 est.)",,$2.396 billion (2023 est.)note: data in current dollars at official exchange rate,"$2,900 (2023 est.)$2,900 (2022 est.)$2,800 (2021 est.)note: data in 2021 dollars","fish, clay, silica sand, titanium (rutile and ilmenite), tin, zircon",41%,"packaged medicine, cars, harvesting machinery, refined petroleum, trailers (2023)note: top five export commodities based on value in dollars","Kazakhstan 92%, Guinea-Bissau 2%, China 1%, India 1%, Greece 1% (2023)note: top five export partners based on percentage share of exports","crude petroleum, refined petroleum, cotton fabric, iron alloys, rice (2023)note: top five import commodities based on value in dollars","Kazakhstan 26%, China 18%, Senegal 8%, India 7%, Brazil 4% (2023)note: top five import partners based on percentage share of imports"
Georgia,none,Tbilisi,warm and pleasant; Mediterranean-like on Black Sea coast,largely mountainous with Great Caucasus Mountains in the north and Lesser Caucasus Mountains in the south; Kolkhet'is Dablobi (Kolkhida Lowland) opens to the Black Sea in the west; Mtkvari River Basin in the east; fertile soils in river valley flood plains and foothills of Kolkhida Lowland,310 km,"air pollution, particularly in Rust'avi; heavy water pollution of Mtkvari River and the Black Sea; inadequate supplies of potable water; soil pollution from toxic chemicals; land and forest degradation; biodiversity loss; waste management","Air Pollution, Biodiversity, Climate Change, Climate Change-Kyoto Protocol, Climate Change-Paris Agreement, Comprehensive Nuclear Test Ban, Desertification, Endangered Species, Hazardous Wastes, Law of the Sea, Marine Dumping-London Protocol, Ozone Layer Protection, Ship Pollution, Wetlands","Southwestern Asia, bordering the Black Sea, between Turkey and Russia, with a sliver of land north of the Caucasus extending into Europe; note - Georgia views itself as part of Europe; geopolitically, it can be classified as falling within Europe, the Middle East, or both",Asia,slightly smaller than South Carolina; slightly larger than West Virginia,semi-presidential republic,9 April 1991 (from the Soviet Union); notable earlier date: A.D. 1008 (Georgia unified under King BAGRAT III),"ADB, BSEC, CD, CE, CPLP (associate), EAPC, EBRD, FAO, G-11, GCTU, GUAM, IAEA, IBRD, ICAO, ICC (national committees), ICCt, ICRM, IDA, IFAD, IFC, IFRCS, ILO, IMF, IMO, Interpol, IOC, IOM, IPU, ISO (correspondent), ITSO, ITU, ITUC (NGOs), MIGA, OAS (observer), OIF (observer), OPCW, OSCE, PFP, SELEC (observer), UN, UNCTAD, UNESCO, UNIDO, UNWTO, UPU, WCO, WHO, WIPO, WMO, WTO",1.7% of GDP (2023 est.)1.7% of GDP (2022 est.)1.7% of GDP (2021 est.)1.8% of GDP (2020 est.)1.8% of GDP (2019 est.),"Georgian 86.8%, Azeri 6.3%, Armenian 4.5%, other 2.3% (includes Russian, Ossetian, Yazidi, Ukrainian, Kist, Greek) (2014 est.)","Georgian (official) 87.6%, Azeri 6.2%, Armenian 3.9%, Russian 1.2%, other 1% (including Abkhaz, the official language in Abkhazia) (2014 est.)","Eastern Orthodox Christian (official) 83.4%, Muslim 10.7%, Armenian Apostolic Christian 2.9%, other 1.2% (includes Roman Catholic Christian, Jehovah's Witness, Yazidi, Protestant Christian, Jewish), none 0.5%, unspecified/no answer 1.2% (2014 est.)","21.7 deaths/1,000 live births (2024 est.)",72.8 years (2024 est.),-0.5% (2024 est.),"settlement concentrated in the central valley, particularly in the capital city of Tbilisi in the east; smaller urban agglomerations dot the Black Sea coast, with Bat'umi being the largest",99.70%,99.5% (2019),38.3 years (2024 est.),"-3.8 migrant(s)/1,000 population (2024 est.)","26,660 (Ukraine) (as of 30 December 2023)",$30.778 billion (2023 est.)note: data in current dollars at official exchange rate,"$22,600 (2023 est.)$21,000 (2022 est.)$18,900 (2021 est.)note: data in 2021 dollars","timber, hydropower, manganese deposits, iron ore, copper, minor coal and oil deposits; coastal climate and soils allow for important tea and citrus growth",5.80%,"cars, copper ore, electricity, garments, wine (2023)note: top five export commodities based on value in dollars","Azerbaijan 13%, Turkey 11%, Armenia 11%, Russia 10%, Kyrgyzstan 8% (2023)note: top five export partners based on percentage share of exports","cars, refined petroleum, packaged medicine, natural gas, garments (2023)note: top five import commodities based on value in dollars","Turkey 16%, USA 13%, Russia 11%, China 8%, Germany 6% (2023)note: top five import partners based on percentage share of imports"
Germany,Federal Republic of Germany,Berlin,"temperate and marine; cool, cloudy, wet winters and summers; occasional warm mountain (foehn) wind","lowlands in north, uplands in center, Bavarian Alps in south","2,389 km","emissions from coal-burning utilities and industries contribute to air pollution; acid rain, resulting from sulfur dioxide emissions, is damaging forests; pollution in the Baltic Sea from raw sewage and industrial effluents from rivers in eastern Germany; hazardous waste disposal; government established a mechanism for ending the use of nuclear power by 2022; government working to meet EU commitment to identify nature preservation areas in line with the EU's Flora, Fauna, and Habitat directive","Air Pollution, Air Pollution-Heavy Metals, Air Pollution-Multi-effect Protocol, Air Pollution-Nitrogen Oxides, Air Pollution-Persistent Organic Pollutants, Air Pollution-Sulphur 85, Air Pollution-Sulphur 94, Air Pollution-Volatile Organic Compounds, Antarctic-Environmental Protection, Antarctic-Marine Living Resources, Antarctic Seals, Antarctic Treaty, Biodiversity, Climate Change, Climate Change-Kyoto Protocol, Climate Change-Paris Agreement, Comprehensive Nuclear Test Ban, Desertification, Endangered Species, Environmental Modification, Hazardous Wastes, Law of the Sea, Marine Dumping-London Convention, Marine Dumping-London Protocol, Nuclear Test Ban, Ozone Layer Protection, Ship Pollution, Tropical Timber 2006, Wetlands, Whaling","Central Europe, bordering the Baltic Sea and the North Sea, between the Netherlands and Poland, south of Denmark",Europe,three times the size of Pennsylvania; slightly smaller than Montana,federal parliamentary republic,"18 January 1871 (establishment of the German Empire); divided into four zones of occupation (UK, US, USSR, and France) in 1945 following World War II; Federal Republic of Germany (FRG or West Germany) proclaimed on 23 May 1949 and included the former UK, US, and French zones; German Democratic Republic (GDR or East Germany) proclaimed on 7 October 1949 and included the former USSR zone; West Germany and East Germany unified on 3 October 1990; all four powers formally relinquished rights on 15 March 1991; notable earlier dates: 10 August 843 (Eastern Francia established from the division of the Carolingian Empire); 2 February 962 (crowning of OTTO I, recognized as the first Holy Roman Emperor)","ADB (nonregional member), AfDB (nonregional member), Arctic Council (observer), Australia Group, BIS, BSEC (observer), CBSS, CD, CDB, CE, CERN, EAPC, EBRD, ECB, EIB, EITI (implementing country), EMU, ESA, EU, FAO, FATF, G-5, G-7, G-8, G-10, G-20, IADB, IAEA, IBRD, ICAO, ICC (national committees), ICCt, ICRM, IDA, IEA, IFAD, IFC, IFRCS, IGAD (partners), IHO, ILO, IMF, IMO, IMSO, Interpol, IOC, IOM, IPU, ISO, ITSO, ITU, ITUC (NGOs), MIGA, MINURSO, NATO, NEA, NSG, OAS (observer), OECD, OPCW, OSCE, Pacific Alliance (observer), Paris Club, PCA, Schengen Convention, SELEC (observer), SICA (observer), UN, UNAMID, UNCTAD, UNESCO, UNHCR, UNHRC, UNIDO, UNIFIL, UNMISS, UNOOSA, UNRWA, UNSOM, UNWTO, UPU, Wassenaar Arrangement, WCO, WHO, WIPO, WMO, WTO, ZC",2.1% of GDP (2024 est.)1.7% of GDP (2023)1.5% of GDP (2022)1.5% of GDP (2021)1.5% of GDP (2020),"German 85.4%, Turkish 1.8%, Ukrainian 1.4%, Syrian 1.1%, Romanian 1%, Poland 1%, other/stateless/unspecified 8.3% (2022 est.)","German (official); note - Danish, Frisian, Sorbian, and Romani are official minority languages; Low German, Danish, North Frisian, Sater Frisian, Lower Sorbian, Upper Sorbian, and Romani are recognized as regional languages","Roman Catholic 24.8%, Protestant 22.6%, Muslim 3.7%, other 5.1%, none 43.8% (2022 est.)","3.1 deaths/1,000 live births (2024 est.)",81.9 years (2024 est.),-0.12% (2024 est.),"second most populous country in Europe; a fairly even distribution throughout most of the country, with urban areas attracting larger and denser populations, particularly in the far western part of the industrial state of North Rhine-Westphalia",,,46.8 years (2024 est.),"1.8 migrant(s)/1,000 population (2024 est.)","664,238 (Syria), 183,631 (Afghanistan), 151,254 (Iraq), 64,496 (Eritrea), 47,658 (Iran), 38,755 (Turkey), 32,155 (Somalia), 13,334 (Russia), 12,155 (Nigeria), 9,250 (Pakistan), 6,257 (Serbia and Kosovo), 6,912 (Ethiopia), 5,532 (Azerbaijan) (mid-year 2022); 1,139,690 (Ukraine) (as of 3 February 2024)",$4.526 trillion (2023 est.)note: data in current dollars at official exchange rate,"$63,600 (2023 est.)$63,400 (2022 est.)$63,000 (2021 est.)note: data in 2021 dollars","coal, lignite, natural gas, iron ore, copper, nickel, uranium, potash, salt, construction materials, timber, arable land",34.10%,"cars, vehicle parts/accessories, packaged medicine, plastic products, vaccines (2023)note: top five export commodities based on value in dollars","USA 10%, France 8%, Netherlands 7%, China 7%, Italy 6% (2023)note: top five export partners based on percentage share of exports","cars, vehicle parts/accessories, garments, natural gas, vaccines (2023)note: top five import commodities based on value in dollars","China 12%, Netherlands 7%, USA 7%, Poland 6%, France 5% (2023)note: top five import partners based on percentage share of imports"
Ghana,Republic of Ghana,Accra,tropical; warm and comparatively dry along southeast coast; hot and humid in southwest; hot and dry in north,mostly low plains with dissected plateau in south-central area,539 km,recurrent drought in north severely affects agricultural activities; deforestation; overgrazing; soil erosion; poaching and habitat destruction threaten wildlife populations; water pollution; inadequate supplies of potable water,"Biodiversity, Climate Change, Climate Change-Kyoto Protocol, Climate Change-Paris Agreement, Comprehensive Nuclear Test Ban, Desertification, Endangered Species, Environmental Modification, Hazardous Wastes, Law of the Sea, Marine Dumping-London Protocol, Nuclear Test Ban, Ozone Layer Protection, Ship Pollution, Tropical Timber 2006, Wetlands, Whaling","Western Africa, bordering the Gulf of Guinea, between Cote d'Ivoire and Togo",Africa,slightly smaller than Oregon,presidential republic,6 March 1957 (from the UK),"ACP, AfDB, ATMIS, AU, C, ECOWAS, EITI (compliant country), FAO, G-24, G-77, IAEA, IBRD, ICAO, ICC (national committees), ICCt, ICRM, IDA, IFAD, IFC, IFRCS, ILO, IMF, IMO, IMSO, Interpol, IOC, IOM, IPU, ISO, ITSO, ITU, ITUC (NGOs), MIGA, MINURSO, MONUSCO, NAM, OAS (observer), OIF, OPCW, UN, UNAMID, UNCTAD, UNESCO, UNHCR, UNHRC, UNIDO, UNIFIL, UNISFA, UNMIL, UNMISS, UNOCI, UNOOSA, UNSOM, UNWTO, UPU, WCO, WFTU (NGOs), WHO, WIPO, WMO, WTO",0.4% of GDP (2023 est.)0.4% of GDP (2022 est.)0.5% of GDP (2021 est.)0.4% of GDP (2020 est.)0.4% of GDP (2019 est.),"Akan 45.7%, Mole-Dagbani 18.5%, Ewe 12.8%, Ga-Dangme 7.1%, Gurma 6.4%, Guan 3.2%, Grusi 2.7%, Mande 2%, other 1.6% (2021 est.)","Asante 16%, Ewe 14%, Fante 11.6%, Boron (Brong) 4.9%, Dagomba 4.4%, Dangme 4.2%, Dagarte (Dagaba) 3.9%, Kokomba 3.5%, Akyem 3.2%, Ga 3.1%, other 31.2% (2010 est.)","Christian 71.3% (Pentecostal/Charismatic 31.6%, Protestant 17.4%, Catholic 10%, other 12.3%), Muslim 19.9%, traditionalist 3.2%, other 4.5%, none 1.1% (2021 est.)","31.2 deaths/1,000 live births (2024 est.)",70.1 years (2024 est.),2.15% (2024 est.),"population is concentrated in the southern half of the country, with the highest concentrations being on or near the Atlantic coast as shown in this population distribution map",83.50%,74.5% (2018),21.4 years (2024 est.),"-0.2 migrant(s)/1,000 population (2024 est.)",,$76.37 billion (2023 est.)note: data in current dollars at official exchange rate,"$6,800 (2023 est.)$6,700 (2022 est.)$6,600 (2021 est.)note: data in 2021 dollars","gold, timber, industrial diamonds, bauxite, manganese, fish, rubber, hydropower, petroleum, silver, salt, limestone",20.70%,"gold, crude petroleum, cocoa beans, manganese ore, cocoa paste (2023)note: top five export commodities based on value in dollars","Switzerland 24%, UAE 18%, India 8%, South Africa 7%, China 7% (2023)note: top five export partners based on percentage share of exports","refined petroleum, cars, plastics, plastic products, footwear (2023)note: top five import commodities based on value in dollars","China 30%, Netherlands 8%, India 5%, USA 5%, Russia 5% (2023)note: top five import partners based on percentage share of imports"
Greece,Hellenic Republic,Athens,"temperate; mild, wet winters; hot, dry summers",mountainous with ranges extending into the sea as peninsulas or chains of islands,"13,676 km",air pollution; air emissions from transport and electricity power stations; water pollution; degradation of coastal zones; loss of biodiversity in terrestrial and marine ecosystems; increasing municipal and industrial waste,"Air Pollution, Air Pollution-Nitrogen Oxides, Air Pollution-Sulphur 94, Antarctic-Environmental Protection, Antarctic-Marine Living Resources, Antarctic Treaty, Biodiversity, Climate Change, Climate Change-Kyoto Protocol, Climate Change-Paris Agreement, Comprehensive Nuclear Test Ban, Desertification, Endangered Species, Environmental Modification, Hazardous Wastes, Law of the Sea, Marine Dumping-London Convention, Nuclear Test Ban, Ozone Layer Protection, Ship Pollution, Tropical Timber 2006, Wetlands","Southern Europe, bordering the Aegean Sea, Ionian Sea, and the Mediterranean Sea, between Albania and Turkey",Europe,slightly smaller than Alabama,parliamentary republic,"3 February 1830 (from the Ottoman Empire); note - 25 March 1821, outbreak of the national revolt against the Ottomans; 3 February 1830, signing of the London Protocol recognizing Greek independence by Great Britain, France, and Russia","Australia Group, BIS, BSEC, CD, CE, CERN, EAPC, EBRD, ECB, EIB, EMU, ESA, EU, FAO, FATF, IAEA, IBRD, ICAO, ICC (national committees), ICCt, ICRM, IDA, IEA, IFAD, IFC, IFRCS, IGAD (partners), IHO, ILO, IMF, IMO, IMSO, Interpol, IOC, IOM, IPU, ISO, ITSO, ITU, ITUC (NGOs), MIGA, NATO, NEA, NSG, OAS (observer), OECD, OIF, OPCW, OSCE, PCA, Schengen Convention, SELEC, UN, UNCTAD, UNESCO, UNHCR, UNIDO, UNIFIL, UNWTO, UPU, Wassenaar Arrangement, WCO, WFTU (NGOs), WHO, WIPO, WMO, WTO, ZC",3.1% of GDP (2024 est.)3.1% of GDP (2023)3.9% of GDP (2022)3.7% of GDP (2021)2.9% of GDP (2020),"Greek 91.6%, Albanian 4.4%, other 4% (2011 est.)","Greek (official) 99%, other (includes English and French) 1%","Greek Orthodox 81-90%, Muslim 2%, other 3%, none 4-15%, unspecified 1% (2015 est.)","3.4 deaths/1,000 live births (2024 est.)",81.9 years (2024 est.),-0.35% (2024 est.),one-third of the population lives in and around metropolitan Athens; the remainder of the country has moderate population density mixed with sizeable urban clusters,98.50%,97.4% (2018),46.5 years (2024 est.),"1.1 migrant(s)/1,000 population (2024 est.)","41,594 (Syria), 33,549 (Afghanistan), 14,228 (Iraq), 6,366 (West Bank and Gaza) (mid-year 2022); 27,365 (Ukraine) (as of 31 December 2023)",$243.498 billion (2023 est.)note: data in current dollars at official exchange rate,"$36,900 (2023 est.)$36,000 (2022 est.)$33,600 (2021 est.)note: data in 2021 dollars","lignite, petroleum, iron ore, bauxite, lead, zinc, nickel, magnesite, marble, salt, hydropower potential",19.70%,"refined petroleum, packaged medicine, aluminum, olive oil, tobacco (2023)","Italy 12%, Germany 6%, Cyprus 6%, Bulgaria 4%, USA 4% (2023)","crude petroleum, refined petroleum, natural gas, cars, packaged medicine (2023)","Germany 10%, China 10%, Italy 8%, Iraq 7%, Netherlands 6% (2023)"
Grenada,none,Saint George's,tropical; tempered by northeast trade winds,volcanic in origin with central mountains,121 km,deforestation causing habitat destruction and species loss; coastal erosion and contamination; pollution and sedimentation; inadequate solid waste management,"Biodiversity, Climate Change, Climate Change-Kyoto Protocol, Climate Change-Paris Agreement, Comprehensive Nuclear Test Ban, Desertification, Endangered Species, Law of the Sea, Ozone Layer Protection, Ship Pollution, Wetlands, Whaling","Caribbean, island between the Caribbean Sea and Atlantic Ocean, north of Trinidad and Tobago",Central America and the Caribbean,"twice the size of Washington, DC",parliamentary democracy under a constitutional monarchy; a Commonwealth realm,7 February 1974 (from the UK),"ACP, ACS, AOSIS, CARIFORUM, CARIBCAN, Caricom, CBI, CDB, CELAC, CSME, ECCU, EPA, FAO, G-77, IBRD, ICAO, ICCt (signatory), ICRM, IDA, IFAD, IFC, IFRCS, ILO, IMF, IMO, Interpol, IOC, ITU, ITUC, LAES, MIGA, NAM, OAS, OECS, OPANAL, OPCW, Petrocaribe, UN, UNCTAD, UNESCO, UNIDO, UPU, WHO, WIPO, WTO",,"African descent 82.4%, mixed 13.3%, East Indian 2.2%, other 1.3%, unspecified 0.9% (2011 est.)","English (official), French patois","Protestant 49.2% (includes Pentecostal 17.2%, Seventh Day Adventist 13.2%, Anglican 8.5%, Baptist 3.2%, Church of God 2.4%, Evangelical 1.9%, Methodist 1.6%, other 1.2%), Roman Catholic 36%, Jehovah's Witness 1.2%, Rastafarian 1.2%, other 5.5%, none 5.7%, unspecified 1.3% (2011 est.)","9 deaths/1,000 live births (2024 est.)",76.3 years (2024 est.),0.27% (2024 est.),approximately one-third of the population is found in the capital of St. George's; the island's population is concentrated along the coast,98.60%,98.6% (2014 est.),35.4 years (2024 est.),"-2.2 migrant(s)/1,000 population (2024 est.)",,$1.317 billion (2023 est.)note: data in current dollars at official exchange rate,"$16,900 (2023 est.)$16,400 (2022 est.)$15,300 (2021 est.)note: data in 2021 dollars","timber, tropical fruit",8.80%,"nutmeg/cardamons, fish, wheat flours, frozen fruits and nuts, aqueous paints (2023)note: top five export commodities based on value in dollars","USA 24%, Antigua & Barbuda 13%, St. Vincent & the Grenadines 8%, Dominica 6%, Trinidad & Tobago 5% (2023)note: top five export partners based on percentage share of exports","refined petroleum, cars, poultry, ships, plastic products (2023)note: top five import commodities based on value in dollars","USA 37%, Trinidad & Tobago 13%, Cayman Islands 10%, China 4%, UK 3% (2023)note: top five import partners based on percentage share of imports"
Guatemala,Republic of Guatemala,Guatemala City,"tropical; hot, humid in lowlands; cooler in highlands","two east-west trending mountain chains divide the country into three regions: the mountainous highlands, the Pacific coast south of mountains, and the vast northern Peten lowlands",400 km,deforestation in the Peten rainforest; soil erosion; water pollution,"Antarctic Treaty, Biodiversity, Climate Change, Climate Change-Kyoto Protocol, Climate Change-Paris Agreement, Comprehensive Nuclear Test Ban, Desertification, Endangered Species, Environmental Modification, Hazardous Wastes, Law of the Sea, Marine Dumping-London Convention, Marine Dumping-London Protocol, Nuclear Test Ban, Ozone Layer Protection, Ship Pollution, Tropical Timber 2006, Wetlands","Central America, bordering the North Pacific Ocean, between El Salvador and Mexico, and bordering the Gulf of Honduras (Caribbean Sea) between Honduras and Belize",Central America and the Caribbean,slightly smaller than Pennsylvania,presidential republic,15 September 1821 (from Spain),"ACS, BCIE, CACM, CD, CELAC, EITI (compliant country), FAO, G-24, G-77, IADB, IAEA, IBRD, ICAO, ICC (national committees), ICCt (signatory), ICRM, IDA, IFAD, IFC, IFRCS, IHO, ILO, IMF, IMO, Interpol, IOC, IOM, IPU, ISO (correspondent), ITSO, ITU, ITUC (NGOs), LAES, LAIA (observer), MIGA, MINUSTAH, MONUSCO, NAM, OAS, OPANAL, OPCW, Pacific Alliance (observer), PCA, Petrocaribe, SICA, UN, UNCTAD, UNESCO, UNHCR, UNIDO, UNIFIL, Union Latina, UNISFA, UNITAR, UNMISS, UNOCI, UNOOSA, UNWTO, UPU, WCO, WFTU (NGOs), WHO, WIPO, WMO, WTO",0.4% of GDP (2023 est.)0.4% of GDP (2022 est.)0.4% of GDP (2021 est.)0.4% of GDP (2020 est.)0.4% of GDP (2019 est.),"Mestizo (mixed Indigenous-Spanish - in local Spanish called Ladino) 56%, Maya 41.7%, Xinca (Indigenous, non-Maya) 1.8%, African descent 0.2%, Garifuna (mixed West and Central African, Island Carib, and Arawak) 0.1%, foreign 0.2% (2018 est.)","Spanish (official) 69.9%, Maya languages 29.7% (Q'eqchi' 8.3%, K'iche 7.8%, Mam 4.4%, Kaqchikel 3%, Q'anjob'al 1.2%, Poqomchi' 1%, other 4%), other 0.4% (includes Xinca and Garifuna) (2018 est.)","Evangelical 45.7%, Roman Catholic 42.4%, none 11%, unspecified 0.9% (2023 est.)","25 deaths/1,000 live births (2024 est.)",73.5 years (2024 est.),1.49% (2024 est.),"the vast majority of the populace resides in the southern half of the country, particularly in the mountainous regions; more than half of the population lives in rural areas",87.70%,79.3% (2021),24.8 years (2024 est.),"-1.6 migrant(s)/1,000 population (2024 est.)",,$104.45 billion (2023 est.)note: data in current dollars at official exchange rate,"$12,400 (2023 est.)$12,200 (2022 est.)$11,800 (2021 est.)note: data in 2021 dollars","petroleum, nickel, rare woods, fish, chicle, hydropower",14.20%,"garments, bananas, coffee, palm oil, raw sugar (2023)note: top five export commodities based on value in dollars","USA 33%, El Salvador 11%, Honduras 9%, Nicaragua 6%, Mexico 4% (2023)note: top five export partners based on percentage share of exports","refined petroleum, video displays, cars, trucks, packaged medicine (2023)note: top five import commodities based on value in dollars","USA 30%, China 19%, Mexico 11%, El Salvador 4%, Costa Rica 3% (2023)note: top five import partners based on percentage share of imports"
Guinea,Republic of Guinea,Conakry,generally hot and humid; monsoonal-type rainy season (June to November) with southwesterly winds; dry season (December to May) with northeasterly harmattan winds,"generally flat coastal plain, hilly to mountainous interior",320 km,"deforestation; inadequate potable water; desertification; soil contamination and erosion; overfishing, overpopulation in forest region; poor mining practices lead to environmental damage; water pollution; improper waste disposal","Biodiversity, Climate Change, Climate Change-Kyoto Protocol, Climate Change-Paris Agreement, Comprehensive Nuclear Test Ban, Desertification, Endangered Species, Hazardous Wastes, Law of the Sea, Ozone Layer Protection, Ship Pollution, Wetlands, Whaling","Western Africa, bordering the North Atlantic Ocean, between Guinea-Bissau and Sierra Leone",Africa,slightly smaller than Oregon; slightly larger than twice the size of Pennsylvania,presidential republic,2 October 1958 (from France),"ACP, AfDB, EITI (compliant country), FAO, G-77, IBRD, ICAO, ICCt, ICRM, IDA, IDB, IFAD, IFC, IFRCS, ILO, IMF, IMO, Interpol, IOC, IOM, IPU, ISO (correspondent), ITSO, ITU, ITUC (NGOs), MIGA, MINURSO, MONUSCO, NAM, OIC, OIF, OPCW, UN, UNCTAD, UNESCO, UNHCR, UNIDO, UNISFA, UNMISS, UNOCI, UNWTO, UPU, WCO, WFTU (NGOs), WHO, WIPO, WMO, WTO",2.2% of GDP (2023 est.)1.8% of GDP (2022 est.)1.5% of GDP (2021 est.)1.4% of GDP (2020 est.)1.6% of GDP (2019 est.),"Fulani (Peuhl) 33.4%, Malinke 29.4%, Susu 21.2%, Guerze 7.8%, Kissi 6.2%, Toma 1.6%, other/foreign 0.4% (2018 est.)","French (official), Pular, Maninka, Susu, other native languages","Muslim 85.2%, Christian 13.4%, animist 0.2%, none 1.2% (2018 est.)","47 deaths/1,000 live births (2024 est.)",64.6 years (2024 est.),2.74% (2024 est.),areas of highest density are in the west and south; interior is sparsely populated as shown in this population distribution map,61.20%,31.3% (2021),19.4 years (2024 est.),"0 migrant(s)/1,000 population (2024 est.)",,$22.199 billion (2023 est.)note: data in current dollars at official exchange rate,"$3,900 (2023 est.)$3,800 (2022 est.)$3,700 (2021 est.)note: data in 2021 dollars","bauxite, iron ore, diamonds, gold, uranium, hydropower, fish, salt",11.80%,"gold, aluminum ore, cocoa beans, crude petroleum, coconuts/brazil nuts/cashews (2023)note: top five export commodities based on value in dollars","UAE 50%, China 36%, India 8%, Switzerland 1%, Spain 1% (2023)note: top five export partners based on percentage share of exports","refined petroleum, rice, garments, construction vehicles, cars (2023)note: top five import commodities based on value in dollars","China 39%, India 9%, Netherlands 7%, Belgium 6%, UAE 4% (2023)note: top five import partners based on percentage share of imports"
Guinea-Bissau,Republic of Guinea-Bissau,Bissau,tropical; generally hot and humid; monsoonal-type rainy season (June to November) with southwesterly winds; dry season (December to May) with northeasterly harmattan winds,mostly low-lying coastal plain with a deeply indented estuarine coastline rising to savanna in east; numerous off-shore islands including the Arquipelago Dos Bijagos consisting of 18 main islands and many small islets,350 km,deforestation (rampant felling of trees for timber and agricultural purposes); soil erosion; overgrazing; overfishing,"Biodiversity, Climate Change, Climate Change-Kyoto Protocol, Climate Change-Paris Agreement, Comprehensive Nuclear Test Ban, Desertification, Endangered Species, Hazardous Wastes, Law of the Sea, Nuclear Test Ban, Ozone Layer Protection, Ship Pollution, Wetlands, Whaling","Western Africa, bordering the North Atlantic Ocean, between Guinea and Senegal",Africa,slightly less than three times the size of Connecticut,semi-presidential republic,24 September 1973 (declared); 10 September 1974 (from Portugal),"ACP, AfDB, AOSIS, AU, CPLP, ECOWAS, FAO, FZ, G-77, IBRD, ICAO, ICRM, IDA, IDB, IFAD, IFC, IFRCS, ILO, IMF, IMO, Interpol, IOC, IOM, IPU, ITSO, ITU, ITUC (NGOs), MIGA, MINUSMA, NAM, OIC, OIF, OPCW, UN, UNCTAD, UNESCO, UNIDO, UNWTO, UPU, WADB (regional), WAEMU, WCO, WFTU (NGOs), WHO, WIPO, WMO, WTO",1.4% of GDP (2023 est.)1.6% of GDP (2022 est.)1.8% of GDP (2021 est.)1.7% of GDP (2020 est.)1.9% of GDP (2019 est.),"Balanta 30%, Fulani 30%, Manjaco 14%, Mandinga 13%, Papel 7%, unspecified smaller ethnic groups 6% (2015 est.)","Portuguese-based Creole, Portuguese (official; largely used as a second or third language), Pular (a Fula language), Mandingo","Muslim 46.1%, folk religions 30.6%, Christian 18.9%, other or unaffiliated 4.4% (2020 est.)","46.4 deaths/1,000 live births (2024 est.)",64.5 years (2024 est.),2.54% (2024 est.),"approximately one-fifth of the population lives in the capital city of Bissau along the Atlantic coast; the remainder is distributed among the eight other, mainly rural, regions as shown in this population distribution map",67%,39.9% (2021),18.4 years (2024 est.),"-3.5 migrant(s)/1,000 population (2024 est.)","7,757 (Senegal) (2022)",$2.048 billion (2023 est.)note: data in current dollars at official exchange rate,"$2,600 (2023 est.)$2,500 (2022 est.)$2,500 (2021 est.)note: data in 2021 dollars","fish, timber, phosphates, bauxite, clay, granite, limestone, unexploited deposits of petroleum",8.20%,"coconuts/brazil nuts/cashews, fish, fish oil, processed crustaceans, malt extract (2023)note: top five export commodities based on value in dollars","India 66%, Chile 9%, Cote d'Ivoire 5%, Ghana 4%, Netherlands 3% (2023)note: top five export partners based on percentage share of exports","refined petroleum, iron bars, rice, plastics, flavored water (2023)note: top five import commodities based on value in dollars","Senegal 28%, Portugal 24%, China 11%, Gambia, The 10%, Pakistan 4% (2023)note: top five import partners based on percentage share of imports"
Guyana,Cooperative Republic of Guyana,Georgetown,"tropical; hot, humid, moderated by northeast trade winds; two rainy seasons (May to August, November to January)",mostly rolling highlands; low coastal plain; savanna in south,459 km,water pollution from sewage and agricultural and industrial chemicals; deforestation,"Biodiversity, Climate Change, Climate Change-Kyoto Protocol, Climate Change-Paris Agreement, Comprehensive Nuclear Test Ban, Desertification, Endangered Species, Hazardous Wastes, Law of the Sea, Marine Dumping-London Protocol, Ozone Layer Protection, Ship Pollution, Tropical Timber 2006","Northern South America, bordering the North Atlantic Ocean, between Suriname and Venezuela",South America,slightly smaller than Idaho; almost twice the size of Tennessee,parliamentary republic,26 May 1966 (from the UK),"ACP, ACS, AOSIS, C, Caricom, CD, CDB, CELAC, FAO, G-77, IADB, IBRD, ICAO, ICCt, ICRM, IDA, IFAD, IFC, IFRCS, ILO, IMF, IMO, Interpol, IOC, IOM, ISO (correspondent), ITU, LAES, MIGA, NAM, OAS, OIC, OPANAL, OPCW, PCA, Petrocaribe, PROSUR, UN, UNASUR, UNCTAD, UNESCO, UNIDO, UPU, WCO, WFTU (NGOs), WHO, WIPO, WMO, WTO",0.6% of GDP (2023 est.)0.6% of GDP (2022 est.)1% of GDP (2021 est.)1.2% of GDP (2020 est.)1.3% of GDP (2019 est.),"East Indian 39.8%, African descent 29.3%, mixed 19.9%, Indigenous 10.5%, other 0.5% (includes Portuguese, Chinese, White) (2012 est.)","English (official), Guyanese Creole, Amerindian languages (including Caribbean and Arawak languages), Indian languages (including Caribbean Hindustani, a dialect of Hindi), Chinese (2014 est.)","Protestant 34.8% (Pentecostal 22.8%, Seventh Day Adventist 5.4%, Anglican 5.2%, Methodist 1.4%), Hindu 24.8%, other Christian 20.8%, Roman Catholic 7.1%, Muslim 6.8%, Jehovah's Witness 1.3%, Rastafarian 0.5%, other 0.9%, none 3.1% (2012 est.)","21.1 deaths/1,000 live births (2024 est.)",72.4 years (2024 est.),0.32% (2024 est.),"population is heavily concentrated in the northeast in and around Georgetown, with noteable concentrations along the Berbice River to the east; the remainder of the country is sparsely populated",89.30%,88.4% (2021),28.3 years (2024 est.),"-6.6 migrant(s)/1,000 population (2024 est.)","21,676 (Venezuela) (economic and political crisis; includes Venezuelans who have claimed asylum, are recognized as refugees, or received alternative legal stay) (2023)",$17.16 billion (2023 est.)note: data in current dollars at official exchange rate,"$49,300 (2023 est.)$37,100 (2022 est.)$22,900 (2021 est.)note: data in 2021 dollars","bauxite, gold, diamonds, hardwood timber, shrimp, fish",2.10%,"crude petroleum, railway cargo containers, gold, ships, rice (2023)note: top five export commodities based on value in dollars","USA 20%, Trinidad & Tobago 11%, Netherlands 10%, Singapore 10%, Germany 7% (2023)note: top five export partners based on percentage share of exports","refined petroleum, ships, construction vehicles, excavation machinery, cars (2023)note: top five import commodities based on value in dollars","USA 28%, China 13%, Trinidad & Tobago 11%, Brazil 5%, Bahamas, The 4% (2023)note: top five import partners based on percentage share of imports"
Haiti,Republic of Haiti,Port-au-Prince,tropical; semiarid where mountains in east cut off trade winds,mostly rough and mountainous,"1,771 km",extensive deforestation (much of the remaining forested land is being cleared for agriculture and used as fuel); soil erosion; overpopulation leads to inadequate supplies of potable water and a lack of sanitation; natural disasters,"Biodiversity, Climate Change, Climate Change-Kyoto Protocol, Climate Change-Paris Agreement, Desertification, Hazardous Wastes, Law of the Sea, Marine Dumping-London Convention, Marine Life Conservation, Ozone Layer Protection","Caribbean, western one-third of the island of Hispaniola, between the Caribbean Sea and the North Atlantic Ocean, west of the Dominican Republic",Central America and the Caribbean,slightly smaller than Maryland,semi-presidential republic,1 January 1804 (from France),"ACP, ACS, AOSIS, Caricom, CD, CDB, CELAC, FAO, G-77, IADB, IAEA, IBRD, ICAO, ICC (NGOs), ICRM, IDA, IFAD, IFC, IFRCS, ILO, IMF, IMO, Interpol, IOC, IOM, IPU, ITSO, ITU, ITUC (NGOs), LAES, MIGA, NAM, OAS, OIF, OPANAL, OPCW, PCA, Petrocaribe, UN, UNCTAD, UNESCO, UNIDO, Union Latina, UNWTO, UPU, WCO, WFTU (NGOs), WHO, WIPO, WMO, WTO",,"Black 95%, mixed and White 5%","French (official), Creole (official)","Catholic 55%, Protestant 29%, Vodou 2.1%, other 4.6%, none 10% (2018 est.)","36.8 deaths/1,000 live births (2024 est.)",65.6 years (2024 est.),1.23% (2024 est.),fairly even distribution; largest concentrations located near coastal areas,65.30%,58.3% (2016),25 years (2024 est.),"-1.6 migrant(s)/1,000 population (2024 est.)",,$19.851 billion (2023 est.)note: data in current dollars at official exchange rate,"$3,000 (2023 est.)$3,000 (2022 est.)$3,100 (2021 est.)note: data in 2021 dollars","bauxite, copper, calcium carbonate, gold, marble, hydropower, arable land",38.50%,"garments, essential oils, scrap iron, industrial acids/oils/alcohols, bedding (2023)note: top five export commodities based on value in dollars","USA 82%, Canada 4%, Mexico 2%, France 2%, India 2% (2023)note: top five export partners based on percentage share of exports","refined petroleum, rice, garments, cotton fabric, plastic products (2023)note: top five import commodities based on value in dollars","USA 31%, Dominican Republic 23%, China 14%, Indonesia 4%, India 3% (2023)note: top five import partners based on percentage share of imports"
Honduras,Republic of Honduras,Tegucigalpa,"subtropical in lowlands, temperate in mountains","mostly mountains in interior, narrow coastal plains","823 km (Caribbean Sea 669 km, Gulf of Fonseca 163 km)","urban population expanding; deforestation results from logging and the clearing of land for agricultural purposes; further land degradation and soil erosion hastened by uncontrolled development and improper land use practices such as farming of marginal lands; mining activities polluting Lago de Yojoa (the country's largest source of fresh water), as well as several rivers and streams, with heavy metals","Biodiversity, Climate Change, Climate Change-Kyoto Protocol, Climate Change-Paris Agreement, Comprehensive Nuclear Test Ban, Desertification, Endangered Species, Environmental Modification, Hazardous Wastes, Law of the Sea, Marine Dumping-London Convention, Nuclear Test Ban, Ozone Layer Protection, Ship Pollution, Tropical Timber 2006, Wetlands","Central America, bordering the Caribbean Sea, between Guatemala and Nicaragua and bordering the Gulf of Fonseca (North Pacific Ocean), between El Salvador and Nicaragua",Central America and the Caribbean,slightly larger than Tennessee,presidential republic,15 September 1821 (from Spain),"ACS, BCIE, CACM, CD, CELAC, EITI (candidate country), FAO, G-11, G-77, IADB, IAEA, IBRD, ICAO, ICCt, ICRM, IDA, IFAD, IFC, IFRCS, ILO, IMF, IMO, Interpol, IOC (suspended), IOM, IPU, ISO (subscriber), ITSO, ITU, ITUC (NGOs), LAES, LAIA (observer), MIGA, MINURSO, MINUSTAH, NAM, OAS, OPANAL, OPCW, Pacific Alliance (observer), PCA, Petrocaribe, SICA, UN, UNCTAD, UNHRC, UNESCO, UNIDO, Union Latina, UNWTO, UPU, WCO (suspended), WFTU (NGOs), WHO, WIPO, WMO, WTO",1.5% of GDP (2023 est.)1.4% of GDP (2022 est.)1.5% of GDP (2021 est.)1.6% of GDP (2020 est.)1.6% of GDP (2019 est.),"Mestizo (mixed Indigenous and European) 90%, Indigenous 7%, African descent 2%, White 1%","Spanish (official), Amerindian dialects","Evangelical 55%, Roman Catholic 33.4%, none 10.1%, unspecified 1.5% (2023 est.)","15.4 deaths/1,000 live births (2024 est.)",73.1 years (2024 est.),1.29% (2024 est.),"most residents live in the mountainous western half of the country; unlike other Central American nations, Honduras is the only one with an urban population that is distributed between two large centers - the capital of Tegucigalpa and the city of San Pedro Sula; the Rio Ulua valley in the north is the only densely populated lowland area",88.20%,88.7% (2019),25.7 years (2024 est.),"-1.7 migrant(s)/1,000 population (2024 est.)",,$34.401 billion (2023 est.)note: data in current dollars at official exchange rate,"$6,500 (2023 est.)$6,400 (2022 est.)$6,200 (2021 est.)note: data in 2021 dollars","timber, gold, silver, copper, lead, zinc, iron ore, antimony, coal, fish, hydropower",9.10%,"garments, coffee, insulated wire, palm oil, shellfish (2023)note: top five export commodities based on value in dollars","USA 49%, Nicaragua 8%, El Salvador 7%, Guatemala 5%, Mexico 5% (2023)note: top five export partners based on percentage share of exports","refined petroleum, cotton yarn, garments, trucks, packaged medicine (2023)note: top five import commodities based on value in dollars","USA 36%, China 14%, Guatemala 8%, Mexico 6%, El Salvador 6% (2023)note: top five import partners based on percentage share of imports"
Hungary,none,Budapest,"temperate; cold, cloudy, humid winters; warm summers",mostly flat to rolling plains; hills and low mountains on the Slovakian border,0 km (landlocked),air and water pollution are some of Hungary's most serious environmental problems; water quality in the Hungarian part of the Danube has improved but is still plagued by pollutants from industry and large-scale agriculture; soil pollution,"Air Pollution, Air Pollution-Heavy Metals, Air Pollution-Multi-effect Protocol, Air Pollution-Nitrogen Oxides, Air Pollution-Persistent Organic Pollutants, Air Pollution-Sulphur 85, Air Pollution-Sulphur 94, Air Pollution-Volatile Organic Compounds, Antarctic Treaty, Biodiversity, Climate Change, Climate Change-Kyoto Protocol, Climate Change-Paris Agreement, Comprehensive Nuclear Test Ban, Desertification, Endangered Species, Environmental Modification, Hazardous Wastes, Law of the Sea, Marine Dumping-London Convention, Nuclear Test Ban, Ozone Layer Protection, Ship Pollution, Tropical Timber 2006, Wetlands, Whaling","Central Europe, northwest of Romania",Europe,slightly smaller than Virginia; about the same size as Indiana,parliamentary republic,"16 November 1918 (republic proclaimed); notable earlier dates: 25 December 1000 (crowning of King STEPHEN I, traditional founding date); 30 March 1867 (Austro-Hungarian dual monarchy established)","Australia Group, BIS, CD, CE, CEI, CERN, EAPC, EBRD, ECB, EIB, ESA (cooperating state), EU, FAO, G-9, IAEA, IBRD, ICAO, ICC (national committees), ICCt, ICRM, IDA, IEA, IFAD, IFC, IFRCS, ILO, IMF, IMO, IMSO, Interpol, IOC, IOM, IPU, ISO, ITSO, ITU, ITUC (NGOs), MIGA, MINURSO, NATO, NEA, NSG, OAS (observer), OECD, OIF (observer), OPCW, OSCE, PCA, Schengen Convention, SELEC, UN, UNCTAD, UNESCO, UNFICYP, UNHCR, UNIDO, UNIFIL, UNOOSA, UNWTO, UPU, Wassenaar Arrangement, WCO, WFTU (NGOs), WHO, WIPO, WMO, WTO, ZC",2.1% of GDP (2024 est.)2.1% of GDP (2023)1.8% of GDP (2022)1.7% of GDP (2021)1.8% of GDP (2020),"Hungarian 84.3%, Romani 2.1%, German 1%, other 1.2%, unspecified 13.7% (2022 est.)","Hungarian (official) 98.8%, English 25.3%, German 12.6%, Russian 2.1%, French 1.5%, Romanian 1.4%, other 5.1% (2022 est.)","Catholic 30.1% (Roman Catholic 27.5%, Greek Catholic 1.7%, other Catholic 0.9%), Calvinist 9.8%, Lutheran 1.8%, other Christian (includes Orthodox) 1.6%, other 0.4%, none 16.1%, no answer 40.1% (2022 est.)","4.7 deaths/1,000 live births (2024 est.)",76 years (2024 est.),-0.28% (2024 est.),"a fairly even distribution throughout most of the country, with urban areas attracting larger and denser populations",99.10%,99.1% (2021),44.8 years (2024 est.),"2.5 migrant(s)/1,000 population (2024 est.)","66,135 (Ukraine) (as of 15 April 2024)",$212.389 billion (2023 est.)note: data in current dollars at official exchange rate,"$40,500 (2023 est.)$40,700 (2022 est.)$38,600 (2021 est.)note: data in 2021 dollars","bauxite, coal, natural gas, fertile soils, arable land",48.50%,"cars, vehicle parts/accessories, electric batteries, packaged medicine, computers (2023)note: top five export commodities based on value in dollars","Germany 25%, Italy 6%, Romania 6%, USA 5%, Slovakia 4% (2023)note: top five export partners based on percentage share of exports","vehicle parts/accessories, natural gas, integrated circuits, broadcasting equipment, industrial acids/oils/alcohols (2023)note: top five import commodities based on value in dollars","Germany 23%, China 7%, Austria 6%, Poland 6%, S. Korea 6% (2023)note: top five import partners based on percentage share of imports"
Iceland,none,Reykjavik,"temperate; moderated by North Atlantic Current; mild, windy winters; damp, cool summers","mostly plateau interspersed with mountain peaks, icefields; coast deeply indented by bays and fiords","4,970 km",water pollution from fertilizer runoff,"Air Pollution, Air Pollution-Persistent Organic Pollutants, Antarctic Treaty, Biodiversity, Climate Change, Climate Change-Kyoto Protocol, Climate Change-Paris Agreement, Comprehensive Nuclear Test Ban, Desertification, Endangered Species, Hazardous Wastes, Law of the Sea, Marine Dumping-London Convention, Marine Dumping-London Protocol, Nuclear Test Ban, Ozone Layer Protection, Ship Pollution, Wetlands, Whaling","Northern Europe, island between the Greenland Sea and the North Atlantic Ocean, northwest of the United Kingdom",Arctic Region,slightly smaller than Pennsylvania; about the same size as Kentucky,unitary parliamentary republic,"1 December 1918 (became a sovereign state under the Danish Crown); 17 June 1944 (from Denmark; birthday of Jon SIGURDSSON, leader of Iceland's 19th Century independence movement)","Arctic Council, Australia Group, BIS, CBSS, CD, CE, EAPC, EBRD, EFTA, FAO, FATF, IAEA, IBRD, ICAO, ICC (national committees), ICCt, ICRM, IDA, IFAD, IFC, IFRCS, IHO, ILO, IMF, IMO, IMSO, Interpol, IOC, IOM, IPU, ISO, ITSO, ITU, ITUC (NGOs), MIGA, NATO, NC, NEA, NIB, NSG, OAS (observer), OECD, OPCW, OSCE, PCA, Schengen Convention, UN, UNCTAD, UNESCO, UPU, WCO, WHO, WIPO, WMO, WTO",,"Icelandic 78.7%, Polish 5.8%, Danish 1%, Ukrainian 1%, other 13.5% (2024 est.)","Icelandic, English, Polish, Nordic languages, German","Evangelical Lutheran Church of Iceland (official) 58.6% Roman Catholic 3.8%, Independent Congregation of Reykjavik 2.6%, Independent Congregation of Hafnarfjordur 1.9%, pagan worship 1.5%, Icelandic Ethical Humanist Association 1.4%, other (includes Zuist and Pentecostal) or unspecified 18.7%, none 7.7% (2024 est.)","1.6 deaths/1,000 live births (2024 est.)",84 years (2024 est.),0.85% (2024 est.),Iceland is almost entirely urban with half of the population located in and around the capital of Reykjavik; smaller clusters are primarily found along the coast in the north and west,,,38 years (2024 est.),"2.5 migrant(s)/1,000 population (2024 est.)",,$31.325 billion (2023 est.)note: data in current dollars at official exchange rate,"$67,300 (2023 est.)$65,900 (2022 est.)$62,000 (2021 est.)note: data in 2021 dollars","fish, hydropower, geothermal power, diatomite",1.20%,"aluminum, fish, orthopedic appliances, animal meal, iron alloys (2023)note: top five export commodities based on value in dollars","Netherlands 27%, Germany 11%, USA 10%, UK 8%, Norway 6% (2023)note: top five export partners based on percentage share of exports","refined petroleum, cars, carbon-based electronics, aluminum oxide, computers (2023)note: top five import commodities based on value in dollars","Norway 11%, China 9%, Germany 9%, Netherlands 8%, USA 7% (2023)note: top five import partners based on percentage share of imports"
India,Republic of India,New Delhi,varies from tropical monsoon in south to temperate in north,"upland plain (Deccan Plateau) in south, flat to rolling plain along the Ganges, deserts in west, Himalayas in north","7,000 km",deforestation; soil erosion; overgrazing; desertification; air pollution from industrial effluents and vehicle emissions; water pollution from raw sewage and runoff of agricultural pesticides; tap water is not potable throughout the country; huge and growing population is overstraining natural resources; preservation and quality of forests; biodiversity loss,"Antarctic-Environmental Protection, Antarctic-Marine Living Resources, Antarctic Treaty, Biodiversity, Climate Change, Climate Change-Kyoto Protocol, Climate Change-Paris Agreement, Desertification, Endangered Species, Environmental Modification, Hazardous Wastes, Law of the Sea, Nuclear Test Ban, Ozone Layer Protection, Ship Pollution, Tropical Timber 2006, Wetlands, Whaling","Southern Asia, bordering the Arabian Sea and the Bay of Bengal, between Burma and Pakistan",Asia,slightly more than one-third the size of the US,federal parliamentary republic,15 August 1947 (from the UK),"ADB, AfDB (nonregional member), Arctic Council (observer), ARF, ASEAN (dialogue partner), BIMSTEC, BIS, BRICS, C, CD, CERN (observer), CICA, CP, EAS, FAO, FATF, G-15, G-20, G-24, G-5, G-77, IAEA, IBRD, ICAO, ICC (national committees), ICRM, IDA, IFAD, IFC, IFRCS, IHO, ILO, IMF, IMO, IMSO, Interpol, IOC, IOM, IPU, ISO, ITSO, ITU, ITUC (NGOs), LAS (observer), MIGA, MINURSO, MONUSCO, NAM, OAS (observer), OECD, OPCW, Pacific Alliance (observer), PCA, PIF (partner), Quad, SAARC, SACEP, SCO (observer), UN, UNCTAD, UNDOF, UNESCO, UNHCR, UNHRC, UNIDO, UNIFIL, UNISFA, UNITAR, UNMISS, UNOCI, UNSOM, UNWTO, UPU, Wassenaar Arrangement, WCO, WFTU (NGOs), WHO, WIPO, WMO, WTO",2.3% of GDP (2023 est.)2.1% of GDP (2022 est.)2.2% of GDP (2021 est.)2.5% of GDP (2020 est.)2.4% of GDP (2019 est.),"Indo-Aryan 72%, Dravidian 25%, and other 3% (2000)","Hindi 43.6%, Bengali 8%, Marathi 6.9%, Telugu 6.7%, Tamil 5.7%, Gujarati 4.6%, Urdu 4.2%, Kannada 3.6%, Odia 3.1%, Malayalam 2.9%, Punjabi 2.7%, Assamese 1.3%, Maithili 1.1%, other 5.6%;  English is the subsidiary official language but is the most important one for national, political, and commercial communication (2011 est.)","Hindu 79.8%, Muslim 14.2%, Christian 2.3%, Sikh 1.7%, other and unspecified 2% (2011 est.)","30.4 deaths/1,000 live births (2024 est.)",68.2 years (2024 est.),0.72% (2024 est.),"with the notable exception of the deserts in the northwest, including the Thar Desert, and the mountain fringe in the north, a very high population density exists throughout most of the country; the core of the population is in the north along the banks of the Ganges, with other river valleys and southern coastal areas also having large population concentrations",82.40%,65.8% (2018),29.8 years (2024 est.),"0.1 migrant(s)/1,000 population (2024 est.)","92,131 (Sri Lanka), 72,315 (Tibet/China), 10,064 (Afghanistan) (mid-year 2022); 78,731 (Burma) (refugees and asylum seekers) (2023)",$3.568 trillion (2023 est.)note: data in current dollars at official exchange rate,"$9,200 (2023 est.)$8,500 (2022 est.)$8,100 (2021 est.)note: data in 2021 dollars","coal (fourth-largest reserves in the world), antimony, iron ore, lead, manganese, mica, bauxite, rare earth elements, titanium ore, chromite, natural gas, diamonds, petroleum, limestone, arable land",52.80%,"refined petroleum, packaged medicine, diamonds, broadcasting equipment, garments (2023)note: top five export commodities based on value in dollars","USA 19%, UAE 7%, China 4%, Germany 3%, UK 3% (2023)note: top five export partners based on percentage share of exports","crude petroleum, gold, coal, natural gas, integrated circuits (2023)note: top five import commodities based on value in dollars","China 19%, Russia 10%, USA 6%, UAE 6%, Saudi Arabia 5% (2023)note: top five import partners based on percentage share of imports"
Indonesia,Republic of Indonesia,Jakarta,"tropical; hot, humid; more moderate in highlands",mostly coastal lowlands; larger islands have interior mountains,"54,716 km","large-scale deforestation (much of it illegal) and related wildfires cause heavy smog; over-exploitation of marine resources; environmental problems associated with rapid urbanization and economic development, including air pollution, traffic congestion, garbage management, and reliable water and waste water services; water pollution from industrial wastes, sewage","Biodiversity, Climate Change, Climate Change-Kyoto Protocol, Climate Change-Paris Agreement, Comprehensive Nuclear Test Ban, Desertification, Endangered Species, Hazardous Wastes, Law of the Sea, Nuclear Test Ban, Ozone Layer Protection, Ship Pollution, Tropical Timber 2006, Wetlands","Southeastern Asia, archipelago between the Indian Ocean and the Pacific Ocean",Southeast Asia,slightly less than three times the size of Texas,presidential republic,17 August 1945 (declared independence from the Netherlands),"ADB, APEC, ARF, ASEAN, BIS, CD, CICA (observer), CP, D-8, EAS, EITI (compliant country), FAO, G-11, G-15, G-20, G-77, IAEA, IBRD, ICAO, ICC (national committees), ICRM, IDA, IDB, IFAD, IFC, IFRCS, IHO, ILO, IMF, IMO, IMSO, Interpol, IOC, IOM (observer), IORA, IPU, ISO, ITSO, ITU, ITUC (NGOs), MIGA, MINURSO, MINUSTAH, MONUSCO, MSG (associate member), NAM, OECD (enhanced engagement), OIC, OPCW, PIF (partner), UN, UNAMID, UNCTAD, UNESCO, UNHRC, UNIDO, UNIFIL, UNISFA, UNMIL, UNOOSA, UNWTO, UPU, WCO, WFTU (NGOs), WHO, WIPO, WMO, WTO",0.8% of GDP (2023 est.)0.8% of GDP (2022 est.)0.8% of GDP (2021 est.)0.8% of GDP (2020 est.)0.8% of GDP (2019 est.),"Javanese 40.1%, Sundanese 15.5%, Malay 3.7%, Batak 3.6%, Madurese 3%, Betawi 2.9%, Minangkabau 2.7%, Buginese 2.7%, Bantenese 2%, Banjarese 1.7%, Balinese 1.7%, Acehnese 1.4%, Dayak 1.4%, Sasak 1.3%, Chinese 1.2%, other 15% (2010 est.)","Bahasa Indonesia (official, modified form of Malay), English, Dutch, local dialects (of which the most widely spoken is Javanese); note - more than 700 languages are used in Indonesia","Muslim 87.4%, Protestant 7.5%, Roman Catholic 3.1%, Hindu 1.7%, other 0.8% (includes Buddhist and Confucian) (2022 est.)","18.9 deaths/1,000 live births (2024 est.)",73.6 years (2024 est.),0.73% (2024 est.),"major concentration on the island of Java, which is considered one of the most densely populated places on earth; of the outer islands (those surrounding Java and Bali), Sumatra contains some of the most significant clusters, particularly in the south near the Selat Sunda, and along the northeastern coast near Medan; the cities of Makasar (Sulawesi), Banjarmasin (Kalimantan) are also heavily populated",97.40%,94.6% (2020),31.5 years (2024 est.),"-0.7 migrant(s)/1,000 population (2024 est.)","5,684 (Afghanistan) (mid-year 2022)",$1.371 trillion (2023 est.)note: data in current dollars at official exchange rate,"$13,900 (2023 est.)$13,300 (2022 est.)$12,800 (2021 est.)note: data in 2021 dollars","petroleum, tin, natural gas, nickel, timber, bauxite, copper, fertile soils, coal, gold, silver",13%,"coal, palm oil, iron alloys, lignite, garments (2023)note: top five export commodities based on value in dollars","China 24%, USA 9%, India 8%, Japan 8%, Singapore 5% (2023)note: top five export partners based on percentage share of exports","refined petroleum, crude petroleum, plastics, vehicle parts/accessories, integrated circuits (2023)note: top five import commodities based on value in dollars","China 29%, Singapore 8%, Japan 7%, USA 5%, Malaysia 5% (2023)note: top five import partners based on percentage share of imports"
Iran,Islamic Republic of Iran,Tehran,"mostly arid or semiarid, subtropical along Caspian coast","rugged, mountainous rim; high, central basin with deserts, mountains; small, discontinuous plains along both coasts","2,440 km - note: Iran also borders the Caspian Sea (740 km)","air pollution, especially in urban areas, from vehicle emissions, refinery operations, and industrial effluents; deforestation; overgrazing; desertification; oil pollution in the Persian Gulf; wetland losses from drought; soil degradation (salination); inadequate supplies of potable water; water pollution from raw sewage and industrial waste; urbanization","Biodiversity, Climate Change, Climate Change-Kyoto Protocol, Desertification, Endangered Species, Hazardous Wastes, Marine Dumping-London Convention, Marine Dumping-London Protocol, Nuclear Test Ban, Ozone Layer Protection, Ship Pollution, Wetlands","Middle East, bordering the Gulf of Oman, the Persian Gulf, and the Caspian Sea, between Iraq and Pakistan",Middle East,almost 2.5 times the size of Texas; slightly smaller than Alaska,theocratic republic,1 April 1979 (Islamic Republic of Iran proclaimed); notable earlier dates: ca. 550 B.C. (Achaemenid (Persian) Empire established); A.D. 1501 (Iran reunified under the Safavid Dynasty); 1794 (beginning of Qajar Dynasty); 12 December 1925 (modern Iran established under the PAHLAVI Dynasty),"BRICS, CICA, CP, D-8, ECO, FAO, G-15, G-24, G-77, IAEA, IBRD, ICAO, ICC (national committees), ICRM, IDA, IDB, IFAD, IFC, IFRCS, IHO, ILO, IMF, IMO, IMSO, Interpol, IOC, IOM, IPU, ISO, ITSO, ITU, MIGA, NAM, OIC, OPCW, OPEC, PCA, SAARC (observer), SCO (observer), UN, UNAMID, UNCTAD, UNESCO, UNHCR, UNIDO, UNITAR, UNOOSA, UNWTO, UPU, WCO, WFTU (NGOs), WHO, WIPO, WMO, WTO (observer)",2.1% of GDP (2023 est.)2.5% of GDP (2022 est.)2.3% of GDP (2021 est.)2.1% of GDP (2020 est.)2.5% of GDP (2019 est.),"Persian, Azeri, Kurd, Lur, Baloch, Arab, Turkmen, and Turkic tribes","Persian Farsi (official), Azeri and other Turkic dialects, Kurdish, Gilaki and Mazandarani, Luri, Balochi, Arabic","Muslim (official) 98.5%, Christian 0.7%, Baha'i 0.3%, agnostic 0.3%, other (includes Zoroastrian, Jewish, Hindu) 0.2% (2020 est.)","14.3 deaths/1,000 live births (2024 est.)",75.6 years (2024 est.),0.88% (2024 est.),"population is concentrated in the north, northwest, and west, reflecting the position of the Zagros and Elburz Mountains; the vast dry areas in the center and eastern parts of the country, around the deserts of the Dasht-e Kavir and Dasht-e Lut, have a much lower population density",92.40%,88.7% (2021),33.8 years (2024 est.),"-0.3 migrant(s)/1,000 population (2024 est.)","500,000 undocumented Afghans, 750,000 Afghan refugee card holders, 12,000 Iraqi refugee card holders (2022)",$404.626 billion (2023 est.)note: data in current dollars at official exchange rate,"$15,900 (2023 est.)$15,300 (2022 est.)$15,000 (2021 est.)note: data in 2021 dollars","petroleum, natural gas, coal, chromium, copper, iron ore, lead, manganese, zinc, sulfur",10.80%,"plastics, iron ore, alcohols, natural gas, refined copper (2023)note: top five export commodities based on value in dollars","China 35%, Turkey 16%, India 8%, Pakistan 7%, Armenia 5% (2023)note: top five export partners based on percentage share of exports","broadcasting equipment, vehicle parts/accessories, corn, soybeans, vehicle bodies (2023)note: top five import commodities based on value in dollars","China 34%, UAE 20%, Turkey 11%, Brazil 8%, Germany 4% (2023)note: top five import partners based on percentage share of imports"
Iraq,Republic of Iraq,Baghdad,"mostly desert; mild to cool winters with dry, hot, cloudless summers; northern mountainous regions along Iranian and Turkish borders experience cold winters with occasionally heavy snows that melt in early spring, sometimes causing extensive flooding in central and southern Iraq",mostly broad plains; reedy marshes along Iranian border in south with large flooded areas; mountains along borders with Iran and Turkey,58 km,"government water control projects drained most of the inhabited marsh areas east of An Nasiriyah by drying up or diverting the feeder streams and rivers; a once sizable population of Marsh Arabs, who inhabited these areas for thousands of years, has been displaced; furthermore, the destruction of the natural habitat poses serious threats to the area's wildlife populations; inadequate supplies of potable water; soil degradation (salination) and erosion; desertification; military and industrial infrastructure has released heavy metals and other hazardous substances into the air, soil, and groundwater; major sources of environmental damage are effluents from oil refineries, factory and sewage discharges into rivers, fertilizer and chemical contamination of the soil, and industrial air pollution in urban areas","Biodiversity, Climate Change, Climate Change-Kyoto Protocol, Comprehensive Nuclear Test Ban, Desertification, Endangered Species, Hazardous Wastes, Law of the Sea, Nuclear Test Ban, Ozone Layer Protection, Ship Pollution, Wetlands","Middle East, bordering the Persian Gulf, between Iran and Kuwait",Middle East,slightly more than three times the size of New York state,federal parliamentary republic,3 October 1932 (from League of Nations mandate under British administration); note - on 28 June 2004 the Coalition Provisional Authority transferred sovereignty to the Iraqi Interim Government,"ABEDA, AFESD, AIIB, AMF, CAEU, CICA, EITI (compliant country), FAO, G-77, IAEA, IBRD, ICAO, ICRM, IDA, IDB, IFAD, IFC, IFRCS, ILO, IMF, IMO, IMSO, Interpol, IOC, IPU, ISO, ITSO, ITU, LAS, MIGA, NAM, OAPEC, OIC, OPCW, OPEC, PCA, UN, UNCTAD, UNESCO, UNIDO, UNWTO, UPU, WCO, WFTU (NGOs), WHO, WIPO, WMO, WTO (observer)",3% of GDP (2023 est.)2.1% of GDP (2022 est.)3.7% of GDP (2021 est.)4.1% of GDP (2020 est.)3.8% of GDP (2019 est.),"Arab 75-80%, Kurdish 15-20%, other 5% (includes Turkmen, Yezidi, Shabak, Kaka'i, Bedouin, Romani, Assyrian, Circassian, Sabaean-Mandaean, Persian)","Arabic (official), Kurdish (official); Turkmen (a Turkish dialect) and Syriac (Neo-Aramaic) are recognized as official languages where native speakers of these languages are present","Muslim (official) 95-98% (Shia 61-64%, Sunni 29-34%), Christian 1% (includes Catholic, Orthodox, Protestant, Assyrian Church of the East), other 1-4% (2015 est.)","18.7 deaths/1,000 live births (2024 est.)",73.7 years (2024 est.),1.99% (2024 est.),"population is concentrated in the north, center, and eastern parts of the country, with many of the larger urban agglomerations found along extensive parts of the Tigris and Euphrates Rivers; much of the western and southern areas are either lightly populated or uninhabited",91.20%,79.9% (2017),22.4 years (2024 est.),"0 migrant(s)/1,000 population (2024 est.)","7,864 (West Bank and Gaza Strip) (mid-year 2022); 273,258 (Syria), 8,575 (Iran), 8,091 (Turkey) (2023)",$250.843 billion (2023 est.)note: data in current dollars at official exchange rate,"$12,700 (2023 est.)$13,400 (2022 est.)$12,700 (2021 est.)note: data in 2021 dollars","petroleum, natural gas, phosphates, sulfur",8.40%,"crude petroleum, refined petroleum, petroleum coke, gold, natural gas (2023)note: top five export commodities based on value in dollars","China 33%, India 28%, USA 8%, Greece 5%, UAE 5% (2023)note: top five export partners based on percentage share of exports","refined petroleum, cars, broadcasting equipment, jewelry, gold (2023)note: top five import commodities based on value in dollars","UAE 32%, China 20%, Turkey 18%, India 5%, USA 2% (2023)note: top five import partners based on percentage share of imports"
Ireland,none,Dublin,"temperate maritime; modified by North Atlantic Current; mild winters, cool summers; consistently humid; overcast about half the time",mostly flat to rolling interior plain surrounded by rugged hills and low mountains; sea cliffs on west coast,"1,448 km","water pollution, especially of lakes, from agricultural runoff; acid rain kills plants, destroys soil fertility, and contributes to deforestation","Air Pollution, Air Pollution-Nitrogen Oxides, Air Pollution-Persistent Organic Pollutants, Air Pollution-Sulphur 94, Biodiversity, Climate Change, Climate Change-Kyoto Protocol, Climate Change-Paris Agreement, Comprehensive Nuclear Test Ban, Desertification, Endangered Species, Environmental Modification, Hazardous Wastes, Law of the Sea, Marine Dumping-London Convention, Marine Dumping-London Protocol, Nuclear Test Ban, Ozone Layer Protection, Ship Pollution, Tropical Timber 2006, Wetlands, Whaling","Western Europe, occupying five-sixths of the island of Ireland in the North Atlantic Ocean, west of Great Britain",Europe,slightly larger than West Virginia,parliamentary republic,"6 December 1921 (from the UK by the Anglo-Irish Treaty, which ended British rule); 6 December 1922 (Irish Free State established); 18 April 1949 (Republic of Ireland Act enabled)","ADB (nonregional member), Australia Group, BIS, CD, CE, EAPC, EBRD, ECB, EIB, EMU, ESA, EU, FAO, FATF, IAEA, IBRD, ICAO, ICC (national committees), ICCt, ICRM, IDA, IEA, IFAD, IFC, IFRCS, IGAD (partners), IHO, ILO, IMF, IMO, Interpol, IOC, IOM, IPU, ISO, ITSO, ITU, ITUC (NGOs), MIGA, MINURSO, MONUSCO, NEA, NSG, OAS (observer), OECD, OPCW, OSCE, Paris Club, PCA, PFP, UN, UNCTAD, UNDOF, UNESCO, UNHCR, UNIDO, UNIFIL, UNOCI, UNRWA, UNTSO, UPU, Wassenaar Arrangement, WCO, WHO, WIPO, WMO, WTO, ZC",0.2% of GDP (2023 est.)0.3% of GDP (2022)0.3% of GDP (2021)0.3% of GDP (2020)0.3% of GDP (2019),"Irish 76.6%, Irish travelers 0.6%, other White 9.9%, Asian 3.3%, Black 1.5%, other (includes Arab, Roma, and persons of mixed backgrounds) 2%, unspecified 2.6% (2022 est.)","English (official, the language generally used), Irish (Gaelic or Gaeilge) (official, spoken by approximately 37.7% of the population)","Roman Catholic 69.2% (includes lapsed), Protestant 3.7% (Church of Ireland/England/Anglican/Episcopalian 2.5%, other Protestant 1.2%), Orthodox 2%, other Christian 0.9%, Muslim 1.6%, other 1.4%, agnostic/atheist 0.1%, none 14.5%, unspecified 6.7% (2022 est.)","3.3 deaths/1,000 live births (2024 est.)",82 years (2024 est.),0.93% (2024 est.),"population distribution is weighted to the eastern side of the island, with the largest concentration being in and around Dublin; populations in the west are small due to mountainous land, poorer soil, lack of good transport routes, and fewer job opportunities",,,40.2 years (2024 est.),"5.6 migrant(s)/1,000 population (2024 est.)","105,210 (Ukraine) (as of 8 March 2024)",$551.395 billion (2023 est.)note: data in current dollars at official exchange rate,"$114,900 (2023 est.)$125,000 (2022 est.)$118,100 (2021 est.)note: data in 2021 dollars","natural gas, peat, copper, lead, zinc, silver, barite, gypsum, limestone, dolomite",15.40%,"vaccines, packaged medicine, nitrogen compounds, integrated circuits, hormones (2023)note: top five export commodities based on value in dollars","USA 28%, Germany 11%, UK 8%, Belgium 8%, China 7% (2023)note: top five export partners based on percentage share of exports","aircraft, nitrogen compounds, vaccines, packaged medicine, integrated circuits (2023)note: top five import commodities based on value in dollars","UK 20%, USA 17%, France 10%, China 7%, Germany 7% (2023)note: top five import partners based on percentage share of imports"
Israel,State of Israel,Jerusalem,temperate; hot and dry in southern and eastern desert areas,Negev desert in the south; low coastal plain; central mountains; Jordan Rift Valley,273 km,"limited arable land and restricted natural freshwater resources; desertification; air pollution from industrial and vehicle emissions; groundwater pollution from industrial and domestic waste, chemical fertilizers, and pesticides","Biodiversity, Climate Change, Climate Change-Kyoto Protocol, Climate Change-Paris Agreement, Desertification, Endangered Species, Hazardous Wastes, Nuclear Test Ban, Ozone Layer Protection, Ship Pollution, Wetlands, Whaling","Middle East, bordering the Mediterranean Sea, between Egypt and Lebanon",Middle East,slightly larger than New Jersey,parliamentary democracy,14 May 1948 (following League of Nations mandate under British administration),"BIS, BSEC (observer), CE (observer), CERN, CICA, EBRD, FAO, IADB, IAEA, IBRD, ICAO, ICC (national committees), ICRM, IDA, IFAD, IFC, IFRCS, ILO, IMF, IMO, IMSO, Interpol, IOC, IOM, IPU, ISO, ITSO, ITU, ITUC (NGOs), MIGA, OAS (observer), OECD, OPCW (signatory), OSCE (partner), Pacific Alliance (observer), Paris Club, PCA, SELEC (observer), UN, UNCTAD, UNESCO, UNHCR, UNIDO, UNWTO, UPU, WCO, WHO, WIPO, WMO, WTO",4.5% of GDP (2023 est.)4.5% of GDP (2022 est.)5% of GDP (2021 est.)5% of GDP (2020 est.)5.2% of GDP (2019 est.),"Jewish 73.5% (of which Israel-born 79.7%, Europe/America/Oceania-born 14.3%, Africa-born 3.9%, Asia-born 2.1%), Arab 21.1%, other 5.4% (2022 est.)","Hebrew (official), Arabic (special status under Israeli law), English (most commonly used foreign language)","Jewish 73.5%, Muslim 18.1%, Christian 1.9%, Druze 1.6%, other 4.9% (2022 est.)","2.8 deaths/1,000 live births (2024 est.)",83.1 years (2024 est.),1.58% (2024 est.),"population concentrated in and around Tel-Aviv, as well as around the Sea of Galilee; the south remains sparsely populated with the exception of the shore of the Gulf of Aqaba",98.70%,96.8% (2011),30.1 years (2024 est.),"1.9 migrant(s)/1,000 population (2024 est.)","12,181 (Eritrea), 5,061 (Ukraine) (2019)",$513.611 billion (2023 est.)note: data in current dollars at official exchange rate,"$48,400 (2023 est.)$48,300 (2022 est.)$46,200 (2021 est.)note: data in 2021 dollars","timber, potash, copper ore, natural gas, phosphate rock, magnesium bromide, clays, sand",13.70%,"integrated circuits, diamonds, broadcasting equipment, medical instruments, refined petroleum (2023)note: top five export commodities based on value in dollars","USA 29%, China 10%, Ireland 6%, Germany 4%, Hong Kong 4% (2023)note: top five export partners based on percentage share of exports","cars, diamonds, crude petroleum, broadcasting equipment, garments (2023)note: top five import commodities based on value in dollars","China 17%, USA 12%, Germany 7%, Turkey 6%, Italy 4% (2023)note: top five import partners based on percentage share of imports"
Italy,Italian Republic,Rome,"predominantly Mediterranean; alpine in far north; hot, dry in south","mostly rugged and mountainous; some plains, coastal lowlands","7,600 km",air pollution from industrial emissions such as sulfur dioxide; coastal and inland rivers polluted from industrial and agricultural effluents; acid rain damaging lakes; inadequate industrial waste treatment and disposal facilities,"Air Pollution, Air Pollution-Nitrogen Oxides, Air Pollution-Persistent Organic Pollutants, Air Pollution-Sulphur 85, Air Pollution-Sulphur 94, Air Pollution-Volatile Organic Compounds, Antarctic-Environmental Protection, Antarctic-Marine Living Resources, Antarctic Seals, Antarctic Treaty, Biodiversity, Climate Change, Climate Change-Kyoto Protocol, Climate Change-Paris Agreement, Comprehensive Nuclear Test Ban, Desertification, Endangered Species, Environmental Modification, Hazardous Wastes, Law of the Sea, Marine Dumping-London Convention, Marine Dumping-London Protocol, Nuclear Test Ban, Ozone Layer Protection, Ship Pollution, Tropical Timber 2006, Wetlands, Whaling","Southern Europe, a peninsula extending into the central Mediterranean Sea, northeast of Tunisia",Europe,almost twice the size of Georgia; slightly larger than Arizona,parliamentary republic,17 March 1861 (Kingdom of Italy proclaimed; Italy was not finally unified until 1871),"ADB (nonregional member), AfDB (nonregional member), Arctic Council (observer), Australia Group, BIS, BSEC (observer), CBSS (observer), CD, CDB, CE, CEI, CERN, EAPC, EBRD, ECB, EIB, EITI (implementing country), EMU, ESA, EU, FAO, FATF, G-7, G-8, G-10, G-20, IADB, IAEA, IBRD, ICAO, ICC (national committees), ICCt, ICRM, IDA, IEA, IFAD, IFC, IFRCS, IGAD (partners), IHO, ILO, IMF, IMO, IMSO, Interpol, IOC, IOM, IPU, ISO, ITSO, ITU, ITUC (NGOs), LAIA (observer), MIGA, MINURSO, NATO, NEA, NSG, OAS (observer), OECD, OPCW, OSCE, Pacific Alliance (observer), Paris Club, PCA, PIF (partner), Schengen Convention, SELEC (observer), SICA (observer), UN, UNCTAD, UNESCO, UNHCR, UNIDO, UNIFIL, Union Latina, UNMOGIP, UNOOSA, UNRWA, UNTSO, UNWTO, UPU, Wassenaar Arrangement, WCO, WHO, WIPO, WMO, WTO, ZC",1.5% of GDP (2024 est.)1.5% of GDP (2023)1.5% of GDP (2022)1.5% of GDP (2021)1.6% of GDP (2020),"Italian (includes small clusters of German-, French-, and Slovene-Italians in the north, Albanian-Italians, Croat-Italians, and Greek-Italians in the south)","Italian (official), German (parts of Trentino-Alto Adige region are predominantly German-speaking), French (small French-speaking minority in Valle d'Aosta region), Slovene (Slovene-speaking minority in the Trieste-Gorizia area), Croatian (in Molise)","Christian 80.8% (overwhelmingly Roman Catholic with very small groups of Jehovah's Witnesses and Protestants), Muslim 4.9%, unaffiliated 13.4%, other 0.9% (2020 est.)","3.1 deaths/1,000 live births (2024 est.)",83 years (2024 est.),-0.08% (2024 est.),"despite a distinctive pattern with an industrial north and an agrarian south, a fairly even population distribution exists throughout most of the country, with coastal areas, the Po River Valley, and urban centers (particularly Milan, Rome, and Naples), attracting larger and denser populations",99.40%,99% (2018),48.4 years (2024 est.),"3.4 migrant(s)/1,000 population (2024 est.)","21,441 (Nigeria), 17,706 (Afghanistan), 17,619 (Pakistan), 11,193 (Mali), 8,405 (Somalia), 6,324 (Gambia), 5,768 (Bangladesh), 5,463 (Iraq) (mid-year 2022); 169,165 (Ukraine) (as of 23 February 2024)",$2.301 trillion (2023 est.)note: data in current dollars at official exchange rate,"$53,300 (2023 est.)$52,900 (2022 est.)$50,500 (2021 est.)note: data in 2021 dollars","coal, antimony, mercury, zinc, potash, marble, barite, asbestos, pumice, fluorspar, feldspar, pyrite (sulfur), natural gas and crude oil reserves, fish, arable land",22.80%,"packaged medicine, garments, cars, refined petroleum, vehicle parts/accessories (2023)note: top five export commodities based on value in dollars","Germany 11%, USA 11%, France 10%, Spain 5%, UK 5% (2023)note: top five export partners based on percentage share of exports","natural gas, crude petroleum, cars, packaged medicine, garments (2023)note: top five import commodities based on value in dollars","Germany 15%, France 9%, China 8%, Netherlands 6%, Spain 5% (2023)note: top five import partners based on percentage share of imports"
Jamaica,none,Kingston,"tropical; hot, humid; temperate interior","mostly mountains, with narrow, discontinuous coastal plain","1,022 km","heavy rates of deforestation; coastal waters polluted by industrial waste, sewage, and oil spills; damage to coral reefs; air pollution in Kingston from vehicle emissions; land erosion","Biodiversity, Climate Change, Climate Change-Kyoto Protocol, Climate Change-Paris Agreement, Comprehensive Nuclear Test Ban, Desertification, Endangered Species, Hazardous Wastes, Law of the Sea, Marine Dumping-London Convention, Marine Life Conservation, Nuclear Test Ban, Ozone Layer Protection, Ship Pollution, Wetlands","Caribbean, island in the Caribbean Sea, south of Cuba",Central America and the Caribbean,about half the size of New Jersey; slightly smaller than Connecticut,parliamentary democracy (Parliament) under a constitutional monarchy; a Commonwealth realm,6 August 1962 (from the UK),"ACP, ACS, AOSIS, C, Caricom, CDB, CELAC, FAO, G-15, G-77, IADB, IAEA, IBRD, ICAO, ICC (NGOs), ICRM, IDA, IFAD, IFC, IFRCS, IHO, ILO, IMF, IMO, Interpol, IOC, IOM, ISO, ITSO, ITU, LAES, MIGA, NAM, OAS, OPANAL, OPCW, Petrocaribe, UN, UNCTAD, UNESCO, UNIDO, UNITAR, UNWTO, UPU, WCO, WFTU (NGOs), WHO, WIPO, WMO, WTO",1.2% of GDP (2023 est.)1.3% of GDP (2022 est.)1.4% of GDP (2021 est.)1.7% of GDP (2020 est.)1.6% of GDP (2019 est.),"Black 92.1%, mixed 6.1%, East Indian 0.8%, other 0.4%, unspecified 0.7% (2011 est.)","English, Jamaican patois","Protestant 64.8% (includes Seventh Day Adventist 12.0%, Pentecostal 11.0%, Other Church of God 9.2%, New Testament Church of God 7.2%, Baptist 6.7%, Church of God in Jamaica 4.8%, Church of God of Prophecy 4.5%, Anglican 2.8%, United Church 2.1%, Methodist 1.6%, Revived 1.4%, Brethren 0.9%, and Moravian 0.7%), Roman Catholic 2.2%, Jehovah's Witness 1.9%, Rastafarian 1.1%, other 6.5%, none 21.3%, unspecified 2.3% (2011 est.)","10.7 deaths/1,000 live births (2024 est.)",76.3 years (2024 est.),0.1% (2024 est.),"population density is high throughout, but increases in and around Kingston, Montego Bay, and Port Esquivel",84%,93.1% (2015),30.9 years (2024 est.),"-7.1 migrant(s)/1,000 population (2024 est.)",,$19.423 billion (2023 est.)note: data in current dollars at official exchange rate,"$10,300 (2023 est.)$10,100 (2022 est.)$9,600 (2021 est.)note: data in 2021 dollars","bauxite, alumina, gypsum, limestone",11.10%,"aluminum oxide, refined petroleum, natural gas, liquor, processed fruits and nuts (2023)note: top five export commodities based on value in dollars","USA 37%, Russia 7%, Latvia 7%, Iceland 7%, UK 5% (2023)note: top five export partners based on percentage share of exports","refined petroleum, natural gas, cars, crude petroleum, plastic products (2023)note: top five import commodities based on value in dollars","USA 39%, China 11%, Brazil 4%, Colombia 4%, Japan 4% (2023)note: top five import partners based on percentage share of imports"
Japan,none,Tokyo,varies from tropical in south to cool temperate in north,mostly rugged and mountainous,"29,751 km","air pollution from power plant emissions results in acid rain; acidification of lakes and reservoirs degrading water quality and threatening aquatic life; Japan is one of the largest consumers of fish and tropical timber, contributing to the depletion of these resources in Asia and elsewhere; following the 2011 Fukushima nuclear disaster, Japan originally planned to phase out nuclear power, but it has now implemented a new policy of seeking to restart nuclear power plants that meet strict new safety standards; waste management is an ongoing issue; Japanese municipal facilities used to burn high volumes of trash, but air pollution issues forced the government to adopt an aggressive recycling policy","Antarctic-Environmental Protection, Antarctic-Marine Living Resources, Antarctic Seals, Antarctic Treaty, Biodiversity, Climate Change, Climate Change-Kyoto Protocol, Climate Change-Paris Agreement, Comprehensive Nuclear Test Ban, Desertification, Endangered Species, Environmental Modification, Hazardous Wastes, Law of the Sea, Marine Dumping-London Convention, Marine Dumping-London Protocol, Nuclear Test Ban, Ozone Layer Protection, Ship Pollution, Tropical Timber 2006, Wetlands","Eastern Asia, island chain between the North Pacific Ocean and the Sea of Japan, east of the Korean Peninsula",Asia,slightly smaller than California,parliamentary constitutional monarchy,3 May 1947 (current constitution adopted as amendment to Meiji Constitution); notable earlier dates: 11 February 660 B.C. (mythological date of the founding of the nation by Emperor JIMMU); 29 November 1890 (Meiji Constitution provides for constitutional monarchy),"ADB, AfDB (nonregional member), APEC, Arctic Council (observer), ARF, ASEAN (dialogue partner), Australia Group, BIS, CD, CE (observer), CERN (observer), CICA (observer), CP, CPLP (associate), EAS, EBRD, EITI (implementing country), FAO, FATF, G-5, G-7, G-8, G-10, G-20, IADB, IAEA, IBRD, ICAO, ICC (national committees), ICCt, ICRM, IDA, IEA, IFAD, IFC, IFRCS, IGAD (partners), IHO, ILO, IMF, IMO, IMSO, Interpol, IOC, IOM, IPU, ISO, ITSO, ITU, ITUC (NGOs), LAIA (observer), MIGA, NEA, NSG, OAS (observer), OECD, OPCW, OSCE (partner), Pacific Alliance (observer), Paris Club, PCA, PIF (partner), Quad, SAARC (observer), SELEC (observer), SICA (observer), UN, UNCTAD, UNESCO, UNHCR, UNHRC, UNIDO, UNMISS, UNOOSA, UNRWA, UNWTO, UPU, Wassenaar Arrangement, WCO, WFTU (NGOs), WHO, WIPO, WMO, WTO, ZC",1.4% of GDP (2024 est.)1.2% of GDP (2023)1.1% of GDP (2022)1% of GDP (2021)1% of GDP (2020),"Japanese 97.5%, Chinese 0.6%, Vietnam 0.4%, South Korean 0.3%, other 1.2% (includes Filipino, Brazilian, Nepalese, Indonesian, American, and Taiwanese) (2022 est.)",Japanese,"Shintoism 48.6%, Buddhism 46.4%, Christianity 1.1%, other 4% (2021 est.)","1.9 deaths/1,000 live births (2024 est.)",85.2 years (2024 est.),-0.43% (2024 est.),all primary and secondary regions of high population density lie on the coast; one-third of the population resides in and around Tokyo on the central plain (Kanto Plain),,,49.9 years (2024 est.),"0.7 migrant(s)/1,000 population (2024 est.)",,$4.204 trillion (2023 est.)note: data in current dollars at official exchange rate,"$46,200 (2023 est.)$45,200 (2022 est.)$44,500 (2021 est.)note: data in 2021 dollars","negligible mineral resources, fish ",11.70%,"cars, integrated circuits, machinery, vehicle parts/accessories, construction vehicles (2023)note: top five export commodities based on value in dollars","USA 19%, China 18%, Taiwan 6%, S. Korea 6%, Hong Kong 4% (2023)note: top five export partners based on percentage share of exports","crude petroleum, natural gas, coal, integrated circuits, broadcasting equipment (2023)note: top five import commodities based on value in dollars","China 22%, USA 11%, Australia 8%, UAE 5%, Saudi Arabia 5% (2023)note: top five import partners based on percentage share of imports"
Jordan,Hashemite Kingdom of Jordan,Amman,mostly arid desert; rainy season in west (November to April),"mostly arid desert plateau; a great north-south geological rift along the west of the country is the dominant topographical feature and includes the Jordan River Valley, the Dead Sea, and the Jordanian Highlands",26 km,limited natural freshwater resources; declining water table; salinity; deforestation; overgrazing; soil erosion; desertification; biodiversity and ecosystem damage/loss,"Biodiversity, Climate Change, Climate Change-Kyoto Protocol, Climate Change-Paris Agreement, Comprehensive Nuclear Test Ban, Desertification, Endangered Species, Hazardous Wastes, Law of the Sea, Marine Dumping-London Convention, Nuclear Test Ban, Ozone Layer Protection, Ship Pollution, Wetlands","Middle East, northwest of Saudi Arabia, between Israel (to the west) and Iraq",Middle East,about three-quarters the size of Pennsylvania; slightly smaller than Indiana,parliamentary constitutional monarchy,25 May 1946 (from League of Nations mandate under British administration),"ABEDA, AFESD, AMF, CAEU, CD, CICA, EBRD, FAO, G-11, G-77, IAEA, IBRD, ICAO, ICC, ICCt, ICRM, IDA, IDB, IFAD, IFC, IFRCS, ILO, IMF, IMO, IMSO, Interpol, IOC, IOM, IPU, ISO, ITSO, ITU, ITUC (NGOs), LAS, MIGA, MINUSTAH, MONUSCO, NAM, NATO (partner), OIC, OPCW, OSCE (partner), PCA, UN, UNAMID, UNCTAD, UNESCO, UNHCR, UNIDO, UNISFA, UNMIL, UNMISS, UNOCI, UNOOSA, UNRWA, UNWTO, UPU, WCO, WFTU (NGOs), WHO, WIPO, WMO, WTO",4.5% of GDP (2023 est.)4.8% of GDP (2022 est.)5% of GDP (2021 est.)5% of GDP (2020 est.)5.6% of GDP (2019 est.),"Jordanian 69.3%, Syrian 13.3%, Palestinian 6.7%, Egyptian 6.7%, Iraqi 1.4%, other 2.6% (2015 est.)","Arabic (official), English (widely understood among upper and middle classes)","Muslim 97.1% (official; predominantly Sunni), Christian 2.1% (majority Greek Orthodox, but some Greek and Roman Catholics, Syrian Orthodox, Coptic Orthodox, Armenian Orthodox, and Protestant denominations), Buddhist 0.4%, Hindu 0.1%, Jewish <0.1%, folk <0.1%, other <0.1%, unaffiliated <0.1% (2020 est.)","13.2 deaths/1,000 live births (2024 est.)",76.5 years (2024 est.),0.78% (2024 est.),"population heavily concentrated in the west, and particularly the northwest, in and around the capital of Amman; a sizeable, but smaller population is located in the southwest along the shore of the Gulf of Aqaba",98.70%,98.4% (2021),25 years (2024 est.),"-10.9 migrant(s)/1,000 population (2024 est.)","2.4 million (Palestinian refugees) (2020); 12,866 (Yemen), 6,013 Sudan (2021); 33,951 (Iraq) (mid-year 2022) (2022); 638,760 (Syria) (2024)",$50.967 billion (2023 est.)note: data in current dollars at official exchange rate,"$9,400 (2023 est.)$9,300 (2022 est.)$9,200 (2021 est.)note: data in 2021 dollars","phosphates, potash, shale oil",2%,"fertilizers, garments, phosphates, jewelry, phosphoric acid (2023)note: top five export commodities based on value in dollars","USA 21%, India 13%, Saudi Arabia 11%, China 7%, Iraq 6% (2023)note: top five export partners based on percentage share of exports","cars, refined petroleum, gold, crude petroleum, jewelry (2023)note: top five import commodities based on value in dollars","China 17%, Saudi Arabia 14%, UAE 8%, India 6%, USA 5% (2023)note: top five import partners based on percentage share of imports"
Kazakhstan,Republic of Kazakhstan,Astana,"continental, cold winters and hot summers, arid and semiarid",vast flat steppe extending from the Volga in the west to the Altai Mountains in the east and from the plains of western Siberia in the north to oases and deserts of Central Asia in the south,"0 km (landlocked); note - Kazakhstan borders the Aral Sea, now split into two bodies of water (1,070 km), and the Caspian Sea (1,894 km)","radioactive or toxic chemical sites associated with former defense industries and test ranges scattered throughout the country pose health risks for humans and animals; industrial pollution is severe in some cities; because the two main rivers that flowed into the Aral Sea have been diverted for irrigation, it is drying up and leaving behind a harmful layer of chemical pesticides and natural salts; these substances are then picked up by the wind and blown into noxious dust storms; pollution in the Caspian Sea; desertification; soil pollution from overuse of agricultural chemicals and salination from poor infrastructure and wasteful irrigation practices","Air Pollution, Antarctic Treaty, Biodiversity, Climate Change, Climate Change-Kyoto Protocol, Climate Change-Paris Agreement, Comprehensive Nuclear Test Ban, Desertification, Endangered Species, Environmental Modification, Hazardous Wastes, Ozone Layer Protection, Ship Pollution, Wetlands","Central Asia, northwest of China; a small portion west of the Ural (Oral) River in easternmost Europe",Asia,slightly less than four times the size of Texas,presidential republic,16 December 1991 (from the Soviet Union),"ADB, CICA, CIS, CSTO, EAEU, EAPC, EBRD, ECO, EITI (compliant country), FAO, GCTU, IAEA, IBRD, ICAO, ICC (NGOs), ICRM, IDA, IDB, IFAD, IFC, IFRCS, ILO, IMF, IMO, Interpol, IOC, IOM, IPU, ISO, ITSO, ITU, MIGA, MINURSO, NAM (observer), NSG, OAS (observer), OIC, OPCW, OSCE, PFP, SCO, UN, UNCTAD, UNESCO, UNHRC, UNIDO, UN Security Council (temporary), UNWTO, UPU, WCO, WFTU (NGOs), WHO, WIPO, WMO, WTO, ZC",0.8% of GDP (2023 est.)0.7% of GDP (2022 est.)1% of GDP (2021 est.)1.1% of GDP (2020 est.)1.1% of GDP (2019 est.),"Kazakh 71%, Russian 14.9%, Uzbek 3.3%, Ukrainian 1.9%, Uyghurs 1.5%, German 1.1%, Tatar 1.1%, other 4.9%, unspecified 0.3% (2023 est.)","Kazakh (official, Qazaq) 80.1%, Russian 83.7%, English 35.1% (2021 est.)","Muslim 69.3%, Christian 17.2% (Orthodox 17%, other 0.2%), Buddhism 0.1%, other 0.1%, non-believers 2.3%, unspecified 11% (2021 est.)","8 deaths/1,000 live births (2024 est.)",73.3 years (2024 est.),0.86% (2024 est.),"most of the country displays a low population density, particularly the interior; population clusters appear in urban agglomerations in the far northern and southern portions of the country",99.80%,99.7% (2018),31.9 years (2024 est.),"-0.4 migrant(s)/1,000 population (2024 est.)",,$262.642 billion (2023 est.)note: data in current dollars at official exchange rate,"$34,700 (2023 est.)$33,500 (2022 est.)$32,900 (2021 est.)note: data in 2021 dollars","major deposits of petroleum, natural gas, coal, iron ore, manganese, chrome ore, nickel, cobalt, copper, molybdenum, lead, zinc, bauxite, gold, uranium",8.90%,"crude petroleum, gold, radioactive chemicals, refined copper, copper ore (2023)note: top five export commodities based on value in dollars","China 16%, UK 15%, Russia 10%, Turkey 6%, Italy 5% (2023)note: top five export partners based on percentage share of exports","garments, cars, broadcasting equipment, vehicle bodies, packaged medicine (2023)note: top five import commodities based on value in dollars","China 28%, Russia 24%, Gambia, The 4%, Turkey 4%, USA 4% (2023)note: top five import partners based on percentage share of imports"
Kenya,Republic of Kenya,Nairobi,varies from tropical along coast to arid in interior,low plains rise to central highlands bisected by Great Rift Valley; fertile plateau in west,536 km,water pollution from urban and industrial wastes; water shortage and degraded water quality from increased use of pesticides and fertilizers; flooding; water hyacinth infestation in Lake Victoria; deforestation; soil erosion; desertification; poaching,"Biodiversity, Climate Change, Climate Change-Kyoto Protocol, Climate Change-Paris Agreement, Comprehensive Nuclear Test Ban, Desertification, Endangered Species, Hazardous Wastes, Law of the Sea, Marine Dumping-London Convention, Marine Dumping-London Protocol, Marine Life Conservation, Nuclear Test Ban, Ozone Layer Protection, Ship Pollution, Wetlands, Whaling","Eastern Africa, bordering the Indian Ocean, between Somalia and Tanzania",Africa,five times the size of Ohio; slightly more than twice the size of Nevada,presidential republic,12 December 1963 (from the UK),"ACP, AfDB, ATMIS, AU, C, CD, COMESA, EAC, EADB, FAO, G-15, G-77, IAEA, IBRD, ICAO, ICCT, ICRM, IDA, IFAD, IFC, IFRCS, IGAD, ILO, IMF, IMO, IMSO, Interpol, IOC, IOM, IPU, ISO, ITSO, ITU, ITUC (NGOs), MIGA, MONUSCO, NAM, OPCW, PCA, UN, UNAMID, UNCTAD, UNESCO, UNHCR, UNIDO, UNIFIL, UNISFA, UNMIL, UNMISS, UNOOSA, UNSOM, UNWTO, UPU, WCO, WHO, WMO, WTO",1% of GDP (2023 est.)1.1% of GDP (2022 est.)1.2% of GDP (2021 est.)1.2% of GDP (2020 est.)1.2% of GDP (2019 est.),"Kikuyu 17.1%, Luhya 14.3%, Kalenjin 13.4%, Luo 10.7%, Kamba 9.8%, Somali 5.8%, Kisii 5.7%, Mijikenda 5.2%, Meru 4.2%, Maasai 2.5%, Turkana 2.1%, non-Kenyan 1%, other 8.2% (2019 est.)","English (official), Kiswahili (official), numerous indigenous languages","Christian 85.5% (Protestant 33.4%, Catholic 20.6%, Evangelical 20.4%, African Instituted Churches 7%, other Christian 4.1%), Muslim 10.9%, other 1.8%, none 1.6%, don't know/no answer 0.2% (2019 est.)","26.1 deaths/1,000 live births (2024 est.)",70.4 years (2024 est.),2.06% (2024 est.),"population heavily concentrated in the west along the shore of Lake Victoria; other areas of high density include the capital of Nairobi, and in the southeast along the Indian Ocean coast as shown in this population distribution map",85.50%,79.8% (2021),21.2 years (2024 est.),"-0.2 migrant(s)/1,000 population (2024 est.)","21,847 (Ethiopia), 5,756 (Sudan) (2023); 298,117 (Somalia), 176,776 (South Sudan), 59,384 (Democratic Republic of the Congo), 8,701 (Burundi) (2024)",$108.039 billion (2023 est.)note: data in current dollars at official exchange rate,"$5,700 (2023 est.)$5,500 (2022 est.)$5,300 (2021 est.)note: data in 2021 dollars","limestone, soda ash, salt, gemstones, fluorspar, zinc, diatomite, gypsum, wildlife, hydropower",9.80%,"tea, cut flowers, garments, gold, tropical fruits (2023)note: top five export commodities based on value in dollars","Uganda 10%, USA 10%, UAE 8%, Netherlands 8%, Pakistan 6% (2023)note: top five export partners based on percentage share of exports","refined petroleum, palm oil, wheat, plastics, garments (2023)note: top five import commodities based on value in dollars","China 22%, UAE 14%, India 10%, Saudi Arabia 5%, Malaysia 4% (2023)note: top five import partners based on percentage share of imports"
Kiribati,Republic of Kiribati,Tarawa,"tropical; marine, hot and humid, moderated by trade winds",mostly low-lying coral atolls surrounded by extensive reefs,"1,143 km","heavy pollution in lagoon of south Tarawa atoll due to overcrowding mixed with traditional practices such as lagoon latrines and open-pit dumping; ground water at risk; potential for water shortages, disease; coastal erosion","Biodiversity, Climate Change, Climate Change-Kyoto Protocol, Climate Change-Paris Agreement, Comprehensive Nuclear Test Ban, Desertification, Hazardous Wastes, Law of the Sea, Marine Dumping-London Convention, Ozone Layer Protection, Ship Pollution, Wetlands, Whaling","Oceania, group of 32 coral atolls and one raised coral island in the Pacific Ocean, straddling the Equator; the capital Tarawa is about halfway between Hawaii and Australia",Oceania,"four times the size of Washington, DC",presidential republic,12 July 1979 (from the UK),"ABEDA, ACP, ADB, AOSIS, C, FAO, IBRD, ICAO, ICRM, IDA, IFAD, IFC, IFRCS, ILO, IMF, IMO, IOC, ITU, ITUC (NGOs), OPCW, PIF, Sparteca, SPC, UN, UNCTAD, UNDP, UNESCO, UPU, WHO, WIPO, WMO",,"I-Kiribati 95.78%, I-Kiribati/mixed 3.8%, Tuvaluan 0.2%, other 1.7% (2020 est.)","Gilbertese, English (official)","Roman Catholic 58.9%, Kiribati Uniting Church 21.2%, Kiribati Protestant Church 8.4%, Church of Jesus Christ 5.6%, Seventh Day Adventist 2.1%, Baha'i 2.1%, other 1.7% (2020 est.)","31.5 deaths/1,000 live births (2024 est.)",68.5 years (2024 est.),1% (2024 est.),"consists of three achipelagos spread out over an area roughly the size of India; the eastern Line Islands and central Phoenix Islands are sparsely populated, but the western Gilbert Islands are some of the most densely settled places on earth, with the main island of South Tarawa boasting a population density similar to Tokyo or Hong Kong",,,27.3 years (2024 est.),"-2.8 migrant(s)/1,000 population (2024 est.)",,$279.209 million (2023 est.)note: data in current dollars at official exchange rate,"$3,200 (2023 est.)$3,100 (2022 est.)$3,000 (2021 est.)note: data in 2021 dollars","phosphate (production discontinued in 1979), coconuts (copra), fish",2.50%,"fish, coconut oil (2023)","Thailand 85%, Japan 6%, Philippines 3%, UAE 2%, Fiji 1% (2023)note: top five export partners based on percentage share of exports","ships, centrifuges, refined petroleum, rice, raw sugar (2023)note: top five import commodities based on value in dollars","China 24%, Australia 20%, Fiji 15%, Japan 7%, NZ 6% (2023)note: top five import partners based on percentage share of imports"
Kosovo,Republic of Kosovo,Pristina,"influenced by continental air masses resulting in relatively cold winters with heavy snowfall and hot, dry summers and autumns; Mediterranean and alpine influences create regional variation; maximum rainfall between October and December","flat fluvial basin at an elevation of 400-700 m above sea level surrounded by several high mountain ranges with elevations of 2,000 to 2,500 m",0 km (landlocked),air pollution (pollution from power plants and nearby lignite mines take a toll on people's health); water scarcity and pollution; land degradation,,"Southeastern Europe, between Serbia and Macedonia",Europe,slightly larger than Delaware,parliamentary republic,17 February 2008 (from Serbia),"FIFA, IBRD, IDA, IFC, IMF, IOC, ITUC (NGOs), MIGA, OIF (observer)",1.3% of GDP (2023 est.)1.1% of GDP (2022 est.)1.1% of GDP (2021 est.)1% of GDP (2020 est.)0.8% of GDP (2019 est.),"Albanians 92.9%, Bosniaks 1.6%, Serbs 1.5%, Turk 1.1%, Ashkali 0.9%, Egyptian 0.7%, Gorani 0.6%, Romani 0.5%, other/unspecified 0.2% (2011 est.)","Albanian (official) 94.5%, Bosnian 1.7%, Serbian (official) 1.6%, Turkish 1.1%, other 0.9% (includes Romani), unspecified 0.1% (2011 est.)","Muslim 95.6%, Roman Catholic 2.2%, Orthodox 1.5%, other 0.1%, none 0.1%, unspecified 0.6% (2011 est.)","22.9 deaths/1,000 live births (2024 est.)",73.1 years (2024 est.),0.68% (2024 est.),"population clusters exist throughout the country, the largest being in the east in and around the capital of Pristina",,,32 years (2024 est.),"-0.4 migrant(s)/1,000 population (2024 est.)",,$10.468 billion (2023 est.)note: data in current dollars at official exchange rate,"$13,600 (2023 est.)$13,000 (2022 est.)$12,400 (2021 est.)note: data in 2021 dollars","nickel, lead, zinc, magnesium, lignite, kaolin, chrome, bauxite",27.40%,"mattress materials, iron alloys, metal piping, scrap iron, building plastics (2021)top five export commodities based on value in dollars","United States 16%, Albania 15%, North Macedonia 12%, Germany 8%, Italy 8% (2021)","refined petroleum, cars, iron rods, electricity, cigars, packaged medicines (2021)","Germany 13%, Turkey 13%, China 10%, Serbia 7%, Italy 6% (2021)"
Kuwait,State of Kuwait,Kuwait City,"dry desert; intensely hot summers; short, cool winters",flat to slightly undulating desert plain,499 km,limited natural freshwater resources; some of world's largest and most sophisticated desalination facilities provide much of the water; air and water pollution; desertification; loss of biodiversity,"Biodiversity, Climate Change, Climate Change-Kyoto Protocol, Climate Change-Paris Agreement, Comprehensive Nuclear Test Ban, Desertification, Endangered Species, Environmental Modification, Hazardous Wastes, Law of the Sea, Nuclear Test Ban, Ozone Layer Protection, Ship Pollution, Wetlands","Middle East, bordering the Persian Gulf, between Iraq and Saudi Arabia",Middle East,slightly smaller than New Jersey,constitutional monarchy (emirate),19 June 1961 (from the UK),"ABEDA, AfDB (nonregional member), AFESD, AMF, BDEAC, CAEU, CD, FAO, G-77, GCC, IAEA, IBRD, ICAO, ICC (national committees), ICRM, IDA, IDB, IFAD, IFC, IFRCS, IHO, ILO, IMF, IMO, IMSO, Interpol, IOC, IPU, ISO, ITSO, ITU, ITUC (NGOs), LAS, MIGA, NAM, OAPEC, OIC, OPCW, OPEC, Paris Club (associate), PCA, UN, UNCTAD, UNESCO, UNHRC, UNIDO, UNOOSA, UNRWA, UN Security Council (temporary), UNWTO, UPU, WCO, WFTU (NGOs), WHO, WIPO, WMO, WTO",5% of GDP (2023 est.)4.5% of GDP (2022 est.)6.8% of GDP (2021 est.)6.3% of GDP (2020 est.)5.6% of GDP (2019 est.),"Kuwaiti 30.4%, other Arab 27.4%, Asian 40.3%, African 1%, other 0.9% (includes European, North American, South American, and Australian) (2018 est.)","Arabic (official), English widely spoken","Muslim (official) 74.6%, Christian 18.2%, other and unspecified 7.2% (2013 est.)","7.2 deaths/1,000 live births (2024 est.)",79.6 years (2024 est.),1.1% (2024 est.),"densest settlement is along the Persian Gulf, particularly in Kuwait City and on Bubiyan Island; significant population threads extend south and west along highways that radiate from the capital, particularly in the southern half of the country",97.10%,95.4% (2020),30.3 years (2024 est.),"-4.2 migrant(s)/1,000 population (2024 est.)",,$163.705 billion (2023 est.)note: data in current dollars at official exchange rate,"$46,500 (2023 est.)$51,000 (2022 est.)$50,700 (2021 est.)note: data in 2021 dollars","petroleum, fish, shrimp, natural gas",0.60%,"crude petroleum, refined petroleum, natural gas, hydrocarbons, plastics (2023)note: top five export commodities based on value in dollars","China 25%, India 13%, Japan 13%, Taiwan 7%, UK 5% (2023)note: top five export partners based on percentage share of exports","cars, natural gas, garments, broadcasting equipment, packaged medicine (2023)note: top five import commodities based on value in dollars","China 18%, UAE 10%, USA 9%, Saudi Arabia 6%, Japan 6% (2023)note: top five import partners based on percentage share of imports"
Kyrgyzstan,Kyrgyz Republic,Bishkek,dry continental to polar in high Tien Shan Mountains; subtropical in southwest (Fergana Valley); temperate in northern foothill zone,peaks of the Tien Shan mountain range and associated valleys and basins encompass the entire country,0 km (landlocked),"water pollution; many people get their water directly from contaminated streams and wells; as a result, water-borne diseases are prevalent; increasing soil salinity from faulty irrigation practices; air pollution due to rapid increase of traffic","Air Pollution, Biodiversity, Climate Change, Climate Change-Kyoto Protocol, Climate Change-Paris Agreement, Comprehensive Nuclear Test Ban, Desertification, Endangered Species, Environmental Modification, Hazardous Wastes, Ozone Layer Protection, Wetlands","Central Asia, west of China, south of Kazakhstan",Asia,slightly smaller than South Dakota,parliamentary republic,31 August 1991 (from the Soviet Union),"ADB, CICA, CIS, CSTO, EAEU, EAPC, EBRD, ECO, EITI (compliant country), FAO, GCTU, IAEA, IBRD, ICAO, ICC (NGOs), ICRM, IDA, IDB, IFAD, IFC, IFRCS, ILO, IMF, Interpol, IOC, IOM, IPU, ISO (correspondent), ITSO, ITU, MIGA, NAM (observer), OIC, OPCW, OSCE, PCA, PFP, SCO, UN, UNAMID, UNCTAD, UNESCO, UNIDO, UNISFA, UNMIL, UNMISS, UNWTO, UPU, WCO, WFTU (NGOs), WHO, WIPO, WMO, WTO",1.5% of GDP (2022 est.)1.7% of GDP (2021 est.)1.8% of GDP (2020 est.)2.3% of GDP (2019 est.)2.3% of GDP (2018 est.),"Kyrgyz 73.8%, Uzbek 14.8%, Russian 5.1%, Dungan 1.1%, other 5.2% (includes Uyghur, Tajik, Turk, Kazakh, Tatar, Ukrainian, Korean, German) (2021 est.)","Kyrgyz (state language) 71.4%, Uzbek 14.4%, Russian (official language) 9%, other 5.2% (2009 est.)","Muslim 90% (majority Sunni), Christian 7% (Russian Orthodox 3%), other 3% (includes Jewish, Buddhist, Baha'i) (2017 est.)","24.5 deaths/1,000 live births (2024 est.)",72.9 years (2024 est.),0.79% (2024 est.),"the vast majority of Kyrgyzstanis live in rural areas; densest population settlement is to the north in and around the capital, Bishkek, followed by Osh in the west; the least densely populated area is the east, southeast in the Tien Shan mountains",99.70%,99.5% (2018),28.3 years (2024 est.),"-4.8 migrant(s)/1,000 population (2024 est.)",,$13.988 billion (2023 est.)note: data in current dollars at official exchange rate,"$6,400 (2023 est.)$6,100 (2022 est.)$5,700 (2021 est.)note: data in 2021 dollars","abundant hydropower; gold, rare earth metals; locally exploitable coal, oil, and natural gas; other deposits of nepheline, mercury, bismuth, lead, and zinc",6.70%,"gold, coal, precious metal ore, refined petroleum, garments (2023)note: top five export commodities based on value in dollars","Switzerland 30%, Russia 19%, Kazakhstan 14%, UAE 10%, Turkey 8% (2023)note: top five export partners based on percentage share of exports","cars, garments, refined petroleum, fabric, footwear (2023)note: top five import commodities based on value in dollars","China 44%, Russia 12%, Kazakhstan 6%, Turkey 6%, Uzbekistan 4% (2023)note: top five import partners based on percentage share of imports"
Laos,Lao People's Democratic Republic,Vientiane,tropical monsoon; rainy season (May to November); dry season (December to April),mostly rugged mountains; some plains and plateaus,0 km (landlocked),"unexploded ordnance; deforestation; soil erosion; loss of biodiversity; water pollution, most of the population does not have access to potable water","Biodiversity, Climate Change, Climate Change-Kyoto Protocol, Climate Change-Paris Agreement, Comprehensive Nuclear Test Ban, Desertification, Endangered Species, Environmental Modification, Hazardous Wastes, Law of the Sea, Nuclear Test Ban, Ozone Layer Protection, Wetlands, Whaling","Southeastern Asia, northeast of Thailand, west of Vietnam",Southeast Asia,about twice the size of Pennsylvania; slightly larger than Utah,communist party-led state,19 July 1949 (from France by the Franco-Lao General Convention); 22 October 1953 (Franco-Lao Treaty recognizes full independence),"ADB, ARF, ASEAN, CP, EAS, FAO, G-77, IAEA, IBRD, ICAO, ICRM, IDA, IFAD, IFC, IFRCS, ILO, IMF, Interpol, IOC, IPU, ISO (subscriber), ITU, MIGA, NAM, OIF, OPCW, PCA, UN, UNCTAD, UNESCO, UNIDO, UNWTO, UPU, WCO, WFTU (NGOs), WHO, WIPO, WMO, WTO",0.2% of GDP (2019 est.)0.2% of GDP (2018 est.)0.2% of GDP (2017 est.)0.2% of GDP (2016 est.)0.2% of GDP (2015 est.),"Lao 53.2%, Khmou 11%, Hmong 9.2%, Phouthay 3.4%, Tai 3.1%, Makong 2.5%, Katong 2.2%, Lue 2%, Akha 1.8%, other 11.6% (2015 est.)","Lao (official), French, English, various ethnic languages","Buddhist 64.7%, Christian 1.7%, none 31.4%, other/not stated 2.1% (2015 est.)","35.4 deaths/1,000 live births (2024 est.)",69 years (2024 est.),1.26% (2024 est.),most densely populated area is in and around the capital city of Vientiane; large communities are primarily found along the Mekong River along the southwestern border; overall density is considered one of the lowest in Southeast Asia,91.40%,81.4% (2021),25.4 years (2024 est.),"-1 migrant(s)/1,000 population (2024 est.)",,$15.843 billion (2023 est.)note: data in current dollars at official exchange rate,"$8,400 (2023 est.)$8,200 (2022 est.)$8,100 (2021 est.)note: data in 2021 dollars","timber, hydropower, gypsum, tin, gold, gemstones",6.20%,"electricity, fertilizers, gold, garments, paper (2023)note: top five export commodities based on value in dollars","China 39%, Thailand 34%, Australia 4%, USA 4%, Cambodia 2% (2023)note: top five export partners based on percentage share of exports","refined petroleum, cars, raw sugar, plastic products, trucks (2023)note: top five import commodities based on value in dollars","Thailand 58%, China 36%, Japan 1%, Singapore 1%, Germany 1% (2023)note: top five import partners based on percentage share of imports"
Latvia,Republic of Latvia,Riga,"maritime; wet, moderate winters",low plain,498 km,"while land, water, and air pollution are evident, Latvia's environment has benefited from a shift to service industries after the country regained independence; improvements have occurred in drinking water quality, sewage treatment, household and hazardous waste management, as well as reduction of air pollution; concerns include nature protection and the management of water resources and the protection of the Baltic Sea","Air Pollution, Air Pollution-Heavy Metals, Air Pollution-Multi-effect Protocol, Air Pollution-Persistent Organic Pollutants, Biodiversity, Climate Change, Climate Change-Kyoto Protocol, Climate Change-Paris Agreement, Comprehensive Nuclear Test Ban, Desertification, Endangered Species, Hazardous Wastes, Law of the Sea, Ozone Layer Protection, Ship Pollution, Tropical Timber 2006, Wetlands","Eastern Europe, bordering the Baltic Sea, between Estonia and Lithuania",Europe,slightly larger than West Virginia,parliamentary republic,18 November 1918 (from Soviet Russia); 4 May 1990 (declared from the Soviet Union); 6 September 1991 (recognized by the Soviet Union),"Australia Group, BA, BIS, CBSS, CD, CE, EAPC, EBRD, ECB, EIB, EMU, ESA (cooperating state), EU, FAO, IAEA, IBRD, ICAO, ICC (NGOs), ICCt, ICRM, IDA, IFC, IFRCS, IHO, ILO, IMF, IMO, IMSO, Interpol, IOC, IOM, IPU, ISO (correspondent), ITU, ITUC (NGOs), MIGA, NATO, NIB, NSG, OAS (observer), OIF (observer), OPCW, OSCE, PCA, Schengen Convention, UN, UNCTAD, UNESCO, UNHCR, UNWTO, UPU, Wassenaar Arrangement, WCO, WHO, WIPO, WMO, WTO",3.2% of GDP (2024 est.)2.4% of GDP (2023)2.1% of GDP (2022)2.1% of GDP (2021)2.2% of GDP (2020),"Latvian 62.7%, Russian 24.5%, Belarusian 3.1%, Ukrainian 2.2%, Polish 2%, Lithuanian 1.1%, other 1.8%, unspecified 2.6% (2021 est.)","Latvian (official) 56.3%, Russian 33.8%, other 0.6% (includes Polish, Ukrainian, and Belarusian), unspecified 9.4%  (2011 est.)","Lutheran 36.2%, Roman Catholic 19.5%, Orthodox 19.1%, other Christian 1.6%, other 0.1%, unspecified/none 23.5% (2017 est.)","4.7 deaths/1,000 live births (2024 est.)",76.4 years (2024 est.),-1.14% (2024 est.),largest concentration of people is found in and around the port and capital city of Riga; small agglomerations are scattered throughout the country,99.90%,99.9% (2021),45.5 years (2024 est.),"-4.9 migrant(s)/1,000 population (2024 est.)","47,615 (Ukraine) (as of 6 March 2024)",$42.248 billion (2023 est.)note: data in current dollars at official exchange rate,"$37,000 (2023 est.)$36,300 (2022 est.)$35,600 (2021 est.)note: data in 2021 dollars","peat, limestone, dolomite, amber, hydropower, timber, arable land",18.60%,"wood, wheat, broadcasting equipment, packaged medicine, natural gas (2023)note: top five export commodities based on value in dollars","Lithuania 19%, Estonia 6%, Russia 6%, Germany 6%, Sweden 5% (2023)note: top five export partners based on percentage share of exports","refined petroleum, cars, packaged medicine, broadcasting equipment, natural gas (2023)note: top five import commodities based on value in dollars","Lithuania 18%, Germany 11%, Poland 10%, Estonia 8%, Finland 5% (2023)note: top five import partners based on percentage share of imports"
Lebanon,Lebanese Republic,Beirut,"Mediterranean; mild to cool, wet winters with hot, dry summers; the Lebanon Mountains experience heavy winter snows",narrow coastal plain; El Beqaa (Bekaa Valley) separates Lebanon and Anti-Lebanon Mountains,225 km,"deforestation; soil deterioration, erosion; desertification; species loss; air pollution in Beirut from vehicular traffic and the burning of industrial wastes; pollution of coastal waters from raw sewage and oil spills; waste-water management","Biodiversity, Climate Change, Climate Change-Kyoto Protocol, Climate Change-Paris Agreement, Comprehensive Nuclear Test Ban, Desertification, Endangered Species, Hazardous Wastes, Law of the Sea, Nuclear Test Ban, Ozone Layer Protection, Ship Pollution, Wetlands","Middle East, bordering the Mediterranean Sea, between Israel and Syria",Middle East,about one-third the size of Maryland,parliamentary democratic republic,22 November 1943 (from League of Nations mandate under French administration),"ABEDA, AFESD, AMF, CAEU, FAO, G-24, G-77, IAEA, IBRD, ICAO, ICC (national committees), ICRM, IDA, IDB, IFAD, IFC, IFRCS, ILO, IMF, IMO, IMSO, Interpol, IOC, IPU, ISO, ITSO, ITU, LAS, MIGA, NAM, OAS (observer), OIC, OIF, OPCW, PCA, UN, UNCTAD, UNESCO, UNHCR, UNIDO, UNRWA, UNWTO, UPU, WCO, WFTU (NGOs), WHO, WIPO, WMO, WTO (observer)",3.2% of GDP (2021 est.)3% of GDP (2020 est.)4.7% of GDP (2019 est.)5.1% of GDP (2018 est.)4.6% of GDP (2017 est.),"Arab 95%, Armenian 4%, other 1%","Arabic (official), French, English, Armenian","Muslim 67.8% (31.9% Sunni, 31.2% Shia, smaller percentages of Alawites and Ismailis), Christian 32.4% (Maronite Catholics are the largest Christian group), Druze 4.5%, very small numbers of Jews, Baha'is, Buddhists, and Hindus (2020 est.)","6.7 deaths/1,000 live births (2024 est.)",79.2 years (2024 est.),0.61% (2024 est.),"the majority of the people live on or near the Mediterranean coast, and of these most live in and around the capital, Beirut; favorable growing conditions in the Bekaa Valley, on the southeastern side of the Lebanon Mountains, have attracted farmers and thus the area exhibits a smaller population density",96.90%,93.3% (2018),36.3 years (2024 est.),"-0.9 migrant(s)/1,000 population (2024 est.)","487,000 (Palestinian refugees) (2022); 784,884 (Syria) (2023)",$20.992 billion (2022 est.)note: data in current dollars at official exchange rate,"$12,300 (2023 est.)$11,500 (2022 est.)$11,600 (2021 est.)note: data in 2021 dollars","limestone, iron ore, salt, water-surplus state in a water-deficit region, arable land",11.90%,"jewelry, cars, diamonds, scrap iron, gold (2023)note: top five export commodities based on value in dollars","UAE 26%, Egypt 7%, Turkey 5%, Iraq 5%, USA 4% (2023)note: top five export partners based on percentage share of exports","refined petroleum, gold, cars, packaged medicine, garments (2023)note: top five import commodities based on value in dollars","Switzerland 12%, China 11%, Greece 9%, Turkey 8%, Italy 6% (2023)note: top five import partners based on percentage share of imports"
Lesotho,Kingdom of Lesotho,Maseru,"temperate; cool to cold, dry winters; hot, wet summers","mostly highland with plateaus, hills, and mountains",0 km (landlocked),"population pressure forcing settlement in marginal areas results in overgrazing, severe soil erosion, and soil exhaustion; desertification; Highlands Water Project controls, stores, and redirects water to South Africa","Biodiversity, Climate Change, Climate Change-Kyoto Protocol, Climate Change-Paris Agreement, Comprehensive Nuclear Test Ban, Desertification, Endangered Species, Hazardous Wastes, Law of the Sea, Marine Life Conservation, Ozone Layer Protection, Wetlands","Southern Africa, an enclave of South Africa",Africa,slightly smaller than Maryland,parliamentary constitutional monarchy,4 October 1966 (from the UK),"ACP, AfDB, AU, C, CD, FAO, G-77, IAEA, IBRD, ICAO, ICCt, ICRM, IDA, IFAD, IFC, IFRCS, ILO, IMF, Interpol, IOC, IOM, IPU, ISO (correspondent), ITU, MIGA, NAM, OPCW, SACU, SADC, UN, UNCTAD, UNESCO, UNHCR, UNIDO, UNWTO, UPU, WCO, WFTU (NGOs), WHO, WIPO, WMO, WTO",1.5% of GDP (2023 est.)1.6% of GDP (2022 est.)1.5% of GDP (2021 est.)1.6% of GDP (2020 est.)1.8% of GDP (2019 est.),"Sotho 99.7%, other 0.3% (includes Kwena, Nguni (Hlubi and Phuthi), Zulu)","Sesotho (official), English (official), Phuthi, Xhosa, Zulu","Protestant 47.8% (Pentecostal 23.1%, Lesotho Evangelical 17.3%, Anglican 7.4%), Roman Catholic 39.3%, other Christian 9.1%, non-Christian 1.4%, none 2.3% (2014 est.)","45.7 deaths/1,000 live births (2024 est.)",60.2 years (2024 est.),0.76% (2024 est.),"relatively higher population density in the western half of the nation, with the capital of Maseru, and the smaller cities of Mafeteng, Teyateyaneng, and Leribe attracting the most people as shown in this population distribution map",72.90%,88.8% (2021),23.9 years (2024 est.),"-4.5 migrant(s)/1,000 population (2024 est.)",,$2.118 billion (2023 est.)note: data in current dollars at official exchange rate,"$2,600 (2023 est.)$2,600 (2022 est.)$2,500 (2021 est.)note: data in 2021 dollars","water, agricultural and grazing land, diamonds, sand, clay, building stone",10.10%,"diamonds, garments, wool, power equipment, bedding (2023)note: top five export commodities based on value in dollars","South Africa 31%, Belgium 26%, USA 20%, UAE 8%, India 8% (2023)note: top five export partners based on percentage share of exports","refined petroleum, fabric, trucks, garments, cotton fabric (2023)note: top five import commodities based on value in dollars","South Africa 78%, China 10%, Taiwan 3%, Japan 1%, India 1% (2023)note: top five import partners based on percentage share of imports"
Liberia,Republic of Liberia,Monrovia,"tropical; hot, humid; dry winters with hot days and cool to cold nights; wet, cloudy summers with frequent heavy showers",mostly flat to rolling coastal plains rising to rolling plateau and low mountains in northeast,579 km,tropical rain forest deforestation; soil erosion; loss of biodiversity; hunting of endangered species for bushmeat; pollution of coastal waters from oil residue and raw sewage; pollution of rivers from industrial run-off; burning and dumping of household waste,"Biodiversity, Climate Change, Climate Change-Kyoto Protocol, Climate Change-Paris Agreement, Comprehensive Nuclear Test Ban, Desertification, Endangered Species, Hazardous Wastes, Law of the Sea, Nuclear Test Ban, Ozone Layer Protection, Ship Pollution, Tropical Timber 2006, Wetlands, Whaling","Western Africa, bordering the North Atlantic Ocean, between Cote d'Ivoire and Sierra Leone",Africa,slightly larger than Virginia,presidential republic,26 July 1847,"ACP, AfDB, AU, ECOWAS, EITI (compliant country), FAO, G-77, IAEA, IBRD, ICAO, ICC (NGOs), ICCt, ICRM, IDA, IFAD, IFC, IFRCS, ILO, IMF, IMO, IMSO, Interpol, IOC, IOM, ISO (correspondent), ITU, ITUC (NGOs), MIGA, NAM, OPCW, UN, UNCTAD, UNESCO, UNIDO, UNISFA, UNWTO, UPU, WCO, WFTU (NGOs), WHO, WIPO, WMO, WTO",0.8% of GDP (2022 est.)0.7% of GDP (2021 est.)0.5% of GDP (2020 est.)0.6% of GDP (2019 est.)0.5% of GDP (2018 est.),"Kpelle 20.2%, Bassa 13.6%, Grebo 9.9%, Gio 7.9%, Mano 7.2%, Kru 5.5%, Lorma 4.8%, Krahn 4.5%, Kissi, 4.3%, Mandingo 4.2%, Vai 3.8%, Gola 3.8%, Gbandi 2.9%, Mende 1.7%, Sapo 1%, Belle 0.7%, Dey 0.3%, other Liberian ethnic group 0.4%, other African 3%, non-African 0.2% (2022 est.)","English 20% (official) and 27 indigenous languages, including Liberian English variants","Christian 84.9%, Muslim 12%, Traditional 0.5%, other 0.1%, none 2.6% (2022 est.)","55.7 deaths/1,000 live births (2024 est.)",61.6 years (2024 est.),2.32% (2024 est.),"more than half of the population lives in urban areas, with approximately one-third living within an 80-km radius of Monrovia as shown in this population distribution map",62.70%,34.1% (2017),19.9 years (2024 est.),"-0.8 migrant(s)/1,000 population (2024 est.)",,$4.24 billion (2023 est.)note: data in current dollars at official exchange rate,"$1,600 (2023 est.)$1,600 (2022 est.)$1,500 (2021 est.)note: data in 2021 dollars","iron ore, timber, diamonds, gold, hydropower",5.20%,"gold, ships, iron ore, rubber, refined petroleum (2023)note: top five export commodities based on value in dollars","Switzerland 30%, UK 13%, France 8%, Germany 7%, Lebanon 4% (2023)note: top five export partners based on percentage share of exports","ships, refined petroleum, rice, trucks, centrifuges (2023)note: top five import commodities based on value in dollars","China 48%, Japan 21%, Germany 8%, Brazil 3%, Cote d'Ivoire 3% (2023)note: top five import partners based on percentage share of imports"
Libya,State of Libya,Tripoli,"Mediterranean along coast; dry, extreme desert interior","mostly barren, flat to undulating plains, plateaus, depressions","1,770 km","desertification; limited natural freshwater resources; the Great Manmade River Project, the largest water development scheme in the world, brings water from large aquifers under the Sahara to coastal cities; water pollution is a significant problem; the combined impact of sewage, oil byproducts, and industrial waste threatens Libya's coast and the Mediterranean Sea","Biodiversity, Climate Change, Climate Change-Kyoto Protocol, Comprehensive Nuclear Test Ban, Desertification, Endangered Species, Hazardous Wastes, Marine Dumping-London Convention, Nuclear Test Ban, Ozone Layer Protection, Ship Pollution, Wetlands","Northern Africa, bordering the Mediterranean Sea, between Egypt, Tunisia, and Algeria",Africa,about 2.5 times the size of Texas; slightly larger than Alaska,in transition,24 December 1951 (from UN trusteeship),"ABEDA, AfDB, AFESD, AMF, AMU, AU, BDEAC, CAEU, COMESA, FAO, G-77, IAEA, IBRD, ICAO, ICC (NGOs), ICRM, IDA, IDB, IFAD, IFC, IFRCS, ILO, IMF, IMO, IMSO, Interpol, IOC, IOM, IPU, ISO, ITSO, ITU, LAS, LCBC, MIGA, NAM, OAPEC, OIC, OPCW, OPEC, PCA, UN, UNCTAD, UNESCO, UNHRC, UNIDO, UNSMIL, UNWTO, UPU, WCO, WFTU (NGOs), WHO, WIPO, WMO, WTO (observer)",not available,"Amazigh and Arab 97%, other 3% (includes Egyptian, Greek, Indian, Italian, Maltese, Pakistani, Tunisian, and Turkish)","Arabic (official), Italian, English (all widely understood in the major cities); Tamazight (Nafusi, Ghadamis, Suknah, Awjilah, Tamasheq)","Muslim (official; virtually all Sunni) 96.6%, Christian 2.7%, Buddhist <1%, Hindu <1%, Jewish <1%, folk religion <1%, other <1%, unaffiliated <1% (2020 est.)","10.7 deaths/1,000 live births (2024 est.)",77.7 years (2024 est.),1.44% (2024 est.),well over 90% of the population lives along the Mediterranean coast in and between Tripoli to the west and Al Bayda to the east; the interior remains vastly underpopulated due to the Sahara and lack of surface water as shown in this population distribution map,96.70%,85.6% (2015),26.2 years (2024 est.),"-2.5 migrant(s)/1,000 population (2024 est.)","11,623 (Syria) (refugees and asylum seekers), 8,302 (Eritrea) (2023); 6,293 (Sudan) (refugees and asylum seekers) (2024)",$45.096 billion (2023 est.)note: data in current dollars at official exchange rate,"$12,500 (2023 est.)$11,500 (2022 est.)$12,600 (2021 est.)note: data in 2021 dollars","petroleum, natural gas, gypsum",1%,"crude petroleum, natural gas, refined petroleum, gold, scrap iron (2023)note: top five export commodities based on value in dollars","Italy 23%, Germany 15%, Spain 9%, France 7%, China 6% (2023)note: top five export partners based on percentage share of exports","refined petroleum, broadcasting equipment, tobacco, garments, cars (2023)note: top five import commodities based on value in dollars","China 17%, Turkey 15%, Italy 8%, UAE 8%, Egypt 8% (2023)note: top five import partners based on percentage share of imports"
Liechtenstein,Principality of Liechtenstein,Vaduz,"continental; cold, cloudy winters with frequent snow or rain; cool to moderately warm, cloudy, humid summers",mostly mountainous (Alps) with Rhine Valley in western third,0 km (doubly landlocked),"some air pollution generated locally, some carried over from surrounding countries","Air Pollution, Air Pollution-Heavy Metals, Air Pollution-Nitrogen Oxides, Air Pollution-Persistent Organic Pollutants, Air Pollution-Sulphur 85, Air Pollution-Sulphur 94, Air Pollution-Volatile Organic Compounds, Biodiversity, Climate Change, Climate Change-Kyoto Protocol, Climate Change-Paris Agreement, Comprehensive Nuclear Test Ban, Desertification, Endangered Species, Hazardous Wastes, Ozone Layer Protection, Wetlands","Central Europe, between Austria and Switzerland",Europe,"about 0.9 times the size of Washington, DC",constitutional monarchy,23 January 1719 (Principality of Liechtenstein established); 12 July 1806 (independence from the Holy Roman Empire); 24 August 1866 (independence from the German Confederation),"CD, CE, EBRD, EFTA, IAEA, ICCt, ICRM, IFRCS, Interpol, IOC, IPU, ITSO, ITU, ITUC (NGOs), OAS (observer), OPCW, OSCE, PCA, Schengen Convention, UN, UNCTAD, UPU, WIPO, WTO",,"Liechtensteiner 65.6%, Swiss 9.6%, Austrian 5.8%, German 4.5%, Italian 3.1%, other 11.4% (2021 est.)","German 91.5% (official, Alemannic is the main dialect), Italian 1.5%, Turkish 1.3%, Portuguese 1.1%, other 4.6% (2015 est.)","Roman Catholic (official) 73.4%, Protestant Reformed 6.3%, Muslim 5.9%, Christian Orthodox 1.3%, Lutheran 1.2%, other Protestant 0.7%, other Christian 0.3%, other 0.8%, none 7%, unspecified 3.3% (2015 est.)","3.9 deaths/1,000 live births (2024 est.)",83 years (2024 est.),0.69% (2024 est.),most of the population is found in the western half of the country along the Rhine River,,,44.2 years (2024 est.),"4.7 migrant(s)/1,000 population (2024 est.)",,$7.362 billion (2022 est.)note: data in current dollars at official exchange rate,,"hydroelectric potential, arable land",18.80%,"small specialty machinery, connectors for audio and video, parts for motor vehicles, dental products, hardwaretop five export commodities based on value in dollars",,"agricultural products, raw materials, energy products, machinery, metal goods, textiles, foodstuffs, motor vehicles",
Lithuania,Republic of Lithuania,Vilnius,"transitional, between maritime and continental; wet, moderate winters and summers","lowland, many scattered small lakes, fertile soil",90 km,water pollution; air pollution; deforestation; threatened animal and plant species; chemicals and waste materials released into the environment contaminate soil and groundwater; soil degradation and erosion,"Air Pollution, Air Pollution-Heavy Metals, Air Pollution-Multi-effect Protocol, Air Pollution-Nitrogen Oxides, Air Pollution-Persistent Organic Pollutants, Air Pollution-Sulphur 85, Air Pollution-Sulphur 94, Air Pollution-Volatile Organic Compounds, Biodiversity, Climate Change, Climate Change-Kyoto Protocol, Climate Change-Paris Agreement, Comprehensive Nuclear Test Ban, Desertification, Endangered Species, Environmental Modification, Hazardous Wastes, Law of the Sea, Ozone Layer Protection, Ship Pollution, Tropical Timber 2006, Wetlands, Whaling","Eastern Europe, bordering the Baltic Sea, between Latvia and Russia, west of Belarus",Europe,slightly larger than West Virginia,semi-presidential republic,"16 February 1918 (from Soviet Russia and Germany); 11 March 1990 (declared from the Soviet Union); 6 September 1991 (recognized by the Soviet Union); notable earlier dates: 6 July 1253 (coronation of MINDAUGAS, traditional founding date); 1 July 1569 (Polish-Lithuanian Commonwealth created)","Australia Group, BA, BIS, CBSS, CD, CE, EAPC, EBRD, ECB, EIB, EU, FAO, IAEA, IBRD, ICAO, ICC (national committees), ICCt, ICRM, IDA, IFC, IFRCS, ILO, IMF, IMO, Interpol, IOC, IOM, IPU, ISO, ITU, ITUC (NGOs), MIGA, NATO, NIB, NSG, OAS (observer), OECD, OIF (observer), OPCW, OSCE, PCA, Schengen Convention, UN, UNCTAD, UNESCO, UNHRC, UNIDO, UNWTO, UPU, Wassenaar Arrangement, WCO, WHO, WIPO, WMO, WTO",2.9% of GDP (2024 est.)2.8% of GDP (2023)2.5% of GDP (2022)2% of GDP (2021)2.1% of GDP (2020),"Lithuanian 84.6%, Polish 6.5%, Russian 5%, Belarusian 1%, other 1.1%, unspecified 1.8% (2021 est.)","Lithuanian (official) 85.3%, Russian 6.8%, Polish 5.1%, other 1.1%, two mother tongues 1.7% (2021 est.)","Roman Catholic 74.2%, Russian Orthodox 3.7%, Old Believer 0.6%, Evangelical Lutheran 0.6%, Evangelical Reformist 0.2%, other (including Sunni Muslim, Jewish, Greek Catholic, and Karaite) 0.9%, none 6.1%, unspecified 13.7% (2021 est.)","3.6 deaths/1,000 live births (2024 est.)",76.1 years (2024 est.),-1.05% (2024 est.),"fairly even population distribution throughout the country, but somewhat greater concentrations in the southern cities of Vilnius and Kaunas, and the western port of Klaipeda",99.80%,99.8% (2021),45.1 years (2024 est.),"-4.1 migrant(s)/1,000 population (2024 est.)","41,490 (Ukraine) (as of 11 March 2024)",$79.79 billion (2023 est.)note: data in current dollars at official exchange rate,"$46,700 (2023 est.)$47,200 (2022 est.)$46,600 (2021 est.)note: data in 2021 dollars","peat, arable land, amber",34.90%,"refined petroleum, furniture, plastic products, wheat, cars (2023)note: top five export commodities based on value in dollars","Latvia 11%, Poland 8%, Germany 7%, Netherlands 6%, Russia 6% (2023)note: top five export partners based on percentage share of exports","crude petroleum, cars, natural gas, packaged medicine, plastic products (2023)note: top five import commodities based on value in dollars","Germany 13%, Poland 13%, Latvia 8%, USA 7%, Norway 5% (2023)note: top five import partners based on percentage share of imports"
Luxembourg,Grand Duchy of Luxembourg,Luxembourg,"modified continental with mild winters, cool summers","mostly gently rolling uplands with broad, shallow valleys; uplands to slightly mountainous in the north; steep slope down to Moselle flood plain in the southeast",0 km (landlocked),"air and water pollution in urban areas, soil pollution of farmland; unsustainable patterns of consumption (transport, energy, recreation, space) threaten biodiversity and landscapes","Air Pollution, Air Pollution-Heavy Metals, Air Pollution-Multi-effect Protocol, Air Pollution-Nitrogen Oxides, Air Pollution-Persistent Organic Pollutants, Air Pollution-Sulphur 85, Air Pollution-Sulphur 94, Air Pollution-Volatile Organic Compounds, Biodiversity, Climate Change, Climate Change-Kyoto Protocol, Climate Change-Paris Agreement, Comprehensive Nuclear Test Ban, Desertification, Endangered Species, Hazardous Wastes, Law of the Sea, Marine Dumping-London Convention, Marine Dumping-London Protocol, Nuclear Test Ban, Ozone Layer Protection, Ship Pollution, Tropical Timber 2006, Wetlands, Whaling","Western Europe, between France and Germany",Europe,slightly smaller than Rhode Island; about half the size of Delaware,constitutional monarchy,1839 (from the Netherlands),"ADB (nonregional member), Australia Group, Benelux, BIS, CD, CE, EAPC, EBRD, ECB, EIB, EMU, ESA, EU, FAO, FATF, IAEA, IBRD, ICAO, ICC (national committees), ICCt, ICRM, IDA, IEA, IFAD, IFC, IFRCS, ILO, IMF, IMO, Interpol, IOC, IOM, IPU, ISO, ITSO, ITU, ITUC (NGOs), MIGA, NATO, NEA, NSG, OAS (observer), OECD, OIF, OPCW, OSCE, PCA, Schengen Convention, UN, UNCTAD, UNESCO, UNHCR, UNHRC, UNIDO, UNRWA, UPU, Wassenaar Arrangement, WCO, WHO, WIPO, WMO, WTO, ZC",1.3% of GDP (2024 est.)1% of GDP (2023)0.6% of GDP (2022)0.5% of GDP (2021)0.6% of GDP (2020),"Luxembourger 52.9%, Portuguese 14.5%, French 7.6%, Italian 3.7%, Belgian 3%, German 2%, Spanish 1.3%, Romania 1%, other 14% (2022 est.)","Luxembourgish (official administrative, judicial, and national language) 48.9%, Portuguese 15.4%, French (official administrative, judicial, and legislative language) 14.9%, Italian 3.6%, English 3.6%, German (official administrative and judicial language) 2.9%, other 10.8% (2021 est.)","Christian (predominantly Roman Catholic) 70.6%, Muslim 2.3%, other (includes Buddhist, folk religions, Hindu, Jewish) 0.4%, unaffiliated 26.7% (2020 est.)","3.2 deaths/1,000 live births (2024 est.)",83.4 years (2024 est.),1.52% (2024 est.),"most people live in the south, on or near the border with France",,,39.9 years (2024 est.),"10.8 migrant(s)/1,000 population (2024 est.)","6,065 (Ukraine) (as of 11 August 2023)",$85.755 billion (2023 est.)note: data in current dollars at official exchange rate,"$132,800 (2023 est.)$137,100 (2022 est.)$137,900 (2021 est.)note: data in 2021 dollars","iron ore (no longer exploited), arable land",24%,"iron blocks, gas turbines, plastic products, rubber tires, plastics (2023)note: top five export commodities based on value in dollars","Germany 18%, France 15%, Belgium 8%, Netherlands 7%, Italy 6% (2023)note: top five export partners based on percentage share of exports","cars, refined petroleum, electricity, plastic products, gas turbines (2023)note: top five import commodities based on value in dollars","Belgium 26%, Germany 23%, France 10%, Netherlands 5%, USA 4% (2023)note: top five import partners based on percentage share of imports"
Madagascar,Republic of Madagascar,Antananarivo,"tropical along coast, temperate inland, arid in south","narrow coastal plain, high plateau and mountains in center","4,828 km",erosion and soil degredation results from deforestation and overgrazing; desertification; agricultural fires; surface water contaminated with raw sewage and other organic wastes; wildlife preservation (endangered species of flora and fauna unique to the island),"Biodiversity, Climate Change, Climate Change-Kyoto Protocol, Climate Change-Paris Agreement, Comprehensive Nuclear Test Ban, Desertification, Endangered Species, Hazardous Wastes, Law of the Sea, Marine Dumping-London Protocol, Marine Life Conservation, Nuclear Test Ban, Ozone Layer Protection, Ship Pollution, Tropical Timber 2006, Wetlands","Southern Africa, island in the Indian Ocean, east of Mozambique",Africa,almost four times the size of Georgia; slightly less than twice the size of Arizona,semi-presidential republic,26 June 1960 (from France),"ACP, AfDB, AU, CD, COMESA, EITI (candidate country), FAO, G-77, IAEA, IBRD, ICAO, ICC (NGOs), ICCt, ICRM, IDA, IFAD, IFC, IFRCS, ILO, IMF, IMO, InOC, Interpol, IOC, IOM, IPU, ISO (correspondent), ITSO, ITU, ITUC (NGOs), MIGA, NAM, OIF, OPCW, PCA, SADC, UN, UNCTAD, UNESCO, UNHCR, UNIDO, UNWTO, UPU, WCO, WFTU (NGOs), WHO, WIPO, WMO, WTO",0.7% of GDP (2023 est.)0.7% of GDP (2022 est.)0.7% of GDP (2021 est.)0.7% of GDP (2020 est.)0.5% of GDP (2019 est.),"Malayo-Indonesian (Merina and related Betsileo), Cotiers (mixed African, Malayo-Indonesian, and Arab ancestry - Betsimisaraka, Tsimihety, Antaisaka, Sakalava), French, Indian, Creole, Comoran","Malagasy (official) 99.9%, French (official) 23.6%, English 8.2%, other 0.6% (2018 est.)","Church of Jesus Christ in Madagascar/Malagasy Lutheran Church/Anglican Church 34%, Roman Catholic 32.3%, other Christian 8.1%, traditional/Animist 1.7%, Muslim 1.4%, other 0.6%, none 21.9% (2021 est.)","37.5 deaths/1,000 live births (2024 est.)",68.8 years (2024 est.),2.18% (2024 est.),most of population lives on the eastern half of the island; significant clustering is found in the central highlands and eastern coastline as shown in this population distribution map,78.80%,75.8% (2021),21.3 years (2024 est.),"0 migrant(s)/1,000 population (2024 est.)",,$15.79 billion (2023 est.)note: data in current dollars at official exchange rate,"$1,600 (2023 est.)$1,600 (2022 est.)$1,600 (2021 est.)note: data in 2021 dollars","graphite, chromite, coal, bauxite, rare earth elements, salt, quartz, tar sands, semiprecious stones, mica, fish, hydropower",6%,"garments, nickel, vanilla, cloves, gold (2023)note: top five export commodities based on value in dollars","USA 16%, France 15%, Japan 8%, China 6%, S. Korea 6% (2023)note: top five export partners based on percentage share of exports","refined petroleum, rice, fabric, cotton fabric, wheat (2023)note: top five import commodities based on value in dollars","China 19%, Oman 13%, France 10%, India 8%, South Africa 5% (2023)note: top five import partners based on percentage share of imports"
Malawi,Republic of Malawi,Lilongwe,sub-tropical; rainy season (November to May); dry season (May to November),"narrow elongated plateau with rolling plains, rounded hills, some mountains",0 km (landlocked),"deforestation; land degradation; water pollution from agricultural runoff, sewage, industrial wastes; siltation of spawning grounds endangers fish populations; negative effects of climate change (extreme high temperatures, changing precipitation patterns)","Biodiversity, Climate Change, Climate Change-Kyoto Protocol, Climate Change-Paris Agreement, Comprehensive Nuclear Test Ban, Desertification, Endangered Species, Environmental Modification, Hazardous Wastes, Law of the Sea, Marine Life Conservation, Nuclear Test Ban, Ozone Layer Protection, Ship Pollution, Wetlands","Southern Africa, east of Zambia, west and north of Mozambique",Africa,slightly smaller than Pennsylvania,presidential republic,6 July 1964 (from the UK),"ACP, AfDB, AU, C, CD, COMESA, FAO, G-77, IAEA, IBRD, ICAO, ICCt, ICRM, IDA, IFAD, IFC, IFRCS, ILO, IMF, IMO, Interpol, IOC, IOM, IPU, ISO (correspondent), ITSO, ITU, ITUC (NGOs), MIGA, MINURSO, MONUSCO, NAM, OPCW, SADC, UN, UNCTAD, UNESCO, UNHCR, UNHRC, UNIDO, UNISFA, UNOCI, UNWTO, UPU, WCO, WFTU (NGOs), WHO, WIPO, WMO, WTO",0.7% of GDP (2023 est.)0.7% of GDP (2022 est.)0.9% of GDP (2021 est.)0.9% of GDP (2020 est.)1.1% of GDP (2019 est.),"Chewa 34.3%, Lomwe 18.8%, Yao 13.2%, Ngoni 10.4%, Tumbuka 9.2%, Sena 3.8%, Mang'anja 3.2%, Tonga 1.8%, Nyanja 1.8%, Nkhonde 1%, other 2.2%, foreign 0.3% (2018 est.)","English (official), Chewa (dominant), Lambya, Lomwe, Ngoni, Nkhonde, Nyakyusa, Nyanja, Sena, Tonga, Tumbuka, Yao","Protestant 33.5% (includes Church of Central Africa Presbyterian 14.2%, Seventh Day Adventist/Baptist 9.4%, Pentecostal 7.6%, Anglican 2.3%), Roman Catholic 17.2%, other Christian 26.6%, Muslim 13.8%, traditionalist 1.1%, other 5.6%, none 2.1% (2018 est.)","31.9 deaths/1,000 live births (2024 est.)",73 years (2024 est.),2.22% (2024 est.),population density is highest south of Lake Nyasa as shown in this population distribution map,71.20%,63.7% (2021),20.3 years (2024 est.),"0 migrant(s)/1,000 population (2024 est.)","11,502 (Burundi) (refugees and asylum seekers), 6,594 (Rwanda) (refugees and asylum seekers) (2023); 34,605 (Democratic Republic of the Congo) (refugees and asylum seekers)",$12.712 billion (2023 est.)note: data in current dollars at official exchange rate,"$1,600 (2023 est.)$1,700 (2022 est.)$1,700 (2021 est.)note: data in 2021 dollars","limestone, arable land, hydropower, unexploited deposits of uranium, coal, and bauxite",38.20%,"tobacco, tea, dried legumes, soybean meal, raw sugar (2023)note: top five export commodities based on value in dollars","Germany 11%, India 7%, Zimbabwe 6%, South Africa 5%, USA 5% (2023)note: top five export partners based on percentage share of exports","refined petroleum, fertilizers, plastics, garments, postage stamps/documents (2023)note: top five import commodities based on value in dollars","China 17%, South Africa 16%, UAE 12%, India 7%, Tanzania 7% (2023)note: top five import partners based on percentage share of imports"
Malaysia,none,Kuala Lumpur,tropical; annual southwest (April to October) and northeast (October to February) monsoons,coastal plains rising to hills and mountains,"4,675 km (Peninsular Malaysia 2,068 km, East Malaysia 2,607 km)",air pollution from industrial and vehicular emissions; water pollution from raw sewage; deforestation; smoke/haze from Indonesian forest fires; endangered species; coastal reclamation damaging mangroves and turtle nesting sites,"Antarctic-Environmental Protection, Antarctic Treaty, Biodiversity, Climate Change, Climate Change-Kyoto Protocol, Climate Change-Paris Agreement, Comprehensive Nuclear Test Ban, Desertification, Endangered Species, Hazardous Wastes, Law of the Sea, Marine Life Conservation, Nuclear Test Ban, Ozone Layer Protection, Ship Pollution, Tropical Timber 2006, Wetlands","Southeastern Asia, peninsula bordering Thailand and northern one-third of the island of Borneo, bordering Indonesia, Brunei, and the South China Sea, south of Vietnam",Southeast Asia,slightly larger than New Mexico,federal parliamentary constitutional monarchy,31 August 1957 (from the UK),"ADB, APEC, ARF, ASEAN, BIS, C, CICA (observer), CP, D-8, EAS, FAO, G-15, G-77, IAEA, IBRD, ICAO, ICC (national committees), ICRM, IDA, IDB, IFAD, IFC, IFRCS, IHO, ILO, IMF, IMO, IMSO, Interpol, IOC, IPU, ISO, ITSO, ITU, ITUC (NGOs), MIGA, MINURSO, MONUSCO, NAM, OIC, OPCW, PCA, PIF (partner), UN, UNAMID, UNCTAD, UNESCO, UNHRC, UNIDO, UNIFIL, UNISFA, UNMIL, UNWTO, UPU, WCO, WFTU (NGOs), WHO, WIPO, WMO, WTO",0.9% of GDP (2023 est.)1.1% of GDP (2022 est.)1% of GDP (2021 est.)1.1% of GDP (2020 est.)1% of GDP (2019 est.),"Bumiputera 63.8% (Malay 52.8% and indigenous peoples, including Orang Asli, Dayak, Anak Negeri, 11%), Chinese 20.6%, Indian 6%, other 0.6%, non-citizens 9% (2023  est.)","Bahasa Malaysia (official), English, Chinese (Cantonese, Mandarin, Hokkien, Hakka, Hainan, Foochow), Tamil, Telugu, Malayalam, Panjabi, Thai","Muslim (official) 63.5%, Buddhist 18.7%, Christian 9.1%, Hindu 6.1%, other (Confucianism, Taoism, other traditional Chinese religions) 0.9%, none/unspecified 1.8% (2020 est.)","6.4 deaths/1,000 live births (2024 est.)",76.6 years (2024 est.),0.99% (2024 est.),a highly uneven distribution with over 80% of the population residing on the Malay Peninsula,96.20%,93.6% (2019),31.8 years (2024 est.),"1.5 migrant(s)/1,000 population (2024 est.)","157,731 (Burma) (refugees and asylum seekers) (2023)",$399.705 billion (2023 est.)note: data in current dollars at official exchange rate,"$32,800 (2023 est.)$32,100 (2022 est.)$29,800 (2021 est.)note: data in 2021 dollars","tin, petroleum, timber, copper, iron ore, natural gas, bauxite",2.90%,"integrated circuits, refined petroleum, crude petroleum, natural gas, palm oil (2023)note: top five export commodities based on value in dollars","China 21%, Singapore 12%, USA 12%, Japan 5%, Hong Kong 5% (2023)note: top five export partners based on percentage share of exports","integrated circuits, refined petroleum, crude petroleum, coal, broadcasting equipment (2023)note: top five import commodities based on value in dollars","China 24%, Singapore 11%, USA 7%, Japan 5%, Taiwan 5% (2023)note: top five import partners based on percentage share of imports"
Maldives,Republic of Maldives,Male,"tropical; hot, humid; dry, northeast monsoon (November to March); rainy, southwest monsoon (June to August)","flat coral atolls, with white sandy beaches; sits atop the submarine volcanic Chagos-Laccadive Ridge",644 km,rising sea levels threaten land; depletion of freshwater aquifers threatens water supplies; inadequate sewage treatment; coral reef bleaching,"Biodiversity, Climate Change, Climate Change-Kyoto Protocol, Climate Change-Paris Agreement, Comprehensive Nuclear Test Ban, Desertification, Endangered Species, Hazardous Wastes, Law of the Sea, Ozone Layer Protection, Ship Pollution","Southern Asia, group of atolls in the Indian Ocean, south-southwest of India",Asia,"about 1.7 times the size of Washington, DC",presidential republic,26 July 1965 (from the UK),"ADB, AOSIS, C, CP, FAO, G-77, IBRD, ICAO, ICC (NGOs), ICCt, IDA, IDB, IFAD, IFC, IFRCS, ILO, IMF, IMO, Interpol, IOC, IOM, IPU, ITU, MIGA, NAM, OIC, OPCW, SAARC, SACEP, UN, UNCTAD, UNESCO, UNIDO, UNWTO, UPU, WCO, WHO, WIPO, WMO, WTO",not available,"homogeneous mixture of Sinhalese, Dravidian, Arab, Australasian, and African resulting from historical changes in regional hegemony over marine trade routes","Dhivehi (official, closely related to Sinhala, script derived from Arabic), English (spoken by most government officials)",Sunni Muslim (official),"24.4 deaths/1,000 live births (2024 est.)",77.4 years (2024 est.),-0.2% (2024 est.),about a third of the population lives in the centrally located capital city of Male and almost a tenth in southern Addu City; the remainder of the populace is spread over the 200 or so populated islands of the archipelago,97.60%,98.4% (2021),31.9 years (2024 est.),"-12.8 migrant(s)/1,000 population (2024 est.)",,$6.591 billion (2023 est.)note: data in current dollars at official exchange rate,"$22,300 (2023 est.)$21,400 (2022 est.)$19,100 (2021 est.)note: data in 2021 dollars",fish,10%,"fish, aircraft, refined petroleum, scrap iron, natural gas (2023)note: top five export commodities based on value in dollars","Thailand 32%, India 21%, Singapore 9%, UK 7%, Germany 5% (2023)note: top five export partners based on percentage share of exports","refined petroleum, plastic products, aircraft, granite, ships (2023)note: top five import commodities based on value in dollars","India 15%, UAE 15%, Oman 14%, China 12%, Singapore 8% (2023)note: top five import partners based on percentage share of imports"
Mali,Republic of Mali,Bamako,"subtropical to arid; hot and dry (February to June); rainy, humid, and mild (June to November); cool and dry (November to February)","mostly flat to rolling northern plains covered by sand; savanna in south, rugged hills in northeast",0 km (landlocked),deforestation; soil erosion; desertification; loss of pasture land; inadequate supplies of potable water,"Biodiversity, Climate Change, Climate Change-Kyoto Protocol, Climate Change-Paris Agreement, Comprehensive Nuclear Test Ban, Desertification, Endangered Species, Hazardous Wastes, Law of the Sea, Ozone Layer Protection, Tropical Timber 2006, Wetlands, Whaling","interior Western Africa, southwest of Algeria, north of Guinea, Cote d'Ivoire, and Burkina Faso, west of Niger",Africa,slightly less than twice the size of Texas,semi-presidential republic,22 September 1960 (from France),"ACP, AfDB, AU (suspended), CD, EITI (compliant country), FAO, FZ, G-77, IAEA, IBRD, ICAO, ICCt, ICRM, IDA, IDB, IFAD, IFC, IFRCS, ILO, IMF, Interpol, IOC, IOM, IPU, ISO, ITSO, ITU, ITUC (NGOs), MIGA, MINUSCA, MONUSCO, NAM, OIC, OPCW, UN, UNCTAD, UNDP, UNESCO, UNFPA, UNHCR, UNIDO, UNOPS, UN Women, UNWTO, UPU, WADB (regional), WAEMU, World Bank Group, WCO, WFTU (NGOs), WHO, WIPO, WMO, WTO",4% of GDP (2023 est.)3.5% of GDP (2022 est.)3.5% of GDP (2021 est.)3.4% of GDP (2020 est.)3.1% of GDP (2019 est.),"Bambara 33.3%, Fulani (Peuhl) 13.3%, Sarakole/Soninke/Marka 9.8%, Senufo/Manianka 9.6%, Malinke 8.8%, Dogon 8.7%, Sonrai 5.9%, Bobo 2.1%, Tuareg/Bella 1.7%, other Malian 6%, from members of Economic Community of West Africa 0.4%, other 0.3% (2018 est.)","Bambara (official), French 17.2%, Peuhl/Foulfoulbe/Fulani 9.4%, Dogon 7.2%, Maraka/Soninke 6.4%, Malinke 5.6%, Sonrhai/Djerma 5.6%, Minianka 4.3%, Tamacheq 3.5%, Senoufo 2.6%, Bobo 2.1%, other 6.3%, unspecified 0.7% (2009 est.)","Muslim 93.9%, Christian 2.8%, animist 0.7%, none 2.5% (2018 est.)","57.4 deaths/1,000 live births (2024 est.)",63.2 years (2024 est.),2.9% (2024 est.),"the overwhelming majority of the population lives in the southern half of the country, with greater density along the border with Burkina Faso as shown in this population distribution map",46.20%,25.7% (2018),16.4 years (2024 est.),"-2.9 migrant(s)/1,000 population (2024 est.)","29,138 (Burkina Faso) (refugees and asylum seekers), 20,617 (Niger) (refugees and asylum seekers), 14,956 (Mauritania) (refugees and asylum seekers) (2023)",$20.662 billion (2023 est.)note: data in current dollars at official exchange rate,"$2,400 (2023 est.)$2,400 (2022 est.)$2,300 (2021 est.)note: data in 2021 dollars","gold, phosphates, kaolin, salt, limestone, uranium, gypsum, granite, hydropower",5.60%,"gold, cotton, oil seeds, fertilizers, gum resins (2023)note: top five export commodities based on value in dollars","UAE 73%, Switzerland 15%, Australia 5%, China 1%, Uganda 1% (2023)note: top five export partners based on percentage share of exports","refined petroleum, broadcasting equipment, cement, cotton fabric, plastic products (2023)note: top five import commodities based on value in dollars","Cote d'Ivoire 25%, Senegal 19%, China 12%, France 5%, Burkina Faso 4% (2023)note: top five import partners based on percentage share of imports"
Malta,Republic of Malta,Valletta,"Mediterranean; mild, rainy winters; hot, dry summers","mostly low, rocky, flat to dissected plains; many coastal cliffs",196.8 km (excludes 56 km for the island of Gozo),limited natural freshwater resources; increasing reliance on desalination; deforestation; wildlife preservation,"Air Pollution, Biodiversity, Climate Change, Climate Change-Kyoto Protocol, Climate Change-Paris Agreement, Comprehensive Nuclear Test Ban, Desertification, Endangered Species, Hazardous Wastes, Law of the Sea, Marine Dumping-London Convention, Nuclear Test Ban, Ozone Layer Protection, Ship Pollution, Tropical Timber 2006, Wetlands","Southern Europe, islands in the Mediterranean Sea, south of Sicily (Italy)",Europe,"slightly less than twice the size of Washington, DC",parliamentary republic,21 September 1964 (from the UK),"Australia Group, C, CD, CE, EAPC, EBRD, ECB, EIB, EMU, EU, FAO, IAEA, IBRD, ICAO, ICC (NGOs), ICCt, ICRM, IDA, IFAD, IFC, IFRCS, ILO, IMF, IMO, IMSO, Interpol, IOC, IOM, IPU, ISO, ITSO, ITU, ITUC (NGOs), MIGA, NATO (partner), NSG, OAS (observer), OPCW, OSCE, PCA, PFP, Schengen Convention, UN, UNCTAD, UNESCO, UNIDO, Union Latina (observer), UNWTO, UPU, Wassenaar Arrangement, WCO, WHO, WIPO, WMO, WTO",0.8% of GDP (2023 est.)0.7% of GDP (2022)0.5% of GDP (2021)0.6% of GDP (2020)0.5% of GDP (2019),Maltese (descendants of ancient Carthaginians and Phoenicians with strong elements of Italian and other Mediterranean stock),"Maltese (official) 90.1%, English (official) 6%, multilingual 3%, other 0.9% (2005 est.)",Roman Catholic (official) more than 90% (2006 est.),"4.4 deaths/1,000 live births (2024 est.)",83.6 years (2024 est.),0.51% (2024 est.),"most of the population lives on the eastern half of Malta, the largest of the three inhabited islands",93.40%,96.4% (2021),43.5 years (2024 est.),"4.4 migrant(s)/1,000 population (2024 est.)","5,890 (Ukraine) (as of 16 July 2023)",$22.329 billion (2023 est.)note: data in current dollars at official exchange rate,"$61,100 (2023 est.)$59,100 (2022 est.)$58,200 (2021 est.)note: data in 2021 dollars","limestone, salt, arable land",28.40%,"refined petroleum, integrated circuits, packaged medicine, ships, postage stamps/documents (2023)note: top five export commodities based on value in dollars","Nigeria 28%, Germany 10%, China 6%, Singapore 5%, Hong Kong 4% (2023)note: top five export partners based on percentage share of exports","ships, refined petroleum, integrated circuits, aircraft, packaged medicine (2023)note: top five import commodities based on value in dollars","Italy 18%, China 10%, Germany 8%, France 7%, Turkey 7% (2023)note: top five import partners based on percentage share of imports"
Marshall Islands,Republic of the Marshall Islands,Majuro,tropical; hot and humid; wet season May to November; islands border typhoon belt,low coral limestone and sand islands,370.4 km,inadequate supplies of potable water; pollution of Majuro lagoon from household waste and discharges from fishing vessels; sea level rise,"Biodiversity, Climate Change, Climate Change-Kyoto Protocol, Climate Change-Paris Agreement, Comprehensive Nuclear Test Ban, Desertification, Hazardous Wastes, Law of the Sea, Marine Dumping-London Protocol, Ozone Layer Protection, Ship Pollution, Wetlands, Whaling","Oceania, consists of 29 atolls and five isolated islands in the North Pacific Ocean, about halfway between Hawaii and Australia; the atolls and islands are situated in two, almost-parallel island chains - the Ratak (Sunrise) group and the Ralik (Sunset) group; the total number of islands and islets is about 1,225; 22 of the atolls and four of the islands are uninhabited",Oceania,"about the size of Washington, DC",mixed presidential-parliamentary system in free association with the US,21 October 1986 (from the US-administered UN trusteeship),"ACP, ADB, AOSIS, FAO, G-77, IAEA, IBRD, ICAO, ICCt, IDA, IFAD, IFC, ILO, IMF, IMO, IMSO, Interpol, IOC, IOM, ITU, OPCW, PIF, Sparteca, SPC, UN, UNCTAD, UNESCO, UNHRC, WHO",,"Marshallese 95.6%, Filipino 1.1%, other 3.3% (2021 est.)","Marshallese (official) 98.2%, other languages 1.8% (1999)","Protestant 79.3% (United Church of Christ 47.9%, Assembly of God 14.1%, Full Gospel 5%, Bukot Nan Jesus 3%, Salvation Army 2.3%, Reformed Congressional Church 2.2%, Seventh Day Adventist 1.7%, New Beginning Church 1.4%, other Protestant 1.6%), Roman Catholic 9.3%, Church of Jesus Christ 5.7%, Jehovah's Witness 1.3%, other 3.3%, none 1.1% (2021 est.)","20.6 deaths/1,000 live births (2024 est.)",75.2 years (2024 est.),1.26% (2024 est.),most people live in urban clusters found on many of the country's islands; more than two-thirds of the population lives on the atolls of Majuro and Ebeye,98.30%,98.2% (2011),25.5 years (2024 est.),"-4.3 migrant(s)/1,000 population (2024 est.)",,$259.3 million (2023 est.)note: data in current dollars at official exchange rate,"$6,800 (2023 est.)$6,800 (2022 est.)$6,700 (2021 est.)note: data in 2021 dollars","coconut products, marine products, deep seabed minerals",7.80%,"ships, refined petroleum, fish, natural gas, stone processing machines (2023)note: top five export commodities based on value in dollars","UK 16%, Germany 13%, Denmark 10%, Ghana 9%, Cyprus 9% (2023)note: top five export partners based on percentage share of exports","ships, refined petroleum, additive manufacturing machines, iron structures, crude petroleum (2023)note: top five import commodities based on value in dollars","China 47%, Japan 15%, Germany 5%, Brazil 4%, Cyprus 4% (2023)note: top five import partners based on percentage share of imports"
Mauritania,Islamic Republic of Mauritania,Nouakchott,"desert; constantly hot, dry, dusty","mostly barren, flat plains of the Sahara; some central hills",754 km,"overgrazing, deforestation, and soil erosion aggravated by drought are contributing to desertification; limited natural freshwater resources away from the Senegal, which is the only perennial river; locust infestation","Biodiversity, Climate Change, Climate Change-Kyoto Protocol, Climate Change-Paris Agreement, Comprehensive Nuclear Test Ban, Desertification, Endangered Species, Hazardous Wastes, Law of the Sea, Nuclear Test Ban, Ozone Layer Protection, Ship Pollution, Wetlands, Whaling","Western Africa, bordering the North Atlantic Ocean, between Senegal and Western Sahara",Africa,slightly larger than three times the size of New Mexico; about six times the size of Florida,presidential republic,28 November 1960 (from France),"ABEDA, ACP, AfDB, AFESD, AIIB, AMF, AMU, AU, CAEU, EITI (compliant country), FAO, G-77, IAEA, IBRD, ICAO, ICC (NGOs), ICRM, IDA, IDB, IFAD, IFC, IFRCS, IHO (pending member), ILO, IMF, IMO, Interpol, IOC, IOM, IPU, ISO (correspondent), ITSO, ITU, ITUC (NGOs), LAS, MIGA, NAM, OIC, OIF, OPCW, UN, UNCTAD, UNESCO, UNHRC, UNIDO, UNWTO, UPU, WCO, WHO, WIPO, WMO, WTO",2.5% of GDP (2023 est.)2.5% of GDP (2022 est.)2.4% of GDP (2021 est.)2.5% of GDP (2020 est.)2.1% of GDP (2019 est.),"Black Moors (Haratines - Arabic-speaking descendants of African origin who are or were enslaved by White Moors) 40%, White Moors (of Arab-Amazigh descent, known as Beydane) 30%, Sub-Saharan Mauritanians (non-Arabic speaking, largely resident in or originating from the Senegal River Valley, including Halpulaar, Fulani, Soninke, Wolof, and Bambara ethnic groups) 30%","Arabic (official and national), Pular, Soninke, Wolof (all national languages), French",Muslim (official) 100%,"48.9 deaths/1,000 live births (2024 est.)",65.9 years (2024 est.),1.92% (2024 est.),"with most of the country being a desert, vast areas of the country, particularly in the central, northern, and eastern areas, are without sizeable population clusters; half the population lives in or around the coastal capital of Nouakchott; smaller clusters are found near the southern border with Mali and Senegal as shown in this population distribution map",71.80%,62.2% (2021),22.1 years (2024 est.),"-0.7 migrant(s)/1,000 population (2024 est.)","26,000 (Sahrawis) (2021); 104,080 (Mali) (2023)",$10.652 billion (2023 est.)note: data in current dollars at official exchange rate,"$6,300 (2023 est.)$6,100 (2022 est.)$5,800 (2021 est.)note: data in 2021 dollars","iron ore, gypsum, copper, phosphate, diamonds, gold, oil, fish",0.40%,"gold, iron ore, fish, processed crustaceans, copper ore (2023)note: top five export commodities based on value in dollars","China 25%, Switzerland 14%, Canada 12%, UAE 9%, Spain 7% (2023)note: top five export partners based on percentage share of exports","refined petroleum, raw sugar, palm oil, wheat, soybean oil (2023)note: top five import commodities based on value in dollars","China 19%, UAE 14%, Morocco 6%, Spain 6%, France 5% (2023)note: top five import partners based on percentage share of imports"
Mauritius,Republic of Mauritius,Port Louis,"tropical, modified by southeast trade winds; warm, dry winter (May to November); hot, wet, humid summer (November to May)",small coastal plain rising to discontinuous mountains encircling central plateau,177 km,"water pollution, degradation of coral reefs; soil erosion; wildlife preservation; solid waste disposal","Antarctic-Marine Living Resources, Biodiversity, Climate Change, Climate Change-Kyoto Protocol, Climate Change-Paris Agreement, Desertification, Endangered Species, Environmental Modification, Hazardous Wastes, Law of the Sea, Marine Life Conservation, Nuclear Test Ban, Ozone Layer Protection, Ship Pollution, Wetlands","Southern Africa, island in the Indian Ocean, about 800 km (500 mi) east of Madagascar",Africa,"almost 11 times the size of Washington, DC",parliamentary republic,12 March 1968 (from the UK),"ACP, AfDB, AOSIS, AU, CD, COMESA, CPLP (associate), FAO, G-77, IAEA, IBRD, ICAO, ICC (NGOs), ICCt, ICRM, IDA, IFAD, IFC, IFRCS, IHO, ILO, IMF, IMO, IMSO, InOC, Interpol, IOC, IOM, IPU, ISO, ITSO, ITU, ITUC (NGOs), MIGA, NAM, OIF, OPCW, PCA, SAARC (observer), SADC, UN, UNCTAD, UNESCO, UNIDO, UNWTO, UPU, WCO, WFTU (NGOs), WHO, WIPO, WMO, WTO",,"Indo-Mauritian (compose approximately two thirds of the total population), Creole, Sino-Mauritian, Franco-Mauritian","Creole 86.5%, Bhojpuri 5.3%, French 4.1%, two languages 1.4%, other 2.6% (includes English, one of the two official languages of the National Assembly, which is spoken by less than 1% of the population), unspecified 0.1% (2011 est.)","Hindu 48.5%, Roman Catholic 26.3%, Muslim 17.3%, other Christian 6.4%, other 0.6%, none 0.7%, unspecified 0.1% (2011 est.)","11.6 deaths/1,000 live births (2024 est.)",75.4 years (2024 est.),0.07% (2024 est.),"population density is one of the highest in the world; urban clusters are found throughout the main island, with a greater density in and around Port Luis; population on Rodrigues Island is spread across the island with a slightly denser cluster on the north coast as shown in this population distribution map",93.50%,90.5% (2021),39.6 years (2024 est.),"0 migrant(s)/1,000 population (2024 est.)",,$14.645 billion (2023 est.)note: data in current dollars at official exchange rate,"$26,600 (2023 est.)$24,800 (2022 est.)$22,700 (2021 est.)note: data in 2021 dollars","arable land, fish",38.40%,"fish, garments, raw sugar, fertilizers, diamonds (2023)note: top five export commodities based on value in dollars","USA 11%, France 11%, Zimbabwe 10%, South Africa 7%, Zambia 7% (2023)note: top five export partners based on percentage share of exports","refined petroleum, cars, fish, coal, packaged medicine (2023)note: top five import commodities based on value in dollars","China 15%, UAE 11%, India 10%, South Africa 9%, France 6% (2023)note: top five import partners based on percentage share of imports"
Mexico,United Mexican States,Mexico City,varies from tropical to desert,"high, rugged mountains; low coastal plains; high plateaus; desert","9,330 km","scarcity of hazardous waste disposal facilities; rural to urban migration; natural freshwater resources scarce and polluted in north, inaccessible and poor quality in center and extreme southeast; raw sewage and industrial effluents polluting rivers in urban areas; deforestation; widespread erosion; desertification; deteriorating agricultural lands; serious air and water pollution in the national capital and urban centers along US-Mexico border; land subsidence in Valley of Mexico caused by groundwater depletion","Biodiversity, Climate Change, Climate Change-Kyoto Protocol, Climate Change-Paris Agreement, Comprehensive Nuclear Test Ban, Desertification, Endangered Species, Hazardous Wastes, Law of the Sea, Marine Dumping-London Convention, Marine Dumping-London Protocol, Marine Life Conservation, Nuclear Test Ban, Ozone Layer Protection, Ship Pollution, Tropical Timber 2006, Wetlands, Whaling","North America, bordering the Caribbean Sea and the Gulf of America, between Belize and the United States and bordering the North Pacific Ocean, between Guatemala and the United States",North America,slightly less than three times the size of Texas,federal presidential republic,16 September 1810 (declared independence from Spain); 27 September 1821 (recognized by Spain),"ACS, APEC, Australia Group, BCIE, BIS, CABEI, CAN (observer), Caricom (observer), CD, CDB, CE (observer), CELAC, CSN (observer), EBRD, FAO, FATF, G-3, G-15, G-20, G-24, G-5, IADB, IAEA, IBRD, ICAO, ICC (national committees), ICCt, ICRM, IDA, IFAD, IFC, IFRCS, IHO, ILO, IMF, IMO, IMSO, Interpol, IOC, IOM, IPU, ISO, ITSO, ITU, ITUC (NGOs), LAES, LAIA, MIGA, NAFTA, NAM (observer), NEA, NSG, OAS, OECD, OPANAL, OPCW, Pacific Alliance, Paris Club (associate), PCA, SICA (observer), UN, UNASUR (observer), UNCTAD, UNESCO, UNHCR, UNIDO, Union Latina (observer), UNOOSA, UNWTO, UPU, USMCA, Wassenaar Arrangement, WCO, WFTU (NGOs), WHO, WIPO, WMO, WTO",0.6% of GDP (2023 est.)0.7% of GDP (2022 est.)0.7% of GDP (2021 est.)0.6% of GDP (2020 est.)0.5% of GDP (2019 est.),"Mestizo (Indigenous-Spanish) 62%, predominantly Indigenous 21%, Indigenous 7%, other 10% (mostly European) (2012 est.)","Spanish only 93.8%, Spanish and indigenous languages (including Mayan, Nahuatl, and others) 5.4%, indigenous only 0.6%, unspecified 0.2% (2020 est.)","Roman Catholic 78%, Protestant/evangelical Christian 11.2%, other 0.002%, unaffiliated (includes atheism) 10.6% (2020 est.)","12.1 deaths/1,000 live births (2024 est.)",74.6 years (2024 est.),0.72% (2024 est.),most of the population is found in the middle of the country between the states of Jalisco and Veracruz; approximately a quarter of the population lives in and around Mexico City,96.10%,94.5% (2020),30.8 years (2024 est.),"-0.7 migrant(s)/1,000 population (2024 est.)","35,755 (Honduras), 13,531 (El Salvador) (mid-year 2022); 113,108 (Venezuela) (economic and political crisis; includes Venezuelans who have claimed asylum, are recognized as refugees, or have received alternative legal stay) (2023)",$1.789 trillion (2023 est.)note: data in current dollars at official exchange rate,"$22,100 (2023 est.)$21,600 (2022 est.)$21,000 (2021 est.)note: data in 2021 dollars","petroleum, silver, antimony, copper, gold, lead, zinc, natural gas, timber",11.80%,"cars, vehicle parts/accessories, crude petroleum, trucks, computers (2023)note: top five export commodities based on value in dollars","USA 76%, Canada 5%, China 2%, Germany 2%, Spain 1% (2023)note: top five export partners based on percentage share of exports","vehicle parts/accessories, refined petroleum, integrated circuits, broadcasting equipment, cars (2023)note: top five import commodities based on value in dollars","USA 46%, China 20%, Germany 4%, Japan 3%, S. Korea 3% (2023)note: top five import partners based on percentage share of imports"
Micronesia,Federated States of Micronesia,Palikir,"tropical; heavy year-round rainfall, especially in the eastern islands; located on southern edge of the typhoon belt with occasionally severe damage","islands vary geologically from high mountainous islands to low, coral atolls; volcanic outcroppings on Pohnpei, Kosrae, and Chuuk","6,112 km","overfishing; sea level rise due to climate change threatens land; water pollution, toxic pollution from mining; solid waste disposal","Biodiversity, Climate Change, Climate Change-Kyoto Protocol, Climate Change-Paris Agreement, Comprehensive Nuclear Test Ban, Desertification, Hazardous Wastes, Law of the Sea, Ozone Layer Protection","Oceania, island group in the North Pacific Ocean, about three-quarters of the way from Hawaii to Indonesia",Oceania,"four times the size of Washington, DC (land area only)",federal republic in free association with the US,3 November 1986 (from the US-administered UN trusteeship),"ACP, ADB, AOSIS, FAO, G-77, IBRD, ICAO, ICRM, IDA, IFC, IFRCS, IMF, IOC, IOM, IPU, ITSO, ITU, MIGA, OPCW, PIF, Sparteca, SPC, UN, UNCTAD, UNESCO, WHO, WMO",,"Chuukese/Mortlockese 49.3%, Pohnpeian 29.8%, Kosraean 6.3%, Yapese 5.7%, Yap outer islanders 5.1%, Polynesian 1.6%, Asian 1.4%, other 0.8% (2010 est.)","English (official and common language), Chuukese, Kosrean, Pohnpeian, Yapese, Ulithian, Woleaian, Nukuoro, Kapingamarangi","Roman Catholic 54.7%, Protestant 41.1% (includes Congregational 38.5%, Baptist 1.1%, Seventh Day Adventist 0.8%, Assembly of God 0.7%), Church of Jesus Christ 1.5%, other 1.9%, none 0.7%, unspecified 0.1% (2010 est.)","20.9 deaths/1,000 live births (2024 est.)",75 years (2024 est.),-0.73% (2024 est.),the majority of the populaton lives in the coastal areas of the high islands; the mountainous interior is largely uninhabited; less than half of the population lives in urban areas,,,28.2 years (2024 est.),"-21 migrant(s)/1,000 population (2024 est.)",,$460 million (2023 est.)note: data in current dollars at official exchange rate,"$3,900 (2023 est.)$3,900 (2022 est.)$3,900 (2021 est.)note: data in 2021 dollars","timber, marine products, deep-seabed minerals, phosphate",2.30%,"fish, diamonds, garments (2023)","Thailand 64%, China 16%, Philippines 11%, Japan 5%, Ecuador 1% (2023)note: top five export partners based on percentage share of exports","poultry, fish, plastic products, cars, prepared meat (2023)note: top five import commodities based on value in dollars","USA 35%, China 20%, Japan 13%, Taiwan 6%, Philippines 4% (2023)note: top five import partners based on percentage share of imports"
Moldova,Republic of Moldova,Chisinau,"moderate winters, warm summers","rolling steppe, gradual slope south to Black Sea",0 km (landlocked),heavy use of agricultural chemicals has contaminated soil and groundwater; extensive soil erosion and declining soil fertility from poor farming methods,"Air Pollution, Air Pollution-Heavy Metals, Air Pollution-Persistent Organic Pollutants, Biodiversity, Climate Change, Climate Change-Kyoto Protocol, Climate Change-Paris Agreement, Comprehensive Nuclear Test Ban, Desertification, Endangered Species, Hazardous Wastes, Law of the Sea, Ozone Layer Protection, Ship Pollution, Wetlands","Eastern Europe, northeast of Romania",Europe,slightly larger than Maryland,parliamentary republic,27 August 1991 (from the Soviet Union),"BSEC, CD, CE, CEI, CIS, EAEU (observer), EAPC, EBRD, FAO, GCTU, GUAM, IAEA, IBRD, ICAO, ICC (NGOs), ICCt, ICRM, IDA, IFAD, IFC, IFRCS, ILO, IMF, IMO, Interpol, IOC, IOM, IPU, ISO (correspondent), ITU, ITUC (NGOs), MIGA, OIF, OPCW, OSCE, PFP, SELEC, UN, UNCTAD, UNESCO, UNHCR, UNIDO, Union Latina, UNMIL, UNMISS, UNOCI, UNWTO, UPU, WCO, WHO, WIPO, WMO, WTO",0.5% of GDP (2023 est.)0.4% of GDP (2022 est.)0.4% of GDP (2021 est.)0.4% of GDP (2020 est.)0.4% of GDP (2019 est.),"Moldovan 75.1%, Romanian 7%, Ukrainian 6.6%, Gagauz 4.6%, Russian 4.1%, Bulgarian 1.9%, other 0.8% (2014 est.)","Moldovan/Romanian 80.2% (official) (56.7% Moldovan; 23.5% Romanian), Russian 9.7%, Gagauz 4.2% (a Turkish language), Ukrainian 3.9%, Bulgarian 1.5%, Romani 0.3%, other 0.2% (2014)","Orthodox 90.1%, other Christian 2.6%, other 0.1%, agnostic <0.1%, atheist 0.2%, unspecified 6.9% (2014 est.)","13.8 deaths/1,000 live births (2024 est.)",70.1 years (2024 est.),-0.58% (2024 est.),"pockets of agglomeration exist throughout the country, the largest being in the center of the country around the capital of Chisinau, followed by Tiraspol and Balti",99.70%,99.5% (2021),39.9 years (2024 est.),"0 migrant(s)/1,000 population (2024 est.)","116,855 (Ukraine) (as of 7 April 2024)",$16.539 billion (2023 est.)note: data in current dollars at official exchange rate,"$15,900 (2023 est.)$15,300 (2022 est.)$15,700 (2021 est.)note: data in 2021 dollars","lignite, phosphorites, gypsum, limestone, arable land",55.10%,"insulated wire, garments, refined petroleum, seed oils, wheat (2023)note: top five export commodities based on value in dollars","Romania 31%, Ukraine 13%, Italy 6%, Germany 6%, Czechia 4% (2023)note: top five export partners based on percentage share of exports","refined petroleum, natural gas, cars, packaged medicine, plastic products (2023)note: top five import commodities based on value in dollars","Romania 16%, Ukraine 13%, China 11%, Turkey 8%, Germany 7% (2023)note: top five import partners based on percentage share of imports"
Monaco,Principality of Monaco,Monaco,"Mediterranean with mild, wet winters and hot, dry summers","hilly, rugged, rocky",4.1 km,no serious issues; actively monitors pollution levels in air and water,"Air Pollution, Air Pollution-Heavy Metals, Air Pollution-Sulphur 94, Air Pollution-Volatile Organic Compounds, Antarctic-Environmental Protection, Antarctic Treaty, Biodiversity, Climate Change, Climate Change-Kyoto Protocol, Climate Change-Paris Agreement, Comprehensive Nuclear Test Ban, Desertification, Endangered Species, Hazardous Wastes, Law of the Sea, Marine Dumping-London Convention, Ozone Layer Protection, Ship Pollution, Wetlands, Whaling","Western Europe, bordering the Mediterranean Sea on the southern coast of France, near the border with Italy",Europe,"about three times the size of the National Mall in Washington, DC",constitutional monarchy,1419 (beginning of permanent rule by the House of GRIMALDI),"CD, CE, FAO, IAEA, ICAO, ICC (national committees), ICRM, IFRCS, IHO, IMO, IMSO, Interpol, IOC, IPU, ITSO, ITU, OAS (observer), OIF, OPCW, OSCE, Schengen Convention (de facto member), UN, UNCTAD, UNESCO, UNIDO, Union Latina, UNWTO, UPU, WHO, WIPO, WMO",,"Monegasque 32.1%, French 19.9%, Italian 15.3%, British 5%, Belgian 2.3%, Swiss 2%, German 1.9%, Russian 1.8%, American 1.1%, Dutch 1.1%, Moroccan 1%, other 16.6% (2016 est.)","French (official), English, Italian, Monegasque","Roman Catholic 90% (official), other 10%","1.7 deaths/1,000 live births (2024 est.)",89.8 years (2024 est.),0.71% (2024 est.),the second most densely populated country in the world (after Macau); its entire population living on 2 square km,,,56.9 years (2024 est.),"11.7 migrant(s)/1,000 population (2024 est.)",,$9.995 billion (2023 est.)note: data in current dollars at official exchange rate,"$115,700 (2015 est.)$109,200 (2014 est.)",none,0%,"jewelry, perfumes, watches, packaged medicines, cars (2021)top five export commodities based on value in dollars","Italy, Switzerland, Germany, Belgium, Spain (2021)","jewelry, cars and vehicle parts, recreational boats, plastic products, artwork (2021)","Italy, Switzerland, United Kingdom, Germany, China  (2021)"
Mongolia,none,Ulaanbaatar,desert; continental (large daily and seasonal temperature ranges),"vast semidesert and desert plains, grassy steppe, mountains in west and southwest; Gobi Desert in south-central",0 km (landlocked),limited natural freshwater resources in some areas; the burning of soft coal in power plants and the lack of enforcement of environmental laws leads to air pollution in Ulaanbaatar; deforestation and overgrazing increase soil erosion from wind and rain; water pollution; desertification and mining activities have a deleterious effect on the environment,"Antarctic Treaty, Biodiversity, Climate Change, Climate Change-Kyoto Protocol, Climate Change-Paris Agreement, Comprehensive Nuclear Test Ban, Desertification, Endangered Species, Environmental Modification, Hazardous Wastes, Law of the Sea, Nuclear Test Ban, Ozone Layer Protection, Ship Pollution, Wetlands, Whaling","Northern Asia, between China and Russia",Asia,slightly smaller than Alaska; more than twice the size of Texas,semi-presidential republic,"29 December 1911 (independence declared from China; in actuality, autonomy attained); 11 July 1921 (from China)","ADB, ARF, CD, CICA, CP, EBRD, EITI (compliant country), FAO, G-77, IAEA, IBRD, ICAO, ICC (NGOs), ICCt, ICRM, IDA, IFAD, IFC, IFRCS, ILO, IMF, IMO, IMSO, Interpol, IOC, IOM, IPU, ISO, ITSO, ITU, ITUC, MIGA, MINURSO, MONUSCO, NAM, OPCW, OSCE, SCO (observer), UN, UNAMID, UNCTAD, UNESCO, UNIDO, UNISFA, UNMISS, UNWTO, UPU, WCO, WHO, WIPO, WMO, WTO",0.6% of GDP (2023 est.)0.6% of GDP (2022 est.)0.8% of GDP (2021 est.)0.8% of GDP (2020 est.)0.7% of GDP (2019 est.),"Khalkh 83.8%, Kazak 3.8%, Durvud 2.6%, Bayad 2%, Buriad 1.4%, Zakhchin 1.2%, Dariganga 1.1%, other 4.1% (2020 est.)","Mongolian 90% (official, Khalkha dialect is predominant), Turkic, Russian (1999)","Buddhist 51.7%, Muslim 3.2%, Shamanist 2.5%, Christian 1.3%, other 0.7%, none 40.6% (2020 est.)","19.4 deaths/1,000 live births (2024 est.)",71.9 years (2024 est.),0.78% (2024 est.),sparsely distributed population throughout the country; the capital of Ulaanbaatar and the northern city of Darhan support the highest population densities,99.10%,99.2% (2020),31.5 years (2024 est.),"-0.8 migrant(s)/1,000 population (2024 est.)",,$20.325 billion (2023 est.)note: data in current dollars at official exchange rate,"$16,200 (2023 est.)$15,300 (2022 est.)$14,800 (2021 est.)note: data in 2021 dollars","oil, coal, copper, molybdenum, tungsten, phosphates, tin, nickel, zinc, fluorspar, gold, silver, iron",0.40%,"coal, copper ore, gold, iron ore, crude petroleum (2023)note: top five export commodities based on value in dollars","China 92%, Switzerland 6%, Italy 1%, Thailand 0%, Japan 0% (2023)note: top five export partners based on percentage share of exports","cars, trucks, trailers, tractors, construction vehicles (2023)note: top five import commodities based on value in dollars","China 57%, Japan 13%, Germany 3%, Singapore 3%, USA 3% (2023)note: top five import partners based on percentage share of imports"
Montenegro,none,Podgorica,"Mediterranean climate, hot dry summers and autumns and relatively cold winters with heavy snowfalls inland",highly indented coastline with narrow coastal plain backed by rugged high limestone mountains and plateaus,293.5 km,"pollution of coastal waters from sewage outlets, especially in tourist-related areas such as Kotor; serious air pollution in Podgorica, Pljevlja and Niksie; air pollution in Pljevlja is caused by the nearby lignite power plant and the domestic use of coal and wood for household heating","Air Pollution, Air Pollution-Heavy Metals, Air Pollution-Persistent Organic Pollutants, Biodiversity, Climate Change, Climate Change-Kyoto Protocol, Climate Change-Paris Agreement, Comprehensive Nuclear Test Ban, Desertification, Endangered Species, Hazardous Wastes, Law of the Sea, Marine Dumping-London Convention, Marine Life Conservation, Nuclear Test Ban, Ozone Layer Protection, Ship Pollution, Wetlands","Southeastern Europe, between the Adriatic Sea and Serbia",Europe,slightly smaller than Connecticut; slightly larger than twice the size of Delaware,parliamentary republic,3 June 2006 (from the State Union of Serbia and Montenegro); notable earlier dates: 13 March 1852 (Principality of Montenegro established); 13 July 1878 (Congress of Berlin recognizes Montenegrin independence); 28 August 1910 (Kingdom of Montenegro established),"CE, CEI, EAPC, EBRD, FAO, IAEA, IBRD, ICAO, ICC (NGOs), ICCt, ICRM, IDA, IFC, IFRCS, IHO, ILO, IMF, IMO, IMSO, Interpol, IOC, IOM, IPU, ISO (correspondent), ITSO, ITU, ITUC (NGOs), MIGA, NATO, OAS (observer), OIF (observer), OPCW, OSCE, PCA, PFP, SELEC, UN, UNCTAD, UNESCO, UNHCR, UNHRC, UNIDO, UNWTO, UPU, WCO, WHO, WIPO, WMO, WTO",2% of GDP (2024 est.)1.6% of GDP (2023)1.4% of GDP (2022)1.6% of GDP (2021)1.7% of GDP (2020),"Montenegrin 45%, Serbian 28.7%, Bosniak 8.7%, Albanian 4.9%, Muslim 3.3%, Romani 1%, Croat 1%, other 2.6%, unspecified 4.9% (2011 est.)","Serbian 42.9%, Montenegrin (official) 37%, Bosnian 5.3%, Albanian 5.3%, Serbo-Croat 2%, other 3.5%, unspecified 4% (2011 est.)","Orthodox 72.1%, Muslim 19.1%, Catholic 3.4%, atheist 1.2%, other 1.5%, unspecified 2.6% (2011 est.)","3.2 deaths/1,000 live births (2024 est.)",78.2 years (2024 est.),-0.44% (2024 est.),"highest population density is concentrated in the south, southwest; the extreme eastern border is the least populated area",99.40%,98.5% (2021),41.1 years (2024 est.),"-5 migrant(s)/1,000 population (2024 est.)","65,105 (Ukraine) (as of 29 January 2024)",$7.531 billion (2023 est.)note: data in current dollars at official exchange rate,"$27,900 (2023 est.)$26,200 (2022 est.)$24,500 (2021 est.)note: data in 2021 dollars","bauxite, hydroelectricity",12.90%,"electricity, aluminum, copper ore, aluminum ore, packaged medicine (2023)note: top five export commodities based on value in dollars","Italy 38%, Serbia 13%, Spain 6%, Slovenia 5%, Bosnia & Herzegovina 4% (2023)note: top five export partners based on percentage share of exports","refined petroleum, cars, electricity, packaged medicine, aluminum (2023)note: top five import commodities based on value in dollars","Serbia 21%, China 10%, Germany 8%, Croatia 6%, Italy 6% (2023)note: top five import partners based on percentage share of imports"
Morocco,Kingdom of Morocco,Rabat,"Mediterranean in the north, becoming more extreme in the interior; in the south, hot, dry desert; rain is rare; cold offshore air currents produce fog and heavy dew","mountainous northern coast (Rif Mountains) and interior (Atlas Mountains) bordered by large plateaus with intermontane valleys, and fertile coastal plains; the south is mostly low, flat desert with large areas of rocky or sandy surfaces ","2,945 km","in the north, land degradation/desertification (soil erosion resulting from farming of marginal areas, overgrazing, destruction of vegetation); water and soil pollution due to dumping of industrial wastes into the ocean and inland water sources, and onto the land; in the south, desertification; overgrazing; sparse water and lack of arable land","Biodiversity, Climate Change, Climate Change-Kyoto Protocol, Climate Change-Paris Agreement, Comprehensive Nuclear Test Ban, Desertification, Endangered Species, Hazardous Wastes, Law of the Sea, Marine Dumping-London Convention, Marine Dumping-London Protocol, Nuclear Test Ban, Ozone Layer Protection, Ship Pollution, Wetlands, Whaling","Northern Africa, bordering the North Atlantic Ocean and the Mediterranean Sea, between Algeria and Mauritania",Africa,slightly larger than twice the size of California,parliamentary constitutional monarchy,2 March 1956 (from France),"ABEDA, AfDB, AFESD, AIIB, AMF, AMU, AU, CAEU, CD, EBRD, FAO, G-11, G-77, IAEA, IBRD, ICAO, ICC (national committees), ICRM, IDA, IDB, IFAD, IFC, IFRCS, IHO, ILO, IMF, IMO, IMSO, Interpol, IOC, IOM, IPU, ISO, ITSO, ITU, ITUC (NGOs), LAS, MIGA, MONUSCO, NAM, OAS (observer), OIC, OIF, OPCW, OSCE (partner), Pacific Alliance (observer), Paris Club (associate), PCA, SICA (observer), UN, UNCTAD, UNESCO, UNHCR, UNIDO, UNOCI, UNOOSA, UNSC (temporary), UNWTO, UPU, WCO, WHO, WIPO, WMO, WTO",4% of GDP (2023 est.)4.5% of GDP (2022 est.)4.5% of GDP (2021 est.)4.5% of GDP (2020 est.)3.4% of GDP (2019 est.),"Arab-Amazigh 99%, other 1%","Arabic (official), Tamazight languages (Tamazight (official), Tachelhit, Tarifit), French (often the language of business, government, and diplomacy)","Muslim 99% (official; virtually all Sunni, <0.1% Shia), other 1% (includes Christian, Jewish, and Baha'i); note - Jewish about 3,000-3,500 (2020 est.)note: does not include data from the former Western Sahara","18.3 deaths/1,000 live births (2024 est.)",74.2 years (2024 est.),0.84% (2024 est.),the highest population density is found along the Atlantic and Mediterranean coasts; a number of densely populated agglomerations are found scattered through the Atlas Mountains as shown in this population distribution map,84.80%,67.4% (2021),30.6 years (2024 est.),"-1.7 migrant(s)/1,000 population (2024 est.)","5,250 (Syria) (mid-year 2022)",$144.417 billion (2023 est.)note: data in current dollars at official exchange rate,"$8,900 (2023 est.)$8,700 (2022 est.)$8,600 (2021 est.)note: data in 2021 dollars","phosphates, iron ore, manganese, lead, zinc, fish, salt",17.50%,"fertilizers, cars, garments, insulated wire, tomatoes (2023)note: top five export commodities based on value in dollars","Spain 20%, France 17%, Germany 6%, UK 5%, Italy 4% (2023)note: top five export partners based on percentage share of exports","refined petroleum, cars, vehicle parts/accessories, natural gas, coal (2023)note: top five import commodities based on value in dollars","Spain 16%, China 11%, France 10%, USA 9%, Turkey 5% (2023)note: top five import partners based on percentage share of imports"
Mozambique,Republic of Mozambique,Maputo,tropical to subtropical,"mostly coastal lowlands, uplands in center, high plateaus in northwest, mountains in west","2,470 km",increased migration of the population to urban and coastal areas with adverse environmental consequences; desertification; soil erosion; deforestation; water pollution caused by artisanal mining; pollution of surface and coastal waters; wildlife preservation (elephant poaching for ivory),"Biodiversity, Climate Change, Climate Change-Kyoto Protocol, Climate Change-Paris Agreement, Comprehensive Nuclear Test Ban, Desertification, Endangered Species, Hazardous Wastes, Law of the Sea, Ozone Layer Protection, Ship Pollution, Tropical Timber 2006, Wetlands","Southeastern Africa, bordering the Mozambique Channel, between South Africa and Tanzania",Africa,slightly more than five times the size of Georgia; slightly less than twice the size of California,presidential republic,25 June 1975 (from Portugal),"ACP, AfDB, AU, C, CD, CPLP, EITI (compliant country), FAO, G-77, IAEA, IBRD, ICAO, ICC (NGOs), ICRM, IDA, IDB, IFAD, IFC, IFRCS, IHO, ILO, IMF, IMO, IMSO, Interpol, IOC, IOM, IPU, ISO (correspondent), ITSO, ITU, ITUC (NGOs), MIGA, NAM, OIC, OIF (observer), OPCW, SADC, UN, UNCDF, UNCTAD, UNDP, UNDSS, UNECA, UNEP,  UNESCO, UNFPA, UNHCR, UNIDO, UNODC, UNOPS, UNV, UNWTO, Union Latina, UPU, WCO, WFP, WFTU (NGOs), WHO, WIPO, WMO, WTO",1.5% of GDP (2023 est.)1.3% of GDP (2022 est.)1.2% of GDP (2021 est.)1.1% of GDP (2020 est.)1.2% of GDP (2019 est.),"African 99% (Makhuwa, Tsonga, Lomwe, Sena, and others), Mestizo 0.8%, other (includes European, Indian, Pakistani, Chinese) 0.2% (2017 est.)","Makhuwa 26.1%, Portuguese (official) 16.6%, Tsonga 8.6%, Nyanja 8.1, Sena 7.1%, Lomwe 7.1%, Chuwabo 4.7%, Ndau 3.8%, Tswa 3.8%, other Mozambican languages 11.8%, other 0.5%, unspecified 1.8% (2017 est.)","Roman Catholic 27.2%, Muslim 18.9%, Zionist Christian 15.6%, Evangelical/Pentecostal 15.3%, Anglican 1.7%, other 4.8%, none 13.9%, unspecified 2.5% (2017 est.)","58.2 deaths/1,000 live births (2024 est.)",58.3 years (2024 est.),2.54% (2024 est.),"three large populations clusters are found along the southern coast between Maputo and Inhambane, in the central area between Beira and Chimoio along the Zambezi River, and in and around the northern cities of Nampula, Cidade de Nacala, and Pemba; the northwest and southwest are the least populated areas as shown in this population distribution map",74.10%,53.8% (2021),17.3 years (2024 est.),"-1.5 migrant(s)/1,000 population (2024 est.)","10,655 (Burundi) (refugees and asylum seekers) (2023); 9,340 (Democratic Republic of Congo) (refugees and asylum seekers) (2024)",$20.954 billion (2023 est.)note: data in current dollars at official exchange rate,"$1,500 (2023 est.)$1,500 (2022 est.)$1,500 (2021 est.)note: data in 2021 dollars","coal, titanium, natural gas, hydropower, tantalum, graphite",6.40%,"coal, natural gas, aluminum, gold, precious stones (2023)note: top five export commodities based on value in dollars","India 18%, China 13%, South Africa 9%, UAE 6%, Thailand 4% (2023)note: top five export partners based on percentage share of exports","refined petroleum, chromium ore, iron alloys, iron ore, palm oil (2023)note: top five import commodities based on value in dollars","South Africa 34%, China 14%, India 13%, UAE 6%, Singapore 3% (2023)note: top five import partners based on percentage share of imports"
Namibia,Republic of Namibia,Windhoek,"desert; hot, dry; rainfall sparse and erratic",mostly high plateau; Namib Desert along coast; Kalahari Desert in east,"1,572 km",depletion and degradation of water and aquatic resources; desertification; land degradation; loss of biodiversity and biotic resources; wildlife poaching,"Antarctic-Marine Living Resources, Biodiversity, Climate Change, Climate Change-Kyoto Protocol, Climate Change-Paris Agreement, Comprehensive Nuclear Test Ban, Desertification, Endangered Species, Hazardous Wastes, Law of the Sea, Ozone Layer Protection, Ship Pollution, Wetlands","Southern Africa, bordering the South Atlantic Ocean, between Angola and South Africa",Africa,almost seven times the size of Pennsylvania; slightly more than half the size of Alaska,presidential republic,21 March 1990 (from South African mandate),"ACP, AfDB, AU, C, CD, CPLP (associate observer), FAO, G-77, IAEA, IBRD, ICAO, ICCt, ICRM, IDA, IFAD, IFC, IFRCS, ILO, IMF, IMO, Interpol, IOC, IOM, IPU, ISO, ITSO, ITU, ITUC (NGOs), MIGA, NAM, OPCW, SACU, SADC, UN, UNAMID, UNCTAD, UNESCO, UNHCR, UNHRC, UNIDO, UNISFA, UNMIL, UNMISS, UNOCI, UNWTO, UPU, WCO, WHO, WIPO, WMO, WTO",2.8% of GDP (2023 est.)3% of GDP (2022 est.)3% of GDP (2021 est.)3.4% of GDP (2020 est.)3.3% of GDP (2019 est.),"Ovambo 50%, Kavangos 9%, Herero 7%, Damara 7%, mixed European and African ancestry 6.5%, European 6%, Nama 5%, Caprivian 4%, San 3%, Baster 2%, Tswana 0.5%","Oshiwambo languages 49.7%, Nama/Damara 11%, Kavango languages 10.4%, Afrikaans 9.4%, Herero languages 9.2%, Zambezi languages 4.9%, English (official) 2.3%, other African languages 1.5%, other European languages 0.7%, other 1% (2016 est.)","Christian 97.5%, other 0.6% (includes Muslim, Baha'i, Jewish, Buddhist), unaffiliated 1.9% (2020 est.)","27.9 deaths/1,000 live births (2024 est.)",65.9 years (2024 est.),1.72% (2024 est.),"population density is very low, with the largest clustering found in the extreme north-central area along the border with Angola as shown in this population distribution map",90.60%,92.3% (2021),22.8 years (2024 est.),"0 migrant(s)/1,000 population (2024 est.)","6,288 (Democratic Republic of the Congo) (refugees and asylum seekers) (2024)",$12.351 billion (2023 est.)note: data in current dollars at official exchange rate,"$10,100 (2023 est.)$9,900 (2022 est.)$9,700 (2021 est.)note: data in 2021 dollars","diamonds, copper, uranium, gold, silver, lead, tin, lithium, cadmium, tungsten, zinc, salt, hydropower, fish",1%,"gold, diamonds, radioactive chemicals, fish, refined petroleum (2023)note: top five export commodities based on value in dollars","South Africa 27%, China 12%, Botswana 8%, Belgium 7%, France 5% (2023)note: top five export partners based on percentage share of exports","refined petroleum, copper ore, ships, electricity, trucks (2023)note: top five import commodities based on value in dollars","South Africa 36%, China 9%, India 7%, UAE 4%, USA 3% (2023)note: top five import partners based on percentage share of imports"
Nauru,Republic of Nauru,Yaren,tropical with a monsoonal pattern; rainy season (November to February),sandy beach rises to fertile ring around raised coral reefs with phosphate plateau in center,30 km,"limited natural freshwater resources, roof storage tanks that collect rainwater and desalination plants provide water; a century of intensive phosphate mining beginning in 1906 left the central 90% of Nauru a wasteland; cadmium residue, phosphate dust, and other contaminants have caused air and water pollution with negative impacts on health; climate change has brought on rising sea levels and inland water shortages","Biodiversity, Climate Change, Climate Change-Kyoto Protocol, Climate Change-Paris Agreement, Comprehensive Nuclear Test Ban, Desertification, Hazardous Wastes, Law of the Sea, Marine Dumping-London Convention, Ozone Layer Protection, Whaling","Oceania, island in the South Pacific Ocean, south of the Marshall Islands",Oceania,"about 0.1 times the size of Washington, DC",parliamentary republic,"31 January 1968 (from the Australia-, NZ-, and UK-administered UN trusteeship)","ACP, ADB, AOSIS, C, FAO, G-77, ICAO, ICCt, IFAD, Interpol, IOC, IOM, ITU, OPCW, PIF, Sparteca, SPC, UN, UNCTAD, UNESCO, UPU, WHO",,"Nauruan 94.6%, I-Kiribati 2.2%, Fijian 1.3%, other 1.9% (2021 est.)","Nauruan 93% (official, a distinct Pacific Island language), English 2% (widely understood, spoken, and used for most government and commercial purposes), other 5% (includes Gilbertese 2% and Chinese 2%) (2011 est.)","Protestant 60.4% (Nauruan Congregational 34.7%, Assemblies of God 11.6%, Pacific Light House 6.3%, Nauru Independent 3.6%, Baptist 1.5, Seventh Day Adventist 1.3%, other Protestant 1.4%), Roman Catholic 33.9%, other 4.2%, none 1.3%, no answer 0.3% (2021 est.)","7.6 deaths/1,000 live births (2024 est.)",68.6 years (2024 est.),0.39% (2024 est.),"extensive phosphate mining made approximately 90% of the island unsuitable for farming; most people live in the fertile coastal areas, especially along the southwest coast",,,27.8 years (2024 est.),"-9.8 migrant(s)/1,000 population (2024 est.)",,$154.17 million (2023 est.)note: data in current dollars at official exchange rate,"$12,500 (2023 est.)$12,500 (2022 est.)$12,200 (2021 est.)note: data in 2021 dollars","phosphates, fish",0%,"fish, phosphates (2023)","Thailand 78%, Philippines 11%, NZ 5%, Japan 1%, Canada 1% (2023)note: top five export partners based on percentage share of exports","ships, titanium ore, refined petroleum, plastic products, other foods (2023)note: top five import commodities based on value in dollars","Australia 50%, Japan 11%, Fiji 9%, Senegal 9%, China 9% (2023)note: top five import partners based on percentage share of imports"
Nepal,none,Kathmandu,varies from cool summers and severe winters in north to subtropical summers and mild winters in south,Tarai or flat river plain of the Ganges in south; central hill region with rugged Himalayas in north,0 km (landlocked),"deforestation (overuse of wood for fuel and lack of alternatives); forest degradation; soil erosion; contaminated water (with human and animal wastes, agricultural runoff, and industrial effluents); unmanaged solid-waste; wildlife conservation; vehicular emissions","Biodiversity, Climate Change, Climate Change-Kyoto Protocol, Climate Change-Paris Agreement, Desertification, Endangered Species, Hazardous Wastes, Law of the Sea, Nuclear Test Ban, Ozone Layer Protection, Wetlands","Southern Asia, between China and India",Asia,slightly larger than New York state,federal parliamentary republic,1768 (unified by Prithvi Narayan SHAH),"ADB, BIMSTEC, CD, CP, FAO, G-77, IAEA, IBRD, ICAO, ICC (NGOs), ICRM, IDA, IFAD, IFC, IFRCS, ILO, IMF, IMO, Interpol, IOC, IOM, IPU, ISO, ITSO, ITU, ITUC (NGOs), MIGA, MINURSO, MINUSTAH, MONUSCO, NAM, OPCW, SAARC, SACEP, UN, UNAMID, UNCTAD, UNDOF, UNESCO, UNIDO, UNIFIL, UNISFA, UNMIL, UNMISS, UNOCI, UNSOM, UNTSO, UNWTO, UPU, WCO, WFTU (NGOs), WHO, WIPO, WMO, WTO",1% of GDP (2023 est.)1.1% of GDP (2022 est.)1.3% of GDP (2021 est.)1.3% of GDP (2020 est.)1.6% of GDP (2019 est.),"Chhettri 16.5%, Brahman-Hill 11.3%, Magar 6.9%, Tharu 6.2%, Tamang 5.6%, Bishwokarma 5%, Musalman 4.9%, Newar 4.6%, Yadav 4.2%, Rai 2.2%, Pariyar 1.9%, Gurung 1.9%, Thakuri 1.7%, Mijar 1.6%, Teli 1.5%, Yakthung/Limbu 1.4%, Chamar/Harijan/Ram 1.4%, Koiri/Kushwaha 1.2%, other 20% (2021 est.)","Nepali (official) 44.9%, Maithali 11.1%, Bhojpuri 6.2%, Tharu 5.9%, Tamang 4.9%, Bajjika 3.9%, Avadhi 3%, Nepalbhasha (Newari) 3%, Magar Dhut 2.8%, Doteli 1.7%, Urdu 1.4%, Yakthung/Limbu 1.2%, Gurung 1.1%, other 8.9% (2021 est.)","Hindu 81.2%, Buddhist 8.2%, Muslim 5.1%, Kirat 3.2%, Christian 1.8%, other 0.5% (2021 est.)","24 deaths/1,000 live births (2024 est.)",73 years (2024 est.),0.7% (2024 est.),most of the population is divided nearly equally between a concentration in the southern-most plains of the Tarai region and the central hilly region; overall density is quite low,81%,63.3% (2021),27.6 years (2024 est.),"-4.4 migrant(s)/1,000 population (2024 est.)","12,540 (Tibet/China), 6,365 (Bhutan) (mid-year 2022)",$40.908 billion (2023 est.)note: data in current dollars at official exchange rate,"$4,900 (2023 est.)$4,800 (2022 est.)$4,500 (2021 est.)note: data in 2021 dollars","quartz, water, timber, hydropower, scenic beauty, small deposits of lignite, copper, cobalt, iron ore",15.10%,"knotted carpets, garments, flat-rolled iron, synthetic fibers, palm oil (2023)note: top five export commodities based on value in dollars","India 67%, USA 12%, Germany 3%, China 2%, UK 2% (2023)note: top five export partners based on percentage share of exports","refined petroleum, natural gas, garments, iron reductions, broadcasting equipment (2023)note: top five import commodities based on value in dollars","India 71%, China 17%, UAE 3%, Singapore 2%, Germany 1% (2023)note: top five import partners based on percentage share of imports"
Netherlands,Kingdom of the Netherlands,Amsterdam,temperate; marine; cool summers and mild winters,mostly coastal lowland and reclaimed land (polders); some hills in southeast,451 km,"water and air pollution are significant environmental problems; pollution of the country's rivers from industrial and agricultural chemicals, including heavy metals, organic compounds, nitrates, and phosphates; air pollution from vehicles and refining activities","Air Pollution, Air Pollution-Heavy Metals, Air Pollution-Multi-effect Protocol, Air Pollution-Nitrogen Oxides, Air Pollution-Persistent Organic Pollutants, Air Pollution-Sulphur 85, Air Pollution-Sulphur 94, Air Pollution-Volatile Organic Compounds, Antarctic-Environmental Protection, Antarctic-Marine Living Resources, Antarctic Treaty, Biodiversity, Climate Change, Climate Change-Kyoto Protocol, Climate Change-Paris Agreement, Comprehensive Nuclear Test Ban, Desertification, Endangered Species, Environmental Modification, Hazardous Wastes, Law of the Sea, Marine Dumping-London Convention, Marine Dumping-London Protocol, Marine Life Conservation, Nuclear Test Ban, Ozone Layer Protection, Ship Pollution, Tropical Timber 2006, Wetlands, Whaling","Western Europe, bordering the North Sea, between Belgium and Germany",Europe,slightly less than twice the size of New Jersey,parliamentary constitutional monarchy; part of the Kingdom of the Netherlands,"26 July 1581 (the northern provinces of the Low Countries formally declared their independence with an Act of Abjuration; however, it was not until 30 January 1648 and the Peace of Westphalia that Spain recognized this independence)","ADB (nonregional member), AfDB (nonregional member), Arctic Council (observer), Australia Group, Benelux, BIS, CBSS (observer), CD, CE, CERN, EAPC, EBRD, ECB, EIB, EITI (implementing country), EMU, ESA, EU, FAO, FATF, G-10, IADB, IAEA, IBRD, ICAO, ICC (national committees), ICCt, ICRM, IDA, IEA, IFAD, IFC, IFRCS, IGAD (partners), IHO, ILO, IMF, IMO, IMSO, Interpol, IOC, IOM, IPU, ISO, ITSO, ITU, ITUC (NGOs), MIGA, NATO, NEA, NSG, OAS (observer), OECD, OPCW, OSCE, Pacific Alliance (observer), Paris Club, PCA, Schengen Convention, SELEC (observer), UN, UNCTAD, UNESCO, UNHCR, UNHRC, UNIDO, UNMISS, UNOOSA, UNRWA, UN Security Council (temporary), UNTSO, UNWTO, UPU, Wassenaar Arrangement, WCO, WHO, WIPO, WMO, WTO, ZC",2.1% of GDP (2024 est.)1.6% of GDP (2023)1.5% of GDP (2022)1.4% of GDP (2021)1.4% of GDP (2020),"Dutch 75.4%, EU (excluding Dutch) 6.4%, Turkish 2.4%, Moroccan 2.4%, Surinamese 2.1%, Indonesian 2%, other 9.3% (2021 est.)","Dutch (official), Frisian (official in Fryslan province)","Roman Catholic 20.1%, Protestant 14.8% (includes Dutch Reformed, Protestant Church of The Netherlands, Calvinist), Muslim 5%, other 5.9% (includes Hindu, Buddhist, Jewish), none 54.1% (2019 est.)","3.6 deaths/1,000 live births (2024 est.)",81.9 years (2024 est.),0.39% (2024 est.),"an area known as the Randstad, anchored by the cities of Amsterdam, Rotterdam, the Hague, and Utrecht, is the most densely populated region; the north tends to be less dense, though sizeable communities can be found throughout the entire country",,,42.2 years (2024 est.),"3 migrant(s)/1,000 population (2024 est.)","53,496 (Syria), 19,204 (Eritrea), 7,106 (Turkey), 5,593 (Iran), 5,152 (Iraq) (mid-year 2022); 117,950 (Ukraine) (as of 21 February 2024)",$1.154 trillion (2023 est.)note: data in current dollars at official exchange rate,"$71,400 (2023 est.)$72,100 (2022 est.)$69,300 (2021 est.)note: data in 2021 dollars","natural gas, petroleum, peat, limestone, salt, sand and gravel, arable land",29.80%,"refined petroleum, vaccines, machinery, crude petroleum, broadcasting equipment (2023)note: top five export commodities based on value in dollars","Germany 16%, Belgium 15%, France 11%, Italy 6%, USA 6% (2023)note: top five export partners based on percentage share of exports","crude petroleum, refined petroleum, broadcasting equipment, cars, natural gas (2023)note: top five import commodities based on value in dollars","Germany 16%, Belgium 10%, China 10%, USA 10%, UK 5% (2023)note: top five import partners based on percentage share of imports"
New Zealand,none,Wellington,temperate with sharp regional contrasts,predominately mountainous with large coastal plains,"15,134 km",water quality and availability; rapid urbanization; deforestation; soil erosion and degradation; native flora and fauna hard-hit by invasive species,"Antarctic-Environmental Protection, Antarctic-Marine Living Resources, Antarctic Treaty, Biodiversity, Climate Change, Climate Change-Kyoto Protocol, Climate Change-Paris Agreement, Comprehensive Nuclear Test Ban, Desertification, Endangered Species, Environmental Modification, Hazardous Wastes, Law of the Sea, Marine Dumping-London Convention, Marine Dumping-London Protocol, Nuclear Test Ban, Ozone Layer Protection, Ship Pollution, Tropical Timber 2006, Wetlands, Whaling","Oceania, islands in the South Pacific Ocean, southeast of Australia",Oceania,almost twice the size of North Carolina; about the size of Colorado,parliamentary democracy under a constitutional monarchy; a Commonwealth realm,26 September 1907 (from the UK),"ADB, ANZUS, APEC, ARF, ASEAN (dialogue partner), Australia Group, BIS, C, CD, CP, EAS, EBRD, FAO, FATF, IAEA, IBRD, ICAO, ICC (national committees), ICCt, ICRM, IDA, IEA, IFAD, IFC, IFRCS, IHO, ILO, IMF, IMO, IMSO, Interpol, IOC, IOM, IPU, ISO, ITSO, ITU, ITUC (NGOs), MIGA, NSG, OECD, OPCW, Pacific Alliance (observer), Paris Club (associate), PCA, PIF, SICA (observer), Sparteca, SPC, UN, UNCTAD, UNESCO, UNHCR, UNIDO, UNMISS, UNTSO, UPU, Wassenaar Arrangement, WCO, WFTU (NGOs), WHO, WIPO, WMO, WTO",1.3% of GDP (2023)1.3% of GDP (2022)1.3% of GDP (2021)1.5% of GDP (2020)1.4% of GDP (2019),"European 64.1%, Maori 16.5%, Chinese 4.9%, Indian 4.7%, Samoan 3.9%, Tongan 1.8%, Cook Islands Maori 1.7%, English 1.5%, Filipino 1.5%, New Zealander 1%, other 13.7% (2018 est.)","English (de facto official) 95.4%, Maori (de jure official) 4%, Samoan 2.2%, Northern Chinese 2%, Hindi 1.5%, French 1.2%, Yue 1.1%, New Zealand Sign Language (de jure official) 0.5%, other or not stated 17.2% (2018 est.)","Christian 37.3% (Catholic 10.1%, Anglican 6.8%, Presbyterian and Congregational 5.2%, Pentecostal 1.8%, Methodist 1.6%, Church of Jesus Christ 1.2%, other 10.7%), Hindu 2.7%, Maori 1.3%, Muslim, 1.3%, Buddhist 1.1%, other religion 1.6% (includes Judaism, Spiritualism and New Age religions, Baha'i, Asian religions other than Buddhism), no religion 48.6%, objected to answering 6.7% (2018 est.)","3.3 deaths/1,000 live births (2024 est.)",82.9 years (2024 est.),0.95% (2024 est.),"over three-quarters of New Zealanders, including the indigenous Maori, live on the North Island, primarily in urban areas",,,37.9 years (2024 est.),"3.8 migrant(s)/1,000 population (2024 est.)",,$252.176 billion (2023 est.)note: data in current dollars at official exchange rate,"$48,800 (2023 est.)$49,500 (2022 est.)$48,200 (2021 est.)note: data in 2021 dollars","natural gas, iron ore, sand, coal, timber, hydropower, gold, limestone",1.80%,"milk, wood, beef, butter, sheep and goat meat (2023)note: top five export commodities based on value in dollars","China 28%, USA 12%, Australia 12%, Japan 6%, S. Korea 3% (2023)note: top five export partners based on percentage share of exports","refined petroleum, cars, gas turbines, broadcasting equipment, trucks (2023)note: top five import commodities based on value in dollars","China 20%, Australia 11%, USA 9%, S. Korea 7%, Japan 7% (2023)note: top five import partners based on percentage share of imports"
Nicaragua,Republic of Nicaragua,Managua,"tropical in lowlands, cooler in highlands",extensive Atlantic coastal plains rising to central interior mountains; narrow Pacific coastal plain interrupted by volcanoes,910 km,deforestation; soil erosion; water pollution; drought,"Biodiversity, Climate Change, Climate Change-Kyoto Protocol, Climate Change-Paris Agreement, Comprehensive Nuclear Test Ban, Desertification, Endangered Species, Environmental Modification, Hazardous Wastes, Law of the Sea, Nuclear Test Ban, Ozone Layer Protection, Ship Pollution, Wetlands, Whaling","Central America, bordering both the Caribbean Sea and the North Pacific Ocean, between Costa Rica and Honduras",Central America and the Caribbean,slightly larger than Pennsylvania; slightly smaller than New York state,presidential republic,15 September 1821 (from Spain),"ACS, BCIE, CACM, CD, CELAC, FAO, G-77, IADB, IAEA, IBRD, ICAO, ICRM, IDA, IFAD, IFC, IFRCS, ILO, IMF, IMO, Interpol, IOC, IOM, IPU, ISO (correspondent), ITSO, ITU, ITUC (NGOs), LAES, LAIA (observer), MIGA, NAM, OAS, OPANAL, OPCW, PCA, Petrocaribe, SICA, UN, UNCTAD, UNESCO, UNHCR, UNIDO, Union Latina, UNOOSA, UNWTO, UPU, WCO, WHO, WIPO, WMO, WTO",0.6% of GDP (2023 est.)0.6% of GDP (2022 est.)0.6% of GDP (2021 est.)0.6% of GDP (2020 est.)0.6% of GDP (2019 est.),"Mestizo (mixed Indigenous and White) 69%, White 17%, Black 9%, Indigenous 5%","Spanish (official) 99.5%, Indigenous 0.3%, Portuguese 0.1%, other 0.1% (2020 est.)","Roman Catholic 44.9%, Protestant 38.7% (Evangelical 38.2, Adventist 0.5%), other 1.2%, (includes Jehovah's Witness and Church of Jesus Christ), believer but not belonging to a church 1%, agnostic or atheist 0.4%, none 13.7%, unspecified 0.2% (2020 est.)","14.4 deaths/1,000 live births (2024 est.)",74.7 years (2024 est.),0.95% (2024 est.),"the overwhelming majority of the population resides in the western half of the country, with much of the urban growth centered in the capital city of Managua; coastal areas also show large population clusters",82.40%,82.8% (2015),29 years (2024 est.),"-1.8 migrant(s)/1,000 population (2024 est.)",,$17.829 billion (2023 est.)note: data in current dollars at official exchange rate,"$7,500 (2023 est.)$7,300 (2022 est.)$7,100 (2021 est.)note: data in 2021 dollars","gold, silver, copper, tungsten, lead, zinc, timber, fish",12.50%,"garments, gold, insulated wire, coffee, beef (2023)note: top five export commodities based on value in dollars","USA 51%, Mexico 12%, El Salvador 6%, Canada 6%, Switzerland 4% (2023)note: top five export partners based on percentage share of exports","garments, refined petroleum, crude petroleum, plastic products, fabric (2023)note: top five import commodities based on value in dollars","USA 24%, China 13%, Mexico 9%, Honduras 9%, Guatemala 8% (2023)note: top five import partners based on percentage share of imports"
Niger,Republic of Niger,Niamey,"desert; mostly hot, dry, dusty; tropical in extreme south",predominately desert plains and sand dunes; flat to rolling plains in south; hills in north,0 km (landlocked),"overgrazing; soil erosion; deforestation; desertification; contaminated water; inadequate potable water; wildlife populations (such as elephant, hippopotamus, giraffe, and lion) threatened because of poaching and habitat destruction","Biodiversity, Climate Change, Climate Change-Kyoto Protocol, Climate Change-Paris Agreement, Comprehensive Nuclear Test Ban, Desertification, Endangered Species, Environmental Modification, Hazardous Wastes, Law of the Sea, Nuclear Test Ban, Ozone Layer Protection, Wetlands","Western Africa, southeast of Algeria",Africa,slightly less than twice the size of Texas,"formerly, semi-presidential republic",3 August 1960 (from France),"ACP, AfDB, AU (suspended), CD, EITI (compliant country), Entente, FAO, FZ, G-77, IAEA, IBRD, ICAO, ICCt, ICRM, IDA, IDB, IFAD, IFC, IFRCS, ILO, IMF, Interpol, IOC, IOM, IPU, ISO (correspondent), ITSO, ITU, ITUC (NGOs), LCBC, MIGA, MINUSCA, MNJTF, MONUSCO, NAM, OIC, OIF, OPCW, UN, UNCTAD, UNESCO, UNIDO, UNOOSA, UNWTO, UPU, WADB (regional), WAEMU, WCO, WFTU (NGOs), WHO, WIPO, WMO, WTO",2% of GDP (2023 est.)1.7% of GDP (2022 est.)1.8% of GDP (2021 est.)2% of GDP (2020 est.)1.7% of GDP (2019 est.),"Hausa 53.1%, Zarma/Songhai 21.2%, Tuareg 11%, Fulani (Peuhl) 6.5%, Kanuri 5.9%, Gurma 0.8%, Arab 0.4%, Tubu 0.4%, other/unavailable 0.9% (2006 est.)","Hausa, Zarma, French (official), Fufulde, Tamashek, Kanuri, Gurmancema, Tagdal","Muslim 95.5%, ethnic religionist 4.1%, Christian 0.3%, agnostics and other 0.1% (2020 est.)","64.3 deaths/1,000 live births (2024 est.)",60.9 years (2024 est.),3.66% (2024 est.),majority of the populace is located in the southernmost extreme of the country along the border with Nigeria and Benin as shown in this population distribution map,45.80%,29% (2018),15.2 years (2024 est.),"-0.6 migrant(s)/1,000 population (2024 est.)","67,191 (Mali) (refugees and asylum seekers) (2023); 200,423 (Nigeria) (2024)",$16.819 billion (2023 est.)note: data in current dollars at official exchange rate,"$1,700 (2023 est.)$1,700 (2022 est.)$1,600 (2021 est.)note: data in 2021 dollars","uranium, coal, iron ore, tin, phosphates, gold, molybdenum, gypsum, salt, petroleum",12.30%,"gold, oil seeds, uranium and thorium ore, radioactive chemicals, refined petroleum (2023)note: top five export commodities based on value in dollars","UAE 31%, France 23%, China 18%, India 6%, Sweden 5% (2023)note: top five export partners based on percentage share of exports","rice, aircraft parts, iron structures, refined petroleum, centrifuges (2023)note: top five import commodities based on value in dollars","China 26%, France 15%, India 12%, Nigeria 7%, UAE 6% (2023)note: top five import partners based on percentage share of imports"
Nigeria,Federal Republic of Nigeria,Abuja,"varies; equatorial in south, tropical in center, arid in north","southern lowlands merge into central hills and plateaus; mountains in southeast, plains in north",853 km,"serious overpopulation and rapid urbanization have led to numerous environmental problems; urban air and water pollution; rapid deforestation; soil degradation; loss of arable land; oil pollution - water, air, and soil have suffered serious damage from oil spills","Biodiversity, Climate Change, Climate Change-Kyoto Protocol, Climate Change-Paris Agreement, Comprehensive Nuclear Test Ban, Desertification, Endangered Species, Hazardous Wastes, Law of the Sea, Marine Dumping-London Convention, Marine Dumping-London Protocol, Marine Life Conservation, Nuclear Test Ban, Ozone Layer Protection, Ship Pollution, Wetlands","Western Africa, bordering the Gulf of Guinea, between Benin and Cameroon",Africa,about six times the size of Georgia; slightly more than twice the size of California,federal presidential republic,1 October 1960 (from the UK),"ACP, AfDB, ATMIS, AU, C, CD, D-8, ECOWAS, EITI (compliant country), FAO, G-15, G-24, G-77, IAEA, IBRD, ICAO, ICC (national committees), ICCt, ICRM, IDA, IDB, IFAD, IFC, IFRCS, IHO, ILO, IMF, IMO, IMSO, Interpol, IOC, IOM, IPU, ISO, ITSO, ITU, ITUC (NGOs), LCBC, MIGA, MINURSO, MNJTF, MONUSCO, NAM, OAS (observer), OIC, OPCW, OPEC, PCA, UN, UNAMID, UNCTAD, UNESCO, UNHCR, UNIDO, UNIFIL, UNISFA, UNITAR, UNMIL, UNMISS, UNOCI, UNOOSA, UNWTO, UPU, WCO, WFTU (NGOs), WHO, WIPO, WMO, WTO",0.7% of GDP (2023 est.)0.6% of GDP (2022 est.)0.7% of GDP (2021 est.)0.6% of GDP (2020 est.)0.5% of GDP (2019 est.),"Hausa 30%, Yoruba 15.5%, Igbo (Ibo) 15.2%, Fulani 6%, Tiv 2.4%, Kanuri/Beriberi 2.4%, Ibibio 1.8%, Ijaw/Izon 1.8%, other 24.9% (2018 est.)","English (official), Hausa, Yoruba, Igbo (Ibo), Fulani, over 500 additional indigenous languages","Muslim 53.5%, Roman Catholic 10.6%, other Christian 35.3%, other 0.6% (2018 est.)","53.7 deaths/1,000 live births (2024 est.)",62.2 years (2024 est.),2.52% (2024 est.),"largest population of any African nation; significant population clusters are scattered throughout the country, with the highest density areas being in the south and southwest as shown in this population distribution map",71.30%,52.7% (2018),19.3 years (2024 est.),"-0.2 migrant(s)/1,000 population (2024 est.)","89,045 (Cameroon) (2023)",$363.846 billion (2023 est.)note: data in current dollars at official exchange rate,"$5,600 (2023 est.)$5,600 (2022 est.)$5,500 (2021 est.)note: data in 2021 dollars","natural gas, petroleum, tin, iron ore, coal, limestone, niobium, lead, zinc, arable land",37.30%,"crude petroleum, natural gas, gold, fertilizers, cocoa beans (2023)note: top five export commodities based on value in dollars","USA 10%, Spain 9%, France 8%, Netherlands 7%, India 6% (2023)note: top five export partners based on percentage share of exports","refined petroleum, tanks and armored vehicles, wheat, plastics, cars (2023)note: top five import commodities based on value in dollars","China 26%, Singapore 14%, Belgium 8%, India 6%, USA 4% (2023)note: top five import partners based on percentage share of imports"
North Korea,Democratic People's Republic of Korea,Pyongyang,"temperate, with rainfall concentrated in summer; long, bitter winters","mostly hills and mountains separated by deep, narrow valleys; wide coastal plains in west, discontinuous in east","2,495 km",water pollution; inadequate supplies of potable water; waterborne disease; deforestation; soil erosion and degradation,"Antarctic Treaty, Biodiversity, Climate Change, Climate Change-Kyoto Protocol, Climate Change-Paris Agreement, Desertification, Environmental Modification, Hazardous Wastes, Ozone Layer Protection, Ship Pollution, Wetlands","Eastern Asia, northern half of the Korean Peninsula bordering the Korea Bay and the Sea of Japan, between China and South Korea",Asia,slightly larger than Virginia; slightly smaller than Mississippi,"dictatorship, single-party communist state",15 August 1945 (from Japan),"ARF, FAO, G-77, ICAO, ICRM, IFAD, IFRCS, IHO, IMO, IMSO, IOC, IPU, ISO, ITSO, ITU, NAM, UN, UNCTAD, UNESCO, UNIDO, UNWTO, UPU, WFTU (NGOs), WHO, WIPO, WMO","defense spending is a regime priority; between 2010 and 2020, military expenditures accounted for an estimated 20-30% of North Korea's GDP annually; spending estimates ranged from $7 billion to $11 billion annually; in 2023, North Korea announced that it would spend nearly 16% of state expenditures on defense; North Korea in the 2010s and 2020s has increasingly relied on illicit activities — including cybercrime — to generate revenue for its weapons of mass destruction and ballistic missile programs to evade US and UN sanctions",racially homogeneous; there is a small Chinese community and a few ethnic Japanese,Korean,"traditionally Buddhist and Confucian, some Christian and syncretic Chondogyo (Religion of the Heavenly Way)","15.4 deaths/1,000 live births (2024 est.)",73.5 years (2024 est.),0.4% (2024 est.),"population concentrated in the plains and lowlands; least populated regions are the mountainous provinces adjacent to the Chinese border; largest concentrations are in the western provinces, particularly the municipal district of Pyongyang, and around Hungnam and Wonsan in the east",100%,100% (2015),35.9 years (2024 est.),"0 migrant(s)/1,000 population (2024 est.)",,$28 billion (2013 est.),"$1,700 (2015 est.)$1,800 (2014 est.)","coal, iron ore, limestone, magnesite, graphite, copper, zinc, lead, precious metals, hydropower",19.50%,"fake hair, iron alloys, tungsten ore, electricity, cars (2023)note: top five export commodities based on value in dollars","China 74%, Poland 3%, Senegal 3%, Angola 3%, Austria 3% (2023)note: top five export partners based on percentage share of exports","processed hair, plastic products, garments, fabric, soybean oil (2023)note: top five import commodities based on value in dollars","China 97%, Togo 1%, Peru 1%, Gabon 1%, India 0% (2023)note: top five import partners based on percentage share of imports"
North Macedonia,Republic of North Macedonia,Skopje,"warm, dry summers and autumns; relatively cold winters with heavy snowfall","mountainous with deep basins and valleys; three large lakes, each divided by a frontier line; country bisected by the Vardar River",0 km (landlocked),"air pollution from metallurgical plants; Skopje has severe air pollution problems every winter as a result of industrial emissions, smoke from wood-buring stoves, and exhaust fumes from old cars","Air Pollution, Air Pollution-Heavy Metals, Air Pollution-Multi-effect Protocol, Air Pollution-Nitrogen Oxides, Air Pollution-Persistent Organic Pollutants, Air Pollution-Sulphur 85, Air Pollution-Sulphur 94, Air Pollution-Volatile Organic Compounds, Biodiversity, Climate Change, Climate Change-Kyoto Protocol, Climate Change-Paris Agreement, Comprehensive Nuclear Test Ban, Desertification, Endangered Species, Hazardous Wastes, Law of the Sea, Ozone Layer Protection, Wetlands","Southeastern Europe, north of Greece",Europe,slightly larger than Vermont; almost four times the size of Delaware,parliamentary republic,8 September 1991 (referendum by registered voters endorsed independence from Yugoslavia),"BIS, CD, CE, CEI, EAPC, EBRD, EU (candidate country), FAO, IAEA, IBRD, ICAO, ICC (NGOs), ICCt, ICRM, IDA, IFAD, IFC, IFRCS, ILO, IMF, IMO, Interpol, IOC, IOM, IPU, ISO, ITU, ITUC (NGOs), MIGA, NATO, OAS (observer), OIF, OPCW, OSCE, PCA, PFP, SELEC, UN, UNCTAD, UNESCO, UNHCR, UNIDO, UNIFIL, UNWTO, UPU, WCO, WHO, WIPO, WMO, WTO",2.2% of GDP (2024 est.)1.7% of GDP (2023)1.6% of GDP (2022)1.5% of GDP (2021)1.2% of GDP (2020),"Macedonian 58.4%, Albanian 24.3%, Turkish 3.9%, Romani 2.5%, Serb 1.3%, other 2.3%, no ethnic affiliation data available 7.2% (2021 est.)","Macedonian (official) 61.4%, Albanian (official) 24.3%, Turkish 3.4%, Romani 1.7%, other (includes Aromanian (Vlach) and Bosnian) 2%, unspecified 7.2% (2021 est.)","Macedonian Orthodox 46.1%, Muslim 32.2%, other Christian 13.8%, other and non-believers 0.5%, unspecified 7.4% (2021 est.)","7 deaths/1,000 live births (2024 est.)",77.3 years (2024 est.),0.1% (2024 est.),"a fairly even distribution throughout most of the country, with urban areas attracting larger and denser populations",99.10%,97.6% (2020),40.5 years (2024 est.),"0.4 migrant(s)/1,000 population (2024 est.)","18,915 (Ukraine) (as of 22 February 2024)",$15.764 billion (2023 est.)note: data in current dollars at official exchange rate,"$23,600 (2023 est.)$23,100 (2022 est.)$22,400 (2021 est.)note: data in 2021 dollars","low-grade iron ore, copper, lead, zinc, chromite, manganese, nickel, tungsten, gold, silver, asbestos, gypsum, timber, arable land",16.40%,"reaction and catalytic products, insulated wire, electricity, garments, seats (2023)note: top five export commodities based on value in dollars","Germany 39%, Serbia 8%, Bulgaria 6%, Greece 5%, Czechia 3% (2023)note: top five export partners based on percentage share of exports","platinum, refined petroleum, laboratory ceramic ware, cars, natural gas (2023)note: top five import commodities based on value in dollars","UK 12%, Germany 10%, Greece 9%, China 9%, Serbia 8% (2023)note: top five import partners based on percentage share of imports"
Norway,Kingdom of Norway,Oslo,"temperate along coast, modified by North Atlantic Current; colder interior with increased precipitation and colder summers; rainy year-round on west coast","glaciated; mostly high plateaus and rugged mountains broken by fertile valleys; small, scattered plains; coastline deeply indented by fjords; arctic tundra in north","25,148 km (includes mainland 2,650 km, as well as long fjords, numerous small islands, and minor indentations 22,498 km; length of island coastlines 58,133 km)","water pollution; acid rain damaging forests and adversely affecting lakes, threatening fish stocks; air pollution from vehicle emissions","Air Pollution, Air Pollution-Heavy Metals, Air Pollution-Multi-effect Protocol, Air Pollution-Nitrogen Oxides, Air Pollution-Persistent Organic Pollutants, Air Pollution-Sulphur 85, Air Pollution-Sulphur 94, Air Pollution-Volatile Organic Compounds, Antarctic-Environmental Protection, Antarctic-Marine Living Resources, Antarctic Seals, Antarctic Treaty, Biodiversity, Climate Change, Climate Change-Kyoto Protocol, Climate Change-Paris Agreement, Comprehensive Nuclear Test Ban, Desertification, Endangered Species, Environmental Modification, Hazardous Wastes, Law of the Sea, Marine Dumping-London Convention, Marine Dumping-London Protocol, Nuclear Test Ban, Ozone Layer Protection, Ship Pollution, Tropical Timber 2006, Wetlands, Whaling","Northern Europe, bordering the North Sea and the North Atlantic Ocean, west of Sweden",Europe,slightly larger than twice the size of Georgia; slightly larger than New Mexico,parliamentary constitutional monarchy,"7 June 1905 (union with Sweden declared dissolved); 26 October 1905 (Sweden agreed to the repeal of the union); notable earlier dates: ca. 872 (traditional unification of petty Norwegian kingdoms by HARALD Fairhair); 1397 (Kalmar Union of Denmark, Norway, and Sweden); 1524 (Denmark-Norway); 17 May 1814 (Norwegian constitution adopted); 4 November 1814 (Sweden-Norway union confirmed)","ADB (nonregional member), AfDB (nonregional member), Arctic Council, Australia Group, BIS, CBSS, CD, CE, CERN, EAPC, EBRD, EFTA, EITI (implementing country), ESA, FAO, FATF, IADB, IAEA, IBRD, ICAO, ICC (national committees), ICCt, ICRM, IDA, IEA, IFAD, IFC, IFRCS, IGAD (partners), IHO, ILO, IMF, IMO, IMSO, Interpol, IOC, IOM, IPU, ISO, ITSO, ITU, ITUC (NGOs), MIGA, NATO, NC, NEA, NIB, NSG, OAS (observer), OECD, OPCW, OSCE, Paris Club, PCA, Schengen Convention, UN, UNCTAD, UNESCO, UNHCR, UNIDO, UNITAR, UNMISS, UNOOSA, UNRWA, UNTSO, UNWTO, UPU, Wassenaar Arrangement, WCO, WHO, WIPO, WMO, WTO, ZC",2.2% of GDP (2024 est.)1.8% of GDP (2023)1.5% of GDP (2022)1.7% of GDP (2021)2% of GDP (2020),"Norwegian 81.5% (includes about 60,000 Sami), other European 8.9%, other 9.6% (2021 est.)","Bokmal Norwegian (official), Nynorsk Norwegian (official), small Sami- and Finnish-speaking minorities","Church of Norway (Evangelical Lutheran - official) 67.5%, Muslim 3.1%, Roman Catholic 3.1%, other Christian 3.8%, other 2.6%, unspecified 19.9% (2021 est.)","1.8 deaths/1,000 live births (2024 est.)",82.9 years (2024 est.),0.59% (2024 est.),"most Norwegians live in the south where the climate is milder and there is better connectivity to mainland Europe; population clusters are found all along the North Sea coast in the southwest, and Skaggerak in the southeast; the interior areas of the north remain sparsely populated",,,40.8 years (2024 est.),"3.9 migrant(s)/1,000 population (2024 est.)","15,901 (Syria), 10,883 (Eritrea) (mid-year 2022); 70,085 (Ukraine) (as of 8 March 2024)",$485.311 billion (2023 est.)note: data in current dollars at official exchange rate,"$90,500 (2023 est.)$91,100 (2022 est.)$89,200 (2021 est.)note: data in 2021 dollars","petroleum, natural gas, iron ore, copper, lead, zinc, titanium, pyrites, nickel, fish, timber, hydropower",2.20%,"natural gas, crude petroleum, fish, refined petroleum, aluminum (2023)note: top five export commodities based on value in dollars","Germany 18%, UK 17%, Sweden 9%, Denmark 7%, Netherlands 6% (2023)note: top five export partners based on percentage share of exports","cars, refined petroleum, ships, nickel, garments (2023)note: top five import commodities based on value in dollars","Sweden 11%, Germany 11%, China 11%, USA 7%, Netherlands 5% (2023)note: top five import partners based on percentage share of imports"
Oman,Sultanate of Oman,Muscat,"dry desert; hot, humid along coast; hot, dry interior; strong southwest summer monsoon (May to September) in far south","central desert plain, rugged mountains in north and south","2,092 km",limited natural freshwater resources; high levels of soil and water salinity in the coastal plains; beach pollution from oil spills; industrial effluents seeping into the water tables and aquifers; desertificaiton due to high winds driving desert sand into arable lands,"Biodiversity, Climate Change, Climate Change-Kyoto Protocol, Climate Change-Paris Agreement, Comprehensive Nuclear Test Ban, Desertification, Endangered Species, Hazardous Wastes, Law of the Sea, Marine Dumping-London Convention, Ozone Layer Protection, Ship Pollution, Wetlands, Whaling","Middle East, bordering the Arabian Sea, Gulf of Oman, and Persian Gulf, between Yemen and the UAE",Middle East,twice the size of Georgia,absolute monarchy,1650 (expulsion of the Portuguese),"ABEDA, AFESD, AMF, CAEU, FAO, G-77, GCC, IAEA, IBRD, ICAO, ICC (NGOs), IDA, IDB, IFAD, IFC, IHO, ILO, IMF, IMO, IMSO, Interpol, IOC, IPU, ISO, ITSO, ITU, LAS, MIGA, NAM, OIC, OPCW, UN, UNCTAD, UNESCO, UNIDO, UNWTO, UPU, WCO, WFTU (NGOs), WHO, WIPO, WMO, WTO",5.5% of GDP (2023 est.)5.5% of GDP (2022 est.)8% of GDP (2021 est.)11% of GDP (2020 est.)11.8% of GDP (2019 est.),"Arab, Baluchi, South Asian (Indian, Pakistani, Sri Lankan, Bangladeshi), African","Arabic (official), English, Baluchi, Swahili, Urdu, Indian dialects","Muslim 85.9%, Christian 6.4%, Hindu 5.7%, other and unaffiliated 2% (2020 est.)","13.9 deaths/1,000 live births (2024 est.)",77.4 years (2024 est.),1.75% (2024 est.),the vast majority of the population is located in and around the Al Hagar Mountains in the north of the country; another smaller cluster is found around the city of Salalah in the far south; most of the country remains sparsely poplulated,97%,92.7% (2018),27.3 years (2024 est.),"-0.5 migrant(s)/1,000 population (2024 est.)","5,000 (Yemen) (2017)",$108.811 billion (2023 est.)note: data in current dollars at official exchange rate,"$38,300 (2023 est.)$40,400 (2022 est.)$38,700 (2021 est.)note: data in 2021 dollars","petroleum, copper, asbestos, some marble, limestone, chromium, gypsum, natural gas",0.10%,"crude petroleum, refined petroleum, natural gas, semi-finished iron, fertilizers (2023)note: top five export commodities based on value in dollars","China 43%, India 6%, Saudi Arabia 5%, UAE 5%, South Africa 4% (2023)note: top five export partners based on percentage share of exports","refined petroleum, cars, crude petroleum, iron ore, iron pipes (2023)note: top five import commodities based on value in dollars","UAE 25%, Saudi Arabia 12%, India 8%, China 7%, Qatar 5% (2023)note: top five import partners based on percentage share of imports"
Pakistan,Islamic Republic of Pakistan,Islamabad,"mostly hot, dry desert; temperate in northwest; arctic in north","divided into three major geographic areas: the northern highlands, the Indus River plain in the center and east, and the Balochistan Plateau in the south and west","1,046 km","water pollution from raw sewage, industrial wastes, and agricultural runoff; limited natural freshwater resources; most of the population does not have access to potable water; deforestation; soil erosion; desertification; air pollution and noise pollution in urban areas","Antarctic-Environmental Protection, Antarctic-Marine Living Resources, Antarctic Treaty, Biodiversity, Climate Change, Climate Change-Kyoto Protocol, Climate Change-Paris Agreement, Desertification, Endangered Species, Environmental Modification, Hazardous Wastes, Law of the Sea, Marine Dumping-London Convention, Nuclear Test Ban, Ozone Layer Protection, Ship Pollution, Wetlands","Southern Asia, bordering the Arabian Sea, between India on the east and Iran and Afghanistan on the west and China in the north",Asia,slightly more than five times the size of Georgia; slightly less than twice the size of California,federal parliamentary republic,14 August 1947 (from British India),"ADB, AIIB, ARF, ASEAN (sectoral dialogue partner), C, CERN (associate member), CICA, CP, D-8, ECO, FAO, G-11, G-24, G-77, IAEA, IBRD, ICAO, ICC (national committees), ICRM, IDA, IDB, IFAD, IFC, IFRCS, IHO, ILO, IMF, IMO, IMSO, Interpol, IOC, IOM, IPU, ISO, ITSO, ITU, ITUC (NGOs), MIGA, MINURCAT, MINURSO, MINUSCA, MONUSCO, NAM, OAS (observer), OIC, OPCW, PCA, SAARC, SACEP, SCO, UN, UNAMID, UNCTAD, UNESCO, UNFICYP, UNHCR, UNIDO, UNISFA, UNISFA, UNMISS, UNOOSA, UNSOS, UNWTO, UPU, WCO, WFTU (NGOs), WHO, WIPO, WMO, WTO",3% of GDP (2023 est.)4% of GDP (2022 est.)4% of GDP (2021 est.)4% of GDP (2020 est.)4.1% of GDP (2019 est.),"Punjabi 44.7%, Pashtun (Pathan) 15.4%, Sindhi 14.1%, Saraiki 8.4%, Muhajirs 7.6%, Baloch 3.6%, other 6.3%","Punjabi 38.8%, Pashto (alternate name, Pashtu) 18.2%, Sindhi 14.6%, Saraiki (a Punjabi variant) 12.2%, Urdu 7.1%, Balochi 3%, Hindko 2.4%, Brahui 1.2%, other 2.4%","Muslim (official) 96.5% (Sunni 85-90%, Shia 10-15%), other (includes Christian and Hindu) 3.5% (2020 est.)","51.5 deaths/1,000 live births (2024 est.)",70.3 years (2024 est.),1.86% (2024 est.),"the Indus River and its tributaries attract most of the settlement, with Punjab province the most densely populated",69.30%,46.5% (2019),22.9 years (2024 est.),"-1.1 migrant(s)/1,000 population (2024 est.)","2.64-2.9 million (1.3 million registered, 1.34-1.6  million undocumented or otherwise categorized) (Afghanistan) (2023)",$337.912 billion (2023 est.)note: data in current dollars at official exchange rate,"$5,400 (2023 est.)$5,500 (2022 est.)$5,400 (2021 est.)note: data in 2021 dollars","arable land, extensive natural gas reserves, limited petroleum, poor quality coal, iron ore, copper, salt, limestone",27.60%,"garments, fabric, refined petroleum, rice, cotton fabric (2023)note: top five export commodities based on value in dollars","USA 14%, UAE 10%, China 9%, Germany 7%, UK 6% (2023)note: top five export partners based on percentage share of exports","natural gas, refined petroleum, crude petroleum, palm oil, plastics (2023)note: top five import commodities based on value in dollars","China 25%, Qatar 11%, UAE 9%, Saudi Arabia 8%, Indonesia 6% (2023)note: top five import partners based on percentage share of imports"
Palau,Republic of Palau,Ngerulmud,tropical; hot and humid; wet season May to November,"varying topography from the high, mountainous main island of Babelthuap to low, coral islands usually fringed by large barrier reefs","1,519 km","inadequate facilities for disposal of solid waste; threats to the marine ecosystem from sand and coral dredging, illegal and destructive fishing practices, and overfishing; climate change contributes to rising sea level and coral bleaching; drought","Biodiversity, Climate Change, Climate Change-Kyoto Protocol, Climate Change-Paris Agreement, Comprehensive Nuclear Test Ban, Desertification, Endangered Species, Hazardous Wastes, Law of the Sea, Ozone Layer Protection, Ship Pollution, Wetlands, Whaling","Oceania, group of islands in the North Pacific Ocean, southeast of the Philippines",Oceania,"slightly more than 2.5 times the size of Washington, DC",presidential republic in free association with the US,1 October 1994 (from the US-administered UN trusteeship),"ACP, ADB, AOSIS, FAO, IAEA, IBRD, ICAO, ICRM, IDA, IFC, IFRCS, ILO, IMF, IMO, IMSO, IOC, IPU, MIGA, OPCW, PIF, Sparteca, SPC, UN, UNAMID, UNCTAD, UNESCO, WHO",,"Palauan (Micronesian with Malayan and Melanesian admixtures) 70.6%, Carolinian 1.2%, Asian 26.5%, other 1.7% (2020 est.)","Palauan (official on most islands) 65.2%, other Micronesian 1.9%, English (official) 19.1%, Filipino 9.9%, Chinese 1.2%, other 2.8% (2015 est.)","Roman Catholic 46.9%, Protestant 30.9% (Evangelical 24.6%, Seventh Day Adventist 5%, other Protestant 1.4%), Modekngei 5.1% (indigenous to Palau), Muslim 4.9%, other 12.3% (2020 est.)","10.8 deaths/1,000 live births (2024 est.)",75.2 years (2024 est.),0.38% (2024 est.),most of the population is located on the southern end of the main island of Babelthuap,96.80%,96.3% (2015),35.3 years (2024 est.),"0.7 migrant(s)/1,000 population (2024 est.)",,$281.849 million (2023 est.)note: data in current dollars at official exchange rate,"$15,800 (2023 est.)$15,500 (2022 est.)$15,700 (2021 est.)note: data in 2021 dollars","forests, minerals (especially gold), marine products, deep-seabed minerals",2.20%,"ships, refined petroleum (2023)","India 41%, Turkey 26%, Taiwan 10%, USA 9%, Japan 5% (2023)note: top five export partners based on percentage share of exports","ships, refined petroleum, additive manufacturing machines, cars, plastic products (2023)note: top five import commodities based on value in dollars","Italy 32%, China 25%, USA 11%, Turkey 10%, Japan 6% (2023)note: top five import partners based on percentage share of imports"
Panama,Republic of Panama,Panama City,"tropical maritime; hot, humid, cloudy; prolonged rainy season (May to January), short dry season (January to May)","interior mostly steep, rugged mountains with dissected, upland plains; coastal plains with rolling hills","2,490 km",water pollution from agricultural runoff threatens fishery resources; deforestation of tropical rain forest; land degradation and soil erosion threatens siltation of Panama Canal; air pollution in urban areas; mining threatens natural resources,"Antarctic-Marine Living Resources, Biodiversity, Climate Change, Climate Change-Kyoto Protocol, Climate Change-Paris Agreement, Comprehensive Nuclear Test Ban, Desertification, Endangered Species, Environmental Modification, Hazardous Wastes, Law of the Sea, Marine Dumping-London Convention, Nuclear Test Ban, Ozone Layer Protection, Ship Pollution, Tropical Timber 2006, Wetlands, Whaling","Central America, bordering both the Caribbean Sea and the North Pacific Ocean, between Colombia and Costa Rica",Central America and the Caribbean,slightly smaller than South Carolina,presidential republic,3 November 1903 (from Colombia; became independent from Spain on 28 November 1821),"ACS, BCIE, CAN (observer), CD, CELAC, FAO, G-77, IADB, IAEA, IBRD, ICAO, ICC (national committees), ICCt, ICRM, IDA, IFAD, IFC, IFRCS, ILO, IMF, IMO, IMSO, Interpol, IOC, IOM, IPU, ISO, ITSO, ITU, ITUC (NGOs), LAES, LAIA, MIGA, NAM, OAS, OPANAL, OPCW, Pacific Alliance (observer), PCA, SICA, UN, UNASUR (observer), UNCTAD, UNESCO, UNIDO, Union Latina, UNOOSA, UNWTO, UPU, WCO, WFTU (NGOs), WHO, WIPO, WMO, WTO",1.1% of GDP (2023 est.)1.2% of GDP (2022 est.)1.3% of GDP (2021 est.)1.4% of GDP (2020 est.)1.2% of GDP (2019 est.),"Mestizo (mixed Indigenous and White) 65%, Indigenous 12.3% (Ngabe 7.6%, Kuna 2.4%, Embera 0.9%, Bugle 0.8%, other 0.4%, unspecified 0.2%), Black or African descent 9.2%, Mulatto 6.8%, White 6.7% (2010 est.)","Spanish (official), Indigenous languages (including Ngabere (Guaymi), Buglere, Kuna, Embera, Wounaan, Naso (Teribe), and Bri Bri), Panamanian English Creole (a mixture of English and Spanish with elements of Ngabere, also known as Guari Guari and Colon Creole), English, Chinese (Yue and Hakka), Arabic, French Creole, other (Yiddish, Hebrew, Korean, Japanese)","Evangelical 55%, Roman Catholic 33.4%, none 10.1%, unspecified 1.5% (2023 est.)","14.2 deaths/1,000 live births (2024 est.)",79.2 years (2024 est.),1.48% (2024 est.),"population is concentrated towards the center of the country, particularly around the Canal, but a sizeable segment of the populace also lives in the far west around David; the eastern third of the country is sparsely inhabited",98.80%,95.4% (2019),31.5 years (2024 est.),"3 migrant(s)/1,000 population (2024 est.)","58,158 (Venezuela) (economic and political crisis; includes Venezuelans who have claimed asylum or have received alternative legal stay) (2023)",$83.318 billion (2023 est.)note: data in current dollars at official exchange rate,"$35,900 (2023 est.)$33,800 (2022 est.)$30,900 (2021 est.)note: data in 2021 dollars","copper, mahogany forests, shrimp, hydropower",7.30%,"copper ore, ships, refined petroleum, bananas, fish (2023)note: top five export commodities based on value in dollars","China 25%, Japan 10%, USA 6%, Thailand 5%, Costa Rica 5% (2023)note: top five export partners based on percentage share of exports","crude petroleum, ships, refined petroleum, nitrogen compounds, cars (2023)note: top five import commodities based on value in dollars","USA 15%, Colombia 13%, China 13%, Ecuador 13%, Japan 11% (2023)note: top five import partners based on percentage share of imports"
Papua New Guinea,Independent State of Papua New Guinea,Port Moresby,"tropical; northwest monsoon (December to March), southeast monsoon (May to October); slight seasonal temperature variation",mostly mountains with coastal lowlands and rolling foothills,"5,152 km","rain forest loss as a result of growing commercial demand for tropical timber; unsustainable logging practices result in soil erosion, water quality degredation, and loss of habitat and biodiversity; large-scale mining projects cause adverse impacts on forests and water quality (discharge of heavy metals, cyanide, and acids into rivers); severe drought; inappropriate farming practices accelerate land degradion (soil erosion, siltation, loss of soil fertility); destructive fishing practices and coastal pollution due to run-off from land-based activities and oil spills","Antarctic Treaty, Biodiversity, Climate Change, Climate Change-Kyoto Protocol, Climate Change-Paris Agreement, Desertification, Endangered Species, Environmental Modification, Hazardous Wastes, Law of the Sea, Marine Dumping-London Convention, Nuclear Test Ban, Ozone Layer Protection, Ship Pollution, Tropical Timber 2006, Wetlands","Oceania, group of islands including the eastern half of the island of New Guinea between the Coral Sea and the South Pacific Ocean, east of Indonesia",Oceania,slightly larger than California,parliamentary democracy under a constitutional monarchy; a Commonwealth realm,16 September 1975 (from the Australia-administered UN trusteeship),"ACP, ADB, AOSIS, APEC, ARF, ASEAN (observer), C, CD, CP, EITI (candidate country), FAO, G-77, IAEA, IBRD, ICAO, ICRM, IDA, IFAD, IFC, IFRCS, IHO, ILO, IMF, IMO, Interpol, IOC, IOM, IPU, ISO (correspondent), ITSO, ITU, MIGA, NAM, OPCW, PIF, Sparteca, SPC, UN, UNCTAD, UNESCO, UNIDO, UNMISS, UNWTO, UPU, WCO, WFTU (NGOs), WHO, WIPO, WMO, WTO",0.3% of GDP (2023 est.)0.3% of GDP (2022 est.)0.4% of GDP (2021 est.)0.4% of GDP (2020 est.)0.3% of GDP (2019 est.),"Melanesian, Papuan, Negrito, Micronesian, Polynesian","Tok Pisin (official), English (official), Hiri Motu (official), some 839 living indigenous languages are spoken (about 12% of the world's total)","Protestant 64.3% (Evangelical Lutheran 18.4%, Seventh Day Adventist 12.9%, Pentecostal 10.4%, United Church 10.3%, Evangelical Alliance 5.9%, Anglican 3.2%, Baptist 2.8%, Salvation Army 0.4%), Roman Catholic 26%, other Christian 5.3%, non-Christian 1.4%, unspecified 3.1% (2011 est.)","32 deaths/1,000 live births (2024 est.)",70.1 years (2024 est.),2.26% (2024 est.),population concentrated in the highlands and eastern coastal areas on the island of New Guinea; predominantly a rural distribution with only about one-fifth of the population residing in urban areas,65.60%,62.8% (2015),21.7 years (2024 est.),"0 migrant(s)/1,000 population (2024 est.)","11,432 (Indonesia) (mid-year 2022)",$30.729 billion (2023 est.)note: data in current dollars at official exchange rate,"$4,200 (2023 est.)$4,100 (2022 est.)$4,000 (2021 est.)note: data in 2021 dollars","gold, copper, silver, natural gas, timber, oil, fisheries",0.70%,"natural gas, gold, copper ore, palm oil, nickel (2023)note: top five export commodities based on value in dollars","China 28%, Japan 25%, Australia 17%, Taiwan 8%, India 4% (2023)note: top five export partners based on percentage share of exports","refined petroleum, trucks, rice, plastic products, excavation machinery (2023)note: top five import commodities based on value in dollars","Australia 27%, China 24%, Singapore 15%, Malaysia 9%, Japan 4% (2023)note: top five import partners based on percentage share of imports"
Paraguay,Republic of Paraguay,Asunción,"subtropical to temperate; substantial rainfall in the eastern portions, becoming semiarid in the far west","grassy plains and wooded hills east of Rio Paraguay; Gran Chaco region west of Rio Paraguay mostly low, marshy plain near the river, and dry forest and thorny scrub elsewhere",0 km (landlocked),deforestation; water pollution; rivers suffer from toxic dumping; tanneries release mercury and chromium into rivers and streams; loss of wetlands; inadequate means for waste disposal pose health risks for many urban residents,"Biodiversity, Climate Change, Climate Change-Kyoto Protocol, Climate Change-Paris Agreement, Comprehensive Nuclear Test Ban, Desertification, Endangered Species, Hazardous Wastes, Law of the Sea, Ozone Layer Protection, Wetlands","Central South America, northeast of Argentina, southwest of Brazil",South America,about three times the size of New York state; slightly smaller than California,presidential republic,14-15 May 1811 (from Spain); note - the uprising against Spanish authorities took place during the night of 14-15 May 1811 and both days are celebrated in Paraguay,"CAN (associate), CD, CELAC, FAO, G-11, G-77, IADB, IAEA, IBRD, ICAO, ICC (national committees), ICCt, ICRM, IDA, IFAD, IFC, IFRCS, ILO, IMF, IMO, Interpol, IOC, IOM, IPU, ISO (correspondent), ITSO, ITU, ITUC (NGOs), LAES, LAIA, Mercosur, MIGA, MINURSO, MINUSTAH, MONUSCO, NAM (observer), OAS, OPANAL, OPCW, Pacific Alliance (observer), PCA, PROSUR, UN, UNASUR, UNCTAD, UNESCO, UNFICYP, UNHRC, UNIDO, Union Latina, UNISFA, UNMIL, UNMISS, UNOCI, UNWTO, UPU, WCO, WHO, WIPO, WMO, WTO",0.8% of GDP (2023 est.)0.8% of GDP (2022 est.)1% of GDP (2021 est.)1% of GDP (2020 est.)1% of GDP (2019 est.),"Mestizo (mixed Spanish and Indigenous ancestry) 95%, other 5%","Spanish (official) and Guarani (official) 46.3%, only Guarani 34%, only Spanish 15.2%, other (includes Portuguese, German, other Indigenous languages) 4.1%, no response 0.4% (2012 est.)","Roman Catholic 80.4%, Protestant 7% (Evangelical (non-specific) 6.7%, Evangelical Pentecostal <0.1%, Adventist <0.1%, Protestant (non-specific) <0.1%), Believer (not belonging to the church) 5.7%, other 0.6%, agnostic <0.1%, none 0.2%, unspecified 6.2% (2023 est.)","22 deaths/1,000 live births (2024 est.)",78.8 years (2024 est.),1.09% (2024 est.),"most of the population resides in the eastern half of the country; to the west lies the Gran Chaco (a semi-arid lowland plain), which accounts for 60% of the land territory, but only 2% of the overall population",94.90%,94.2% (2020),31.8 years (2024 est.),"-0.1 migrant(s)/1,000 population (2024 est.)","5,231 (Venezuela) (2022)",$42.956 billion (2023 est.)note: data in current dollars at official exchange rate,"$15,800 (2023 est.)$15,300 (2022 est.)$15,400 (2021 est.)note: data in 2021 dollars","hydropower, timber, iron ore, manganese, limestone",10.80%,"soybeans, beef, electricity, corn, soybean meal (2023)note: top five export commodities based on value in dollars","Argentina 33%, Brazil 25%, Chile 10%, USA 2%, Uruguay 2% (2023)note: top five export partners based on percentage share of exports","broadcasting equipment, refined petroleum, fertilizers, cars, pesticides (2023)note: top five import commodities based on value in dollars","China 33%, Brazil 24%, USA 8%, Argentina 7%, Germany 2% (2023)note: top five import partners based on percentage share of imports"
Peru,Republic of Peru,Lima,varies from tropical in east to dry desert in west; temperate to frigid in Andes,"western coastal plain (costa), high and rugged Andes in center (sierra), eastern lowland jungle of Amazon Basin (selva)","2,414 km",deforestation (some the result of illegal logging); overgrazing leading to soil erosion; desertification; air pollution in Lima; pollution of rivers and coastal waters from municipal and mining wastes; overfishing,"Antarctic-Environmental Protection, Antarctic-Marine Living Resources, Antarctic Treaty, Biodiversity, Climate Change, Climate Change-Kyoto Protocol, Climate Change-Paris Agreement, Desertification, Endangered Species, Hazardous Wastes, Marine Dumping-London Convention, Marine Dumping-London Protocol, Nuclear Test Ban, Ozone Layer Protection, Ship Pollution, Tropical Timber 2006, Wetlands, Whaling","Western South America, bordering the South Pacific Ocean, between Chile and Ecuador",South America,almost twice the size of Texas; slightly smaller than Alaska,presidential republic,28 July 1821 (from Spain),"AIIB, APEC, BIS, CAN, CD, CELAC, EITI (compliant country), FAO, G-24, G-77, IADB, IAEA, IBRD, ICAO, ICC (NGOs), ICCt, ICRM, IDA, IFAD, IFC, IFRCS, IHO, ILO, IMF, IMO, IMSO, Interpol, IOC, IOM, IPU, ISO, ITSO, ITU, ITUC (NGOs), LAES, LAIA, Mercosur (associate), MIGA, MINUSTAH, MONUSCO, NAM, OAS, OPANAL, OPCW, Pacific Alliance, PCA, PROSUR, SICA (observer), UN, UNAMID, UNASUR, UNCTAD, UNESCO, UNHCR, UNIDO, Union Latina, UNISFA, UNMISS, UNOCI, UNOOSA, UN Security Council (temporary), UNWTO, UPU, WCO, WFTU (NGOs), WHO, WIPO, WMO, WTO",1% of GDP (2023 est.)1.1% of GDP (2022 est.)1.1% of GDP (2021 est.)1.2% of GDP (2020 est.)1.2% of GDP (2019 est.),"Mestizo (mixed Indigenous and White) 60.2%, Indigenous 25.8%, White 5.9%, African descent 3.6%, other (includes Chinese and Japanese descent) 1.2%, unspecified 3.3% (2017 est.)","Spanish (official) 82.9%, Quechua (official) 13.6%, Aymara (official) 1.6%, Ashaninka 0.3%, other native languages (includes many minor Amazonian languages) 0.8%, other 0.2%, none 0.1%, unspecified 0.7% (2017 est.)","Roman Catholic 66.4%, Protestant 22.4% (Evangelical 19.6%, other Protestant 1.3%), other 1.9%, agnostic/atheist none 6.8%, unspecified 1.2% (2023 est.)","10.8 deaths/1,000 live births (2024 est.)",68.9 years (2024 est.),0.48% (2024 est.),"approximately one-third of the population resides along the desert coastal belt in the west, with a strong focus on the capital city of Lima; the Andean highlands, or sierra, which is strongly identified with the country's Amerindian population, contains roughly half of the overall population; the eastern slopes of the Andes, and adjoining rainforest, are sparsely populated",97%,92% (2020),30.2 years (2024 est.),"-1 migrant(s)/1,000 population (2024 est.)","1,542,004 (Venezuela) (economic and political crisis; includes Venezuelans who have claimed asylum, are recognized as refugees, or have received alternative legal stay) (2023)",$267.603 billion (2023 est.)note: data in current dollars at official exchange rate,"$15,300 (2023 est.)$15,500 (2022 est.)$15,300 (2021 est.)note: data in 2021 dollars","copper, silver, gold, petroleum, timber, fish, iron ore, coal, phosphate, potash, hydropower, natural gas",3.10%,"copper ore, gold, refined copper, refined petroleum, grapes (2023)note: top five export commodities based on value in dollars","China 34%, USA 14%, Canada 5%, India 4%, Switzerland 4% (2023)note: top five export partners based on percentage share of exports","refined petroleum, crude petroleum, cars, trucks, broadcasting equipment (2023)note: top five import commodities based on value in dollars","China 26%, USA 21%, Brazil 7%, Argentina 5%, Mexico 3% (2023)note: top five import partners based on percentage share of imports"
Philippines,Republic of the Philippines,Manila,tropical marine; northeast monsoon (November to April); southwest monsoon (May to October),mostly mountains with narrow to extensive coastal lowlands,"36,289 km",uncontrolled deforestation especially in watershed areas; illegal mining and logging; soil erosion; air and water pollution in major urban centers; coral reef degradation; increasing pollution of coastal mangrove swamps that are important fish breeding grounds; coastal erosion; dynamite fishing; wildlife extinction,"Biodiversity, Climate Change, Climate Change-Kyoto Protocol, Climate Change-Paris Agreement, Comprehensive Nuclear Test Ban, Desertification, Endangered Species, Hazardous Wastes, Law of the Sea, Marine Dumping-London Convention, Marine Dumping-London Protocol, Nuclear Test Ban, Ozone Layer Protection, Ship Pollution, Tropical Timber 2006, Wetlands","Southeastern Asia, archipelago between the Philippine Sea and the South China Sea, east of Vietnam",Southeast Asia,slightly less than twice the size of Georgia; slightly larger than Arizona,presidential republic,4 July 1946 (from the US),"ADB, APEC, ARF, ASEAN, BIS, CD, CICA (observer), CP, EAS, FAO, G-24, G-77, IAEA, IBRD, ICAO, ICRM, IDA, IFAD, IFC, IFRCS, IHO, ILO, IMF, IMO, IMSO, Interpol, IOC, IOM, IPU, ISO, ITSO, ITU, ITUC (NGOs), MIGA, MINUSTAH, NAM, OAS (observer), OPCW, PCA, PIF (partner), UN, UNCTAD, UNESCO, UNHCR, UNIDO, Union Latina, UNMIL, UNMOGIP, UNOCI, UNOOSA, UNWTO, UPU, WCO, WFTU (NGOs), WHO, WIPO, WMO, WTO",1.5% of GDP (2023 est.)1.2% of GDP (2022 est.)1.2% of GDP (2021 est.)1.1% of GDP (2020 est.)1.1% of GDP (2019 est.),"Tagalog 26%, Bisaya/Binisaya 14.3%, Ilocano 8%, Cebuano 8%, Illonggo 7.9%, Bikol/Bicol 6.5%, Waray 3.8%, Kapampangan 3%, Maguindanao 1.9%, Pangasinan 1.9%, other local ethnicities 18.5%, foreign ethnicities 0.2% (2020 est.)","Tagalog 39.9%, Bisaya/Binisaya 16%, Hiligaynon/Ilonggo 7.3%, Ilocano 7.1%, Cebuano 6.5%, Bikol/Bicol 3.9%, Waray 2.6%, Kapampangan 2.4%, Maguindanao 1.4%, Pangasinan/Panggalato 1.3%, other languages/dialects 11.2%, unspecified 0.4% (2020 est.)","Roman Catholic 78.8%, Muslim 6.4%, Iglesia ni Cristo 2.6%, other Christian 3.9%, other 8.2%, none/unspecified <0.1 (2020 est.)","22 deaths/1,000 live births (2024 est.)",70.8 years (2024 est.),1.56% (2024 est.),"population concentrated where good farmlands lie; highest concentrations are northwest and south-central Luzon, the southeastern extension of Luzon, and the islands of the Visayan Sea, particularly Cebu and Negros; Manila is home to one-eighth of the entire national population",95.70%,96.9% (2019),25.7 years (2024 est.),"-0.2 migrant(s)/1,000 population (2024 est.)",,$437.146 billion (2023 est.)note: data in current dollars at official exchange rate,"$9,900 (2023 est.)$9,500 (2022 est.)$8,900 (2021 est.)note: data in 2021 dollars","timber, petroleum, nickel, cobalt, silver, gold, salt, copper",18.20%,"integrated circuits, machine parts, gold, insulated wire, semiconductors (2023)note: top five export commodities based on value in dollars","China 19%, USA 13%, Hong Kong 12%, Japan 11%, Germany 5% (2023)note: top five export partners based on percentage share of exports","integrated circuits, refined petroleum, cars, crude petroleum, coal (2023)note: top five import commodities based on value in dollars","China 25%, Indonesia 8%, Japan 8%, S. Korea 6%, USA 6% (2023)note: top five import partners based on percentage share of imports"
Poland,Republic of Poland,Warsaw,"temperate with cold, cloudy, moderately severe winters with frequent precipitation; mild summers with frequent showers and thundershowers",mostly flat plain; mountains along southern border,440 km,"decreased emphasis on heavy industry and increased environmental concern by post-communist governments has improved environment; air pollution remains serious because of emissions from burning low-quality coals in homes and from coal-fired power plants; the resulting acid rain causes forest damage; water pollution from industrial and municipal sources is a problem, as is disposal of hazardous wastes","Air Pollution, Air Pollution-Nitrogen Oxides, Air Pollution-Sulphur 94, Antarctic-Environmental Protection, Antarctic- Marine Living Resources, Antarctic Seals, Antarctic Treaty, Biodiversity, Climate Change, Climate Change-Kyoto Protocol, Climate Change-Paris Agreement, Comprehensive Nuclear Test Ban, Desertification, Endangered Species, Environmental Modification, Hazardous Wastes, Law of the Sea, Marine Dumping-London Convention, Nuclear Test Ban, Ozone Layer Protection, Ship Pollution, Tropical Timber 2006, Wetlands, Whaling","Central Europe, east of Germany",Europe,about twice the size of Georgia; slightly smaller than New Mexico,parliamentary republic,"11 November 1918 (republic proclaimed); notable earlier dates: 14 April 966 (adoption of Christianity, traditional founding date), 1 July 1569 (Polish-Lithuanian Commonwealth created)","Arctic Council (observer), Australia Group, BIS, BSEC (observer), CBSS, CD, CE, CEI, CERN, EAPC, EBRD, ECB, EIB, ESA, EU, FAO, IAEA, IBRD, ICAO, ICC (national committees), ICCt, ICRM, IDA, IEA, IFC, IFRCS, IHO, ILO, IMF, IMO, IMSO, Interpol, IOC, IOM, IPU, ISO, ITSO, ITU, ITUC (NGOs), MIGA, MONUSCO, NATO, NEA, NSG, OAS (observer), OECD, OIF (observer), OPCW, OSCE, PCA, Schengen Convention, UN, UNCTAD, UNESCO, UNHCR, UNHRC, UNIDO, UNMIL, UNMISS, UNOCI, UN Security Council (temporary), UNWTO, UPU, Wassenaar Arrangement, WCO, WFTU (NGOs), WHO, WIPO, WMO, WTO, ZC",4.1% of GDP (2024 est.)3.9% of GDP (2023 est.)2.2% of GDP (2022)2.2% of GDP (2021)2.2% of GDP (2020),"Polish 96.9%, Silesian 1.1%, German 0.2%, Ukrainian 0.1%, other and unspecified 1.7% (2011 est.)","Polish (official) 98.2%, Silesian 1.4%, other 1.1%, unspecified 1.2% (2011 est.)","Catholic 84.6% (Roman Catholic 84.6% and other Catholic 0.3%), Orthodox 1.3% (almost all are Polish Autocephalous Orthodox), Protestant 0.4% (mainly Augsburg Evangelical and Pentecostal), other 0.3%, unspecified 13% (2022 est.)","4.9 deaths/1,000 live births (2024 est.)",76.7 years (2024 est.),-1% (2024 est.),"population concentrated in the southern area around Krakow and the central area around Warsaw and Lodz, with an extension to the northern coastal city of Gdansk",99.80%,99.8% (2021),42.9 years (2024 est.),"-6.2 migrant(s)/1,000 population (2024 est.)","956,635 (Ukraine) (as of 15 December 2023)",$809.201 billion (2023 est.)note: data in current dollars at official exchange rate,"$44,400 (2023 est.)$44,200 (2022 est.)$41,800 (2021 est.)note: data in 2021 dollars","coal, sulfur, copper, natural gas, silver, lead, salt, amber, arable land",36.20%,"vehicle parts/accessories, electric batteries, plastic products, cars, seats (2023)note: top five export commodities based on value in dollars","Germany 25%, UK 6%, Czechia 6%, France 6%, Italy 5% (2023)note: top five export partners based on percentage share of exports","crude petroleum, cars, garments, vehicle parts/accessories, plastic products (2023)note: top five import commodities based on value in dollars","Germany 22%, China 12%, Italy 5%, Netherlands 4%, USA 4% (2023)note: top five import partners based on percentage share of imports"
Portugal,Portuguese Republic,Lisbon,"maritime temperate; cool and rainy in north, warmer and drier in south","the west-flowing Tagus River divides the country: the north is mountainous toward the interior, while the south is characterized by rolling plains","1,793 km","soil erosion; air pollution caused by industrial and vehicle emissions; water pollution, especially in urban centers and coastal areas","Air Pollution, Air Pollution-Heavy Metals, Air Pollution-Multi-effect Protocol, Antarctic-Environmental Protection, Antarctic Treaty, Biodiversity, Climate Change, Climate Change-Kyoto Protocol, Climate Change-Paris Agreement, Comprehensive Nuclear Test Ban, Desertification, Endangered Species, Hazardous Wastes, Law of the Sea, Marine Dumping-London Convention, Marine Life Conservation, Ozone Layer Protection, Ship Pollution, Tropical Timber 2006, Wetlands, Whaling","Southwestern Europe, bordering the North Atlantic Ocean, west of Spain",Europe,slightly smaller than Virginia,semi-presidential republic,1143 (Kingdom of Portugal recognized); 1 December 1640 (independence reestablished following 60 years of Spanish rule); 5 October 1910 (republic proclaimed),"ADB (nonregional member), AfDB (nonregional member), Australia Group, BIS, CD, CE, CERN, CPLP, EAPC, EBRD, ECB, EIB, EMU, ESA, EU, FAO, FATF, IADB, IAEA, IBRD, ICAO, ICC (national committees), ICCt, ICRM, IDA, IEA, IFAD, IFC, IFRCS, IHO, ILO, IMF, IMO, IMSO, Interpol, IOC, IOM, IPU, ISO, ITSO, ITU, ITUC (NGOs), LAIA (observer), MIGA, NATO, NEA, NSG, OAS (observer), OECD, OPCW, OSCE, Pacific Alliance (observer), Paris Club (associate), PCA, Schengen Convention, SELEC (observer), UN, UNCTAD, UNESCO, UNHCR, UNIDO, Union Latina, UNOOSA, UNWTO, UPU, Wassenaar Arrangement, WCO, WFTU (NGOs), WHO, WIPO, WMO, WTO, ZC",1.6% of GDP (2024 est.)1.5% of GDP (2023)1.4% of GDP (2022 est.)1.5% of GDP (2021)1.4% of GDP (2020),"Portuguese 95%; citizens from Portugal’s former colonies in Africa, Asia (Han Chinese), and South America (Brazilian) and other foreign born 5%","Portuguese (official), Mirandese (official, but locally used)","Roman Catholic 79.7%, Protestant 2.2%, other Christian 2.5%, other non-Christian, 1.1%, none 14.5% (2021 est.)","2.4 deaths/1,000 live births (2024 est.)",81.9 years (2024 est.),-0.14% (2024 est.),"concentrations are primarily along or near the Atlantic coast; both Lisbon and the second largest city, Porto, are coastal cities",97.80%,95.9% (2021),46.4 years (2024 est.),"1.5 migrant(s)/1,000 population (2024 est.)","59,920 (Ukraine) (as of 31 January 2024)",$289.114 billion (2023 est.)note: data in current dollars at official exchange rate,"$41,800 (2023 est.)$41,300 (2022 est.)$38,900 (2021 est.)note: data in 2021 dollars","fish, forests (cork), iron ore, copper, zinc, tin, tungsten, silver, gold, uranium, marble, clay, gypsum, salt, arable land, hydropower",11.90%,"cars, garments, vehicle parts/accessories, unpackaged medicine, refined petroleum (2023)note: top five export commodities based on value in dollars","Spain 21%, France 11%, Germany 10%, USA 8%, UK 5% (2023)note: top five export partners based on percentage share of exports","cars, crude petroleum, vehicle parts/accessories, refined petroleum, garments (2023)note: top five import commodities based on value in dollars","Spain 33%, Germany 11%, France 7%, Netherlands 5%, China 5% (2023)note: top five import partners based on percentage share of imports"
Qatar,State of Qatar,Doha,"arid; mild, pleasant winters; very hot, humid summers",mostly flat and barren desert,563 km,"air, land, and water pollution are significant environmental issues; limited natural freshwater resources are increasing dependence on large-scale desalination facilities; other issues include conservation of oil supplies and preservation of the natural wildlife heritage","Biodiversity, Climate Change, Climate Change-Kyoto Protocol, Comprehensive Nuclear Test Ban, Desertification, Endangered Species, Hazardous Wastes, Law of the Sea, Ozone Layer Protection, Ship Pollution","Middle East, peninsula bordering the Persian Gulf and Saudi Arabia",Middle East,almost twice the size of Delaware; slightly smaller than Connecticut,absolute monarchy,3 September 1971 (from the UK),"ABEDA, AFESD, AMF, CAEU, CD, CICA (observer), EITI (implementing country), FAO, G-77, GCC, IAEA, IBRD, ICAO, ICC (national committees), ICRM, IDA, IDB, IFAD, IFC, IFRCS, IHO, ILO, IMF, IMO, IMSO, Interpol, IOC, IOM (observer), IPU, ISO, ITSO, ITU, LAS, MIGA, NAM, OAPEC, OAS (observer), OIC, OIF, OPCW, OPEC, PCA, UN, UNCTAD, UNESCO, UNHRC, UNIDO, UNIFIL, UNWTO, UPU, WCO, WHO, WIPO, WMO, WTO",4% of GDP (2023 est.)4% of GDP (2022 est.)4% of GDP (2021 est.)4% of GDP (2020 est.)3.4% of GDP (2019 est.),"non-Qatari 88.4%, Qatari 11.6% (2015 est.)","Arabic (official), English commonly used as a second language","Muslim 65.2%, Christian 13.7%, Hindu 15.9%, Buddhist 3.8%, folk religion <0.1%, Jewish <0.1%, other <1%, unaffiliated <1% (2020 est.)","6.4 deaths/1,000 live births (2024 est.)",80.3 years (2024 est.),0.71% (2024 est.),most of the population is clustered in or around the capital of Doha on the eastern side of the peninsula,92.40%,94.7% (2017),34.3 years (2024 est.),"-0.7 migrant(s)/1,000 population (2024 est.)",,$213.003 billion (2023 est.)note: data in current dollars at official exchange rate,"$116,200 (2023 est.)$114,700 (2022 est.)$116,800 (2021 est.)note: data in 2021 dollars","petroleum, fish, natural gas",1.10%,"natural gas, crude petroleum, refined petroleum, plastics, fertilizers (2023)note: top five export commodities based on value in dollars","China 18%, India 11%, S. Korea 10%, Japan 7%, Pakistan 6% (2023)note: top five export partners based on percentage share of exports","gas turbines, cars, aircraft, iron pipes, ships (2023)note: top five import commodities based on value in dollars","USA 12%, China 12%, UAE 9%, UK 7%, India 5% (2023)note: top five import partners based on percentage share of imports"
Romania,none,Bucharest,"temperate; cold, cloudy winters with frequent snow and fog; sunny summers with frequent showers and thunderstorms",central Transylvanian Basin is separated from the Moldavian Plateau on the east by the Eastern Carpathian Mountains and separated from the Walachian Plain on the south by the Transylvanian Alps,225 km,"soil erosion, degradation, and desertification; water pollution; air pollution in south from industrial effluents; contamination of Danube delta wetlands","Air Pollution, Air Pollution-Heavy Metals, Air Pollution-Multi-effect Protocol, Air Pollution-Persistent Organic Pollutants, Antarctic-Environmental Protection, Antarctic Treaty, Biodiversity, Climate Change, Climate Change-Kyoto Protocol, Climate Change-Paris Agreement, Comprehensive Nuclear Test Ban, Desertification, Endangered Species, Environmental Modification, Hazardous Wastes, Law of the Sea, Nuclear Test Ban, Ozone Layer Protection, Ship Pollution, Tropical Timber 2006, Wetlands, Whaling","Southeastern Europe, bordering the Black Sea, between Bulgaria and Ukraine",Europe,twice the size of Pennsylvania; slightly smaller than Oregon,semi-presidential republic,9 May 1877 (independence proclaimed from the Ottoman Empire; 13 July 1878 (independence recognized by the Treaty of Berlin); 26 March 1881 (kingdom proclaimed); 30 December 1947 (republic proclaimed),"Australia Group, BIS, BSEC, CBSS (observer), CD, CE, CEI, EAPC, EBRD, ECB, EIB, ESA, EU, FAO, G-9, IAEA, IBRD, ICAO, ICC (national committees), ICCt, ICRM, IDA, IFAD, IFC, IFRCS, IHO, ILO, IMF, IMO, IMSO, Interpol, IOC, IOM, IPU, ISO, ITSO, ITU, ITUC (NGOs), LAIA (observer), MIGA, MONUSCO, NATO, NSG, OAS (observer), OIF, OPCW, OSCE, PCA, SELEC, UN, UNCTAD, UNESCO, UNHCR, UNIDO, Union Latina, UNMIL, UNMISS, UNOCI, UNWTO, UPU, Wassenaar Arrangement, WCO, WFTU (NGOs), WHO, WIPO, WMO, WTO, ZC",2.3% of GDP (2024 est.)1.6% of GDP (2023)1.7% of GDP (2022)1.9% of GDP (2021)2% of GDP (2020),"Romanian 89.3%, Hungarian 6%, Romani 3.4%, Ukrainian 0.3%, German 0.1%, other 0.9% (2021 est.)","Romanian (official) 91.6%, Hungarian 6.3%, Romani 1.2%, other 0.7% (2021 est.)","Romanian Orthodox 85.3%, Roman Catholic 4.5%, Reformed 3%, Pentecostal 2.5%, other 4.7% (2021 est.)","5.5 deaths/1,000 live births (2024 est.)",76.9 years (2024 est.),-0.94% (2024 est.),"urbanization is not particularly high, and a fairly even population distribution can be found throughout most of the country, with urban areas attracting larger and denser populations; Hungarians, the country's largest minority, have a particularly strong presence in eastern Transylvania",99.10%,98.7% (2021),45.5 years (2024 est.),"-3.3 migrant(s)/1,000 population (2024 est.)","77,250 (Ukraine) (as of 14 April 2024)",$350.776 billion (2023 est.)note: data in current dollars at official exchange rate,"$40,700 (2023 est.)$39,700 (2022 est.)$38,100 (2021 est.)note: data in 2021 dollars","petroleum (reserves declining), timber, natural gas, coal, iron ore, salt, arable land, hydropower",39.10%,"cars, vehicle parts/accessories, insulated wire, garments, wheat (2023)note: top five export commodities based on value in dollars","Germany 19%, Italy 10%, France 6%, UK 5%, Hungary 4% (2023)note: top five export partners based on percentage share of exports","vehicle parts/accessories, packaged medicine, cars, crude petroleum, plastic products (2023)note: top five import commodities based on value in dollars","Germany 19%, Italy 8%, Hungary 6%, Poland 6%, China 6% (2023)note: top five import partners based on percentage share of imports"
Russia,Russian Federation,Moscow,ranges from steppes in the south through humid continental in much of European Russia; subarctic in Siberia to tundra climate in the polar north; winters vary from cool along Black Sea coast to frigid in Siberia; summers vary from warm in the steppes to cool along Arctic coast,broad plain with low hills west of Urals; vast coniferous forest and tundra in Siberia; uplands and mountains along southern border regions,"37,653 km","air pollution from heavy industry, emissions of coal-fired electric plants, and transportation in major cities; industrial, municipal, and agricultural pollution of inland waterways and seacoasts; deforestation; soil erosion; soil contamination from improper application of agricultural chemicals; nuclear waste disposal; scattered areas of sometimes intense radioactive contamination; groundwater contamination from toxic waste; urban solid waste management; abandoned stocks of obsolete pesticides","Air Pollution, Air Pollution-Nitrogen Oxides, Air Pollution-Sulphur 85, Antarctic-Environmental Protection, Antarctic-Marine Living Resources, Antarctic Seals, Antarctic Treaty, Biodiversity, Climate Change, Climate Change-Kyoto Protocol, Climate Change-Paris Agreement, Comprehensive Nuclear Test Ban, Desertification, Endangered Species, Environmental Modification, Hazardous Wastes, Law of the Sea, Marine Dumping-London Convention, Nuclear Test Ban, Ozone Layer Protection, Ship Pollution, Wetlands, Whaling","North Asia bordering the Arctic Ocean, extending from Eastern Europe (the portion west of the Urals) to the North Pacific Ocean",Asia,approximately 1.8 times the size of the US,semi-presidential federation,25 December 1991 (from the Soviet Union; Russian SFSR renamed Russian Federation); notable earlier dates: 1157 (Principality of Vladimir-Suzdal created); 16 January 1547 (Tsardom of Muscovy established); 22 October 1721 (Russian Empire proclaimed); 30 December 1922 (Soviet Union established),"APEC, Arctic Council, ARF, ASEAN (dialogue partner), BIS, BRICS, BSEC, CBSS, CD, CE, CERN (observer), CICA, CIS, CSTO, EAEC, EAEU, EAPC, EAS, EBRD, FAO, FATF, G-20, GCTU, IAEA, IBRD, ICAO, ICC (national committees), ICRM, IDA, IFAD, IFC, IFRCS, IHO, ILO, IMF, IMO, IMSO, Interpol, IOC, IOM (observer), IPU, ISO, ITSO, ITU, ITUC (NGOs), LAIA (observer), MIGA, MINURSO, MONUSCO, NEA, NSG, OAS (observer), OIC (observer), OPCW, OSCE, Paris Club, PCA, PFP, SCO, UN, UNCTAD, UNESCO, UNHCR, UNIDO, UNISFA, UNMIL, UNMISS, UNOCI, UN Security Council (permanent), UNTSO, UNWTO, UPU, Wassenaar Arrangement, WCO, WFTU (NGOs), WHO, WIPO, WMO, WTO, ZC",5% of GDP (2023 est.)4% of GDP (2022 est.)4% of GDP (2021 est.)4% of GDP (2020 est.)3.8% of GDP (2019 est.),"Russian 77.7%, Tatar 3.7%, Ukrainian 1.4%, Bashkir 1.1%, Chuvash 1%, Chechen 1%, other 10.2%, unspecified 3.9% (2010 est.)","Russian (official) 85.7%, Tatar 3.2%, Chechen 1%, other 10.1% (2010 est.)","Russian Orthodox 15-20%, Muslim 10-15%, other Christian 2% (2006 est.)","6.5 deaths/1,000 live births (2024 est.)",72.3 years (2024 est.),-0.49% (2024 est.),"population is heavily concentrated in the westernmost fifth of the country extending from the Baltic Sea, south to the Caspian Sea, and eastward parallel to the Kazakh border; elsewhere, sizeable pockets are isolated and generally found in the south",99.70%,99.7% (2018),41.9 years (2024 est.),"0.8 migrant(s)/1,000 population (2024 est.)","1,212,585 (Ukraine) (as of 30 June 2023)",$2.021 trillion (2023 est.)note: data in current dollars at official exchange rate,"$39,800 (2023 est.)$38,300 (2022 est.)$38,900 (2021 est.)note: data in 2021 dollars","wide natural-resource base including major deposits of oil, natural gas, coal, and many strategic minerals, bauxite, reserves of rare earth elements, timber",7.30%,"crude petroleum, refined petroleum, natural gas, coal, fertilizers (2023)note: top five export commodities based on value in dollars","China 33%, India 17%, Turkey 8%, Kazakhstan 4%, Brazil 3% (2023)note: top five export partners based on percentage share of exports","cars, packaged medicine, broadcasting equipment, garments, plastic products (2023)note: top five import commodities based on value in dollars","China 53%, Turkey 5%, Germany 5%, Kazakhstan 5%, Italy 2% (2023)note: top five import partners based on percentage share of imports"
Rwanda,Republic of Rwanda,Kigali,"temperate; two rainy seasons (February to April, November to January); mild in mountains with frost and snow possible",mostly grassy uplands and hills; relief is mountainous with altitude declining from west to east,0 km (landlocked),deforestation results from uncontrolled cutting of trees for fuel; overgrazing; land degradation; soil erosion; a decline in soil fertility (soil exhaustion); wetland degradation and loss of biodiversity; widespread poaching,"Biodiversity, Climate Change, Climate Change-Kyoto Protocol, Comprehensive Nuclear Test Ban, Desertification, Endangered Species, Hazardous Wastes, Nuclear Test Ban, Ozone Layer Protection, Wetlands","Central Africa, east of the Democratic Republic of the Congo, north of Burundi",Africa,slightly smaller than Maryland,presidential republic,1 July 1962 (from Belgium-administered UN trusteeship),"ACP, AfDB, AU, CEPGL, COMESA, EAC, EADB, FAO, G-77, IAEA, IBRD, ICAO, ICRM, IDA, IFAD, IFC, IFRCS, ILO, IMF, Interpol, IOC, IOM, IPU, ISO, ITSO, ITU, ITUC (NGOs), MIGA, MINUSMA, NAM, OIF, OPCW, PCA, UN, UNCTAD, UNESCO, UNHCR, UNIDO, UNISFA, UNMISS, UNOOSA, UNWTO, UPU, WCO, WHO, WIPO, WMO, WTO",1.4% of GDP (2023 est.)1.4% of GDP (2022 est.)1.4% of GDP (2021 est.)1.3% of GDP (2020 est.)1.2% of GDP (2019 est.),"Hutu, Tutsi, Twa","Kinyarwanda (official, universal Bantu vernacular) 93.2%, French (official) <0.1%, English (official) <0.1%, Swahili/Kiswahili (official, used in commercial centers) <0.1%, more than one language, other 6.3%, unspecified 0.3% (2002 est.)","Christian 95.9% (Protestant 57.7% [includes Adventist 12.6%], Roman Catholic 38.2%), Muslim 2.1%, other 1% (includes traditional, Jehovah's Witness), none 1.1% (2019-20 est.)","24.9 deaths/1,000 live births (2024 est.)",66.6 years (2024 est.),1.62% (2024 est.),one of Africa's most densely populated countries; large concentrations tend to be in the central regions and along the shore of Lake Kivu in the west as shown in this population distribution map,78.70%,73.3% (2021),20.8 years (2024 est.),"-3.1 migrant(s)/1,000 population (2024 est.)","79,720 (Democratic Republic of the Congo), 48,533 (Burundi) (2024)",$14.098 billion (2023 est.)note: data in current dollars at official exchange rate,"$3,100 (2023 est.)$2,900 (2022 est.)$2,700 (2021 est.)note: data in 2021 dollars","gold, cassiterite (tin ore), wolframite (tungsten ore), methane, hydropower, arable land",47%,"gold, rare earth ores, coffee, tea, tin ores (2023)note: top five export commodities based on value in dollars","UAE 66%, China 10%, USA 3%, Kenya 3%, Thailand 2% (2023)note: top five export partners based on percentage share of exports","broadcasting equipment, fish, corn, packaged medicine, plastic products (2023)note: top five import commodities based on value in dollars","China 19%, Kenya 14%, Uganda 13%, Tanzania 9%, UAE 7% (2023)note: top five import partners based on percentage share of imports"
Saint Kitts and Nevis,Federation of Saint Kitts and Nevis,Basseterre,"tropical, tempered by constant sea breezes; little seasonal temperature variation; rainy season (May to November)",volcanic with mountainous interiors,135 km,deforestation; soil erosion and silting affects marine life on coral reefs; water pollution from uncontrolled dumping of sewage,"Biodiversity, Climate Change, Climate Change-Kyoto Protocol, Climate Change-Paris Agreement, Comprehensive Nuclear Test Ban, Desertification, Endangered Species, Hazardous Wastes, Law of the Sea, Marine Dumping-London Protocol, Ozone Layer Protection, Ship Pollution, Whaling","Caribbean, islands in the Caribbean Sea, about one-third of the way from Puerto Rico to Trinidad and Tobago",Central America and the Caribbean,"1.5 times the size of Washington, DC",federal parliamentary democracy under a constitutional monarchy; a Commonwealth realm,19 September 1983 (from the UK),"ACP, ACS, AOSIS, C, Caricom, CDB, CELAC, FAO, G-77, IBRD, ICAO, ICCt, ICRM, IDA, IFAD, IFC, IFRCS, ILO, IMF, IMO, Interpol, IOC, ITU, MIGA, OAS, OECS, OPANAL, OPCW, Petrocaribe, UN, UNCTAD, UNESCO, UNIDO, UPU, WHO, WIPO, WTO",,"African descent 92.5%, mixed 3%, White 2.1%, East Indian 1.5%, other 0.6%, unspecified 0.3% (2001 est.)",English (official),"Protestant 75.6% (includes Anglican 16.6%, Methodist 15.8%, Pentecostal 10.8%, Church of God 7.4%, Baptist 5.4%, Seventh Day Adventist 5.4%, Wesleyan Holiness 5.3%, Moravian 4.8%, Evangelical 2.1%, Brethren 1.7%, Presbyterian 0.3%), Roman Catholic 5.9%, Hindu 1.8%, Jehovah's Witness 1.4%, Rastafarian 1.3%, other 5%, none 8.8%, unspecified 0.1% (2011 est.)","8 deaths/1,000 live births (2024 est.)",77.6 years (2024 est.),0.56% (2024 est.),population clusters are found in the small towns located on the periphery of both islands,,,38.6 years (2024 est.),"1.1 migrant(s)/1,000 population (2024 est.)",,$1.055 billion (2023 est.)note: data in current dollars at official exchange rate,"$30,400 (2023 est.)$29,800 (2022 est.)$26,900 (2021 est.)note: data in 2021 dollars",arable land,19.20%,"ships, measuring instruments, beer, electrical transformers, electrical control boards (2023)note: top five export commodities based on value in dollars","Malta 49%, USA 21%, Turkey 7%, St. Vincent & the Grenadines 5%, Guyana 3% (2023)note: top five export partners based on percentage share of exports","refined petroleum, ships, cars, jewelry, poultry (2023)note: top five import commodities based on value in dollars","USA 50%, Italy 11%, China 8%, Japan 2%, UK 2% (2023)note: top five import partners based on percentage share of imports"
Saint Lucia,none,Castries,"tropical, moderated by northeast trade winds; dry season January to April, rainy season May to August","volcanic and mountainous with broad, fertile valleys",158 km,"deforestation; soil erosion, particularly in the northern region","Biodiversity, Climate Change, Climate Change-Kyoto Protocol, Climate Change-Paris Agreement, Comprehensive Nuclear Test Ban, Desertification, Endangered Species, Environmental Modification, Hazardous Wastes, Law of the Sea, Marine Dumping-London Convention, Ozone Layer Protection, Ship Pollution, Wetlands, Whaling","Caribbean, island between the Caribbean Sea and North Atlantic Ocean, north of Trinidad and Tobago",Central America and the Caribbean,"three and a half times the size of Washington, DC",parliamentary democracy under a constitutional monarchy; a Commonwealth realm,22 February 1979 (from the UK),"ACP, ACS, AOSIS, C, Caricom, CD, CDB, CELAC, FAO, G-77, IBRD, ICAO, ICCt, ICRM, IDA, IFAD, IFC, IFRCS, ILO, IMF, IMO, Interpol, IOC, ISO, ITU, ITUC (NGOs), MIGA, NAM, OAS, OECS, OIF, OPANAL, OPCW, Petrocaribe, UN, UNCTAD, UNESCO, UNIDO, UPU, WCO, WFTU (NGOs), WHO, WIPO, WMO, WTO",,"Black/African descent 85.3%, mixed 10.9%, East Indian 2.2%, other 1.6%, unspecified 0.1% (2010 est.)","English (official), Saint Lucian Creole","Roman Catholic 61.5%, Protestant 25.5% (includes Seventh Day Adventist 10.4%, Pentecostal 8.9%, Baptist 2.2%, Anglican 1.6%, Church of God 1.5%, other Protestant 0.9%), other Christian 3.4% (includes Evangelical 2.3% and Jehovah's Witness 1.1%), Rastafarian 1.9%, other 0.4%, none 5.9%, unspecified 1.4% (2010 est.)","11.5 deaths/1,000 live births (2024 est.)",79.4 years (2024 est.),0.26% (2024 est.),"most of the population is found on the periphery of the island, with a larger concentration in the north around the capital of Castries",,,39.7 years (2024 est.),"-0.6 migrant(s)/1,000 population (2024 est.)",,$2.43 billion (2023 est.)note: data in current dollars at official exchange rate,"$23,400 (2023 est.)$23,000 (2022 est.)$19,100 (2021 est.)note: data in 2021 dollars","forests, sandy beaches, minerals (pumice), mineral springs, geothermal potential",4.90%,"refined petroleum, gravel and crushed stone, beer, liquor, paper containers (2023)note: top five export commodities based on value in dollars","Guyana 20%, Suriname 15%, USA 11%, Barbados 8%, Dominica 7% (2023)note: top five export partners based on percentage share of exports","refined petroleum, crude petroleum, cars, poultry, plastic products (2023)note: top five import commodities based on value in dollars","USA 59%, Guyana 8%, Brazil 7%, China 5%, UK 3% (2023)note: top five import partners based on percentage share of imports"
Saint Vincent and the Grenadines,none,Kingstown,tropical; little seasonal temperature variation; rainy season (May to November),"volcanic, mountainous",84 km,"pollution of coastal waters and shorelines from discharges by pleasure yachts and other effluents; in some areas, pollution is severe enough to make swimming prohibitive; poor land use planning; deforestation; watershed management and squatter settlement control","Biodiversity, Climate Change, Climate Change-Kyoto Protocol, Climate Change-Paris Agreement, Comprehensive Nuclear Test Ban, Desertification, Endangered Species, Environmental Modification, Hazardous Wastes, Law of the Sea, Marine Dumping-London Convention, Ozone Layer Protection, Ship Pollution, Whaling","Caribbean, islands between the Caribbean Sea and North Atlantic Ocean, north of Trinidad and Tobago",Central America and the Caribbean,"twice the size of Washington, DC",parliamentary democracy under a constitutional monarchy; a Commonwealth realm,27 October 1979 (from the UK),"ACP, ACS, AOSIS, C, Caricom, CDB, CELAC, FAO, G-77, IBRD, ICAO, ICCt, ICRM, IDA, IFAD, IFRCS, ILO, IMF, IMO, Interpol, IOC, IOM, ISO (subscriber), ITU, MIGA, NAM, OAS, OECS, OPANAL, OPCW, Petrocaribe, UN, UNCTAD, UNESCO, UNIDO, UPU, WFTU (NGOs), WHO, WIPO, WTO",,"African descent 71.2%, mixed 23%, Indigenous 3%, East Indian/Indian 1.1%, European 1.5%, other 0.2% (2012 est.)","English, Vincentian Creole English, French patois","Protestant 75% (Pentecostal 27.6%, Anglican 13.9%, Seventh Day Adventist 11.6%,  Baptist 8.9%, Methodist 8.7%, Evangelical 3.8%, Salvation Army 0.3%, Presbyterian/Congregational 0.3%), Roman Catholic 6.3%,  Rastafarian 1.1%, Jehovah's Witness 0.8%, other 4.7%, none 7.5%, unspecified 4.7% (2012 est.)","12.3 deaths/1,000 live births (2024 est.)",77.2 years (2024 est.),-0.15% (2024 est.),most of the population is concentrated in and around the capital of Kingstown,,,37.6 years (2024 est.),"-5.8 migrant(s)/1,000 population (2024 est.)",,$1.066 billion (2023 est.)note: data in current dollars at official exchange rate,"$18,300 (2023 est.)$17,200 (2022 est.)$15,900 (2021 est.)note: data in 2021 dollars","hydropower, arable land",12.80%,"ships, wheat flours, animal food, shellfish, construction vehicles (2023)note: top five export commodities based on value in dollars","Croatia 16%, Barbados 14%, USA 10%, St. Lucia 10%, St. Kitts & Nevis 8% (2023)note: top five export partners based on percentage share of exports","ships, refined petroleum, wheat, coal, poultry (2023)note: top five import commodities based on value in dollars","USA 37%, Italy 7%, Trinidad & Tobago 7%, China 6%, UK 6% (2023)note: top five import partners based on percentage share of imports"
Samoa,Independent State of Samoa,Apia,"tropical; rainy season (November to April), dry season (May to October)","two main islands (Savaii, Upolu) and several smaller islands and uninhabited islets; narrow coastal plain with volcanic, rugged mountains in interior",403 km,"soil erosion, deforestation, invasive species, overfishing","Biodiversity, Climate Change, Climate Change-Kyoto Protocol, Climate Change-Paris Agreement, Comprehensive Nuclear Test Ban, Desertification, Endangered Species, Hazardous Wastes, Law of the Sea, Nuclear Test Ban, Ozone Layer Protection, Ship Pollution, Wetlands","Oceania, group of islands in the South Pacific Ocean, about halfway between Hawaii and New Zealand",Oceania,slightly smaller than Rhode Island,parliamentary republic,1 January 1962 (from New Zealand-administered UN trusteeship),"ACP, ADB, AOSIS, C, FAO, G-77, IBRD, ICAO, ICCt, ICRM, IDA, IFAD, IFC, IFRCS, ILO, IMF, IMO, Interpol, IOC, IPU, ITU, ITUC (NGOs), MIGA, OPCW, PIF, Sparteca, SPC, UN, UNCTAD, UNESCO, UNIDO, UPU, WCO, WHO, WIPO, WMO, WTO",,"Samoan 96%, Samoan/New Zealander 2%, other 1.9% (2011 est.)","Samoan (Polynesian) (official) 91.1%, Samoan/English 6.7%, English (official) 0.5%, other 0.2%, unspecified 1.6% (2006 est.)","Protestant 54.9% (Congregationalist 29%, Methodist 12.4%, Assembly of God 6.8%, Seventh Day Adventist 4.4%, other Protestant 2.3%), Roman Catholic 18.8%, Church of Jesus Christ 16.9%, Worship Centre 2.8%, other Christian 3.6%, other 2.9% (includes Baha'i, Muslim), none 0.2% (2016 est.)","17.3 deaths/1,000 live births (2024 est.)",75.7 years (2024 est.),0.65% (2024 est.),about three-quarters of the population lives on the island of Upolu,99%,99.3% (2021),27.4 years (2024 est.),"-6.9 migrant(s)/1,000 population (2024 est.)",,$938.189 million (2023 est.)note: data in current dollars at official exchange rate,"$6,300 (2023 est.)$5,800 (2022 est.)$6,200 (2021 est.)note: data in 2021 dollars","hardwood forests, fish, hydropower",2.80%,"refined petroleum, integrated circuits, coconut oil, fish, insulated wire (2023)note: top five export commodities based on value in dollars","India 26%, NZ 14%, USA 12%, American Samoa 10%, Australia 9% (2023)note: top five export partners based on percentage share of exports","refined petroleum, poultry, cars, plastic products, milk (2023)note: top five import commodities based on value in dollars","NZ 20%, Singapore 19%, China 17%, Australia 10%, Fiji 9% (2023)note: top five import partners based on percentage share of imports"
San Marino,Republic of San Marino,San Marino,"Mediterranean; mild to cool winters; warm, sunny summers",rugged mountains,0 km (landlocked),air pollution; urbanization decreasing rural farmlands; water shortage,"Biodiversity, Climate Change, Climate Change-Kyoto Protocol, Climate Change-Paris Agreement, Comprehensive Nuclear Test Ban, Desertification, Endangered Species, Nuclear Test Ban, Ozone Layer Protection, Whaling","Southern Europe, an enclave in central Italy",Europe,"about one-third the size of Washington, DC",parliamentary republic,3 September 301 (traditional founding date),"CE, FAO, IAEA, IBRD, ICAO, ICC (NGOs), ICCt, ICRM, IDA, IFRCS, ILO, IMF, IMO, Interpol, IOC, IOM (observer), IPU, ITU, ITUC (NGOs), LAIA (observer), OPCW, OSCE, Schengen Convention (de facto member), UN, UNCTAD, UNESCO, Union Latina, UNWTO, UPU, WHO, WIPO",,"Sammarinese, Italian",Italian,Roman Catholic,"6.2 deaths/1,000 live births (2024 est.)",84.2 years (2024 est.),0.57% (2024 est.),,99.90%,99.9% (2018),46.1 years (2024 est.),"5.6 migrant(s)/1,000 population (2024 est.)",,$1.832 billion (2022 est.)note: data in current dollars at official exchange rate,"$70,900 (2022 est.)$64,700 (2021 est.)$56,000 (2020 est.)note: data in 2021 dollars",building stone,16.70%,"washing and bottling machines, other foods, packaged medicine, woodworking machines, aircraft (2023)note: top five export commodities based on value in dollars","Germany 12%, Austria 10%, USA 9%, Romania 8%, Brazil 7% (2023)note: top five export partners based on percentage share of exports","garments, cars, electricity, animal food, footwear (2023)note: top five import commodities based on value in dollars","Germany 24%, Italy 13%, Netherlands 9%, Spain 9%, Poland 8% (2023)note: top five import partners based on percentage share of imports"
Sao Tome and Principe,Democratic Republic of Sao Tome and Principe,Sao Tome,"tropical; hot, humid; one rainy season (October to May)","volcanic, mountainous",209 km,deforestation and illegal logging; soil erosion and exhaustion; inadequate sewage treatment in cities; biodiversity preservation,"Biodiversity, Climate Change, Climate Change-Kyoto Protocol, Climate Change-Paris Agreement, Desertification, Endangered Species, Environmental Modification, Hazardous Wastes, Law of the Sea, Ozone Layer Protection, Ship Pollution, Wetlands, Whaling","Central Africa, islands in the Gulf of Guinea, just north of the Equator, west of Gabon",Africa,"more than five times the size of Washington, DC",semi-presidential republic,12 July 1975 (from Portugal),"ACP, AfDB, AOSIS, AU, CD, CEMAC, CPLP, EITI (candidate country), FAO, G-77, IBRD, ICAO, ICRM, IDA, IFAD, IFC, IFRCS, ILO, IMF, IMO, Interpol, IOC, IOM (observer), IPU, ITU, ITUC (NGOs), MIGA, NAM, OIF, OPCW, PCA, UN, UNCTAD, UNESCO, UNIDO, Union Latina, UNWTO, UPU, WCO, WHO, WIPO, WMO, WTO (observer)",,"Mestico, Angolares (descendants of Angolan slaves), Forros (descendants of freed slaves), Servicais (contract laborers from Angola, Mozambique, and Cabo Verde), Tongas (children of servicais born on the islands), Europeans (primarily Portuguese), Asians (mostly Chinese)","Portuguese 98.4% (official), Forro 36.2%, Cabo Verdian 8.5%, French 6.8%, Angolar 6.6%, English 4.9%, Lunguie 1%, other (including sign language) 2.4%; other Portuguese-based Creoles are also spoken (2012 est.)","Catholic 55.7%, Adventist 4.1%, Assembly of God 3.4%, New Apostolic 2.9%, Mana 2.3%, Universal Kingdom of God 2%, Jehovah's Witness 1.2%, other 6.2%, none 21.2%, unspecified 1% (2012 est.)","42.6 deaths/1,000 live births (2024 est.)",67.7 years (2024 est.),1.42% (2024 est.),"Sao Tome, the capital city, has roughly a quarter of the nation's population; Santo Antonio is the largest town on Principe; the northern areas of both islands have the highest population densities as shown in this population distribution map",96.50%,91.1% (2021),20.8 years (2024 est.),"-6.5 migrant(s)/1,000 population (2024 est.)",,$678.976 million (2023 est.)note: data in current dollars at official exchange rate,"$5,500 (2023 est.)$5,600 (2022 est.)$5,700 (2021 est.)note: data in 2021 dollars","fish, hydropower",9.10%,"crude petroleum, cocoa beans, vehicle parts/accessories, palm oil, aircraft parts (2023)note: top five export commodities based on value in dollars","Pakistan 54%, Germany 11%, Netherlands 7%, France 5%, UAE 3% (2023)note: top five export partners based on percentage share of exports","ships, refined petroleum, rice, electric generating sets, cars (2023)note: top five import commodities based on value in dollars","Portugal 35%, Angola 13%, Gabon 11%, Japan 8%, China 6% (2023)note: top five import partners based on percentage share of imports"
Saudi Arabia,Kingdom of Saudi Arabia,Riyadh,"harsh, dry desert with great temperature extremes",mostly sandy desert,"2,640 km",desertification; depletion of underground water resources; the lack of perennial rivers or permanent water bodies has prompted the development of extensive seawater desalination facilities; coastal pollution from oil spills; air pollution; waste management,"Biodiversity, Climate Change, Climate Change-Kyoto Protocol, Climate Change-Paris Agreement, Desertification, Endangered Species, Hazardous Wastes, Law of the Sea, Marine Dumping-London Protocol, Ozone Layer Protection, Ship Pollution","Middle East, bordering the Persian Gulf and the Red Sea, north of Yemen",Middle East,slightly more than one-fifth the size of the US,absolute monarchy,23 September 1932 (unification of the kingdom),"ABEDA, AfDB (nonregional member), AFESD, AMF, BIS, BRICS, CAEU, CP, FAO, G-20, G-77, GCC, IAEA, IBRD, ICAO, ICC (national committees), ICRM, IDA, IDB, IFAD, IFC, IFRCS, IHO, ILO, IMF, IMO, IMSO, Interpol, IOC, IOM (observer), IPU, ISO, ITSO, ITU, LAS, MIGA, NAM, OAPEC, OAS (observer), OIC, OPCW, OPEC, PCA, UN, UNCTAD, UNESCO, UNIDO, UNOOSA, UNRWA, UNWTO, UPU, WCO, WFTU (NGOs), WHO, WIPO, WMO, WTO",7% of GDP (2023 est.)6% of GDP (2022 est.)6% of GDP (2021 est.)8% of GDP (2020 est.)8.8% of GDP (2019 est.),"Arab 90%, Afro-Asian 10%",Arabic (official),"Muslim (official; citizens are 85-90% Sunni and 10-12% Shia), other (includes Eastern Orthodox, Protestant, Roman Catholic, Jewish, Hindu, Buddhist, and Sikh) (2020 est.)","11.7 deaths/1,000 live births (2024 est.)",77.2 years (2024 est.),1.68% (2024 est.),"historically a population that was mostly nomadic or semi-nomadic, the Saudi population has become more settled since petroleum was discovered in the 1930s; most of the economic activities - and with it the country's population - is concentrated in a wide area across the middle of the peninsula, from Ad Dammam in the east, through Riyadh in the interior, to Mecca-Medina in the west near the Red Sea",98.60%,96% (2020),32.4 years (2024 est.),"6.7 migrant(s)/1,000 population (2024 est.)",,$1.068 trillion (2023 est.)note: data in current dollars at official exchange rate,"$55,100 (2023 est.)$57,400 (2022 est.)$55,800 (2021 est.)note: data in 2021 dollars","petroleum, natural gas, iron ore, gold, copper",1.50%,"crude petroleum, refined petroleum, plastics, alcohols, ships (2023)","China 21%, India 12%, Japan 12%, USA 6%, UAE 4% (2023)","cars, refined petroleum, gold, broadcasting equipment, packaged medicine (2023)","China 21%, UAE 8%, USA 7%, India 6%, Germany 5% (2023)"
Senegal,Republic of Senegal,Dakar,"tropical; hot, humid; rainy season (May to November) has strong southeast winds; dry season (December to April) dominated by hot, dry, harmattan wind","generally low, rolling, plains rising to foothills in southeast",531 km,deforestation; overgrazing; soil erosion; desertification; periodic droughts; seasonal flooding; overfishing; weak environmental protective laws; wildlife populations threatened by poaching,"Biodiversity, Climate Change, Climate Change-Kyoto Protocol, Climate Change-Paris Agreement, Comprehensive Nuclear Test Ban, Desertification, Endangered Species, Hazardous Wastes, Law of the Sea, Marine Life Conservation, Nuclear Test Ban, Ozone Layer Protection, Ship Pollution, Wetlands, Whaling","Western Africa, bordering the North Atlantic Ocean, between Guinea-Bissau and Mauritania",Africa,slightly smaller than South Dakota; slightly larger than twice the size of Indiana,presidential republic,4 April 1960 (from France); note - complete independence achieved upon dissolution of federation with Mali on 20 August 1960,"ACP, AfDB, AU, CD, CPLP (associate), ECOWAS, EITI (candidate country), FAO, FZ, G-15, G-77, IAEA, IBRD, ICAO, ICC (national committees), ICCt, ICRM, IDA, IDB, IFAD, IFC, IFRCS, ILO, IMF, IMO, IMSO, Interpol, IOC, IOM, IPU, ISO, ITSO, ITU, ITUC (NGOs), MIGA, MONUSCO, NAM, OIC, OIF, OPCW, PCA, UN, UNAMID, UNCTAD, UNESCO, UNHCR, UNIDO, UNMIL, UNMISS, UNOCI, UNOOSA, UNWTO, UPU, WADB (regional), WAEMU, WCO, WFTU (NGOs), WHO, WIPO, WMO, WTO",1.5% of GDP (2023 est.)1.6% of GDP (2022 est.)1.7% of GDP (2021 est.)1.5% of GDP (2020 est.)1.5% of GDP (2019 est.),"Wolof 39.7%, Pulaar 27.5%, Sereer 16%, Mandinka 4.9%, Jola 4.2%, Soninke 2.4%, other 5.4% (includes Europeans and persons of Lebanese descent) (2019 est.)","French (official), Wolof, Pulaar, Jola, Mandinka, Serer, Soninke","Muslim 97.2% (most adhere to one of the four main Sufi brotherhoods), Christian 2.7% (mostly Roman Catholic) (2019 est.)","31.1 deaths/1,000 live births (2024 est.)",70.6 years (2024 est.),2.46% (2024 est.),"the population is concentrated in the west, with Dakar anchoring a well-defined core area; approximately 70% of the population is rural as shown in this population distribution map",68.40%,45.4% (2021),19.2 years (2024 est.),"-0.7 migrant(s)/1,000 population (2024 est.)","11,518 (Mauritania) (2023)",$30.848 billion (2023 est.)note: data in current dollars at official exchange rate,"$4,300 (2023 est.)$4,200 (2022 est.)$4,200 (2021 est.)note: data in 2021 dollars","fish, phosphates, iron ore",17.40%,"gold, refined petroleum, phosphoric acid, fish, cement (2023)note: top five export commodities based on value in dollars","Mali 21%, India 12%, Switzerland 11%, China 5%, UAE 4% (2023)note: top five export partners based on percentage share of exports","refined petroleum, crude petroleum, rice, garments, wheat (2023)note: top five import commodities based on value in dollars","China 19%, France 9%, Nigeria 7%, India 7%, Russia 5% (2023)note: top five import partners based on percentage share of imports"
Serbia,Republic of Serbia,Belgrade,"in the north, continental climate (cold winters and hot, humid summers with well-distributed rainfall); in other parts, continental and Mediterranean climate (relatively cold winters with heavy snowfall and hot, dry summers and autumns)","extremely varied; to the north, rich fertile plains; to the east, limestone ranges and basins; to the southeast, ancient mountains and hills",0 km (landlocked),"air pollution around Belgrade and other industrial cities; water pollution from industrial wastes dumped into the Sava which flows into the Danube; inadequate management of domestic, industrial, and hazardous waste","Air Pollution, Air Pollution-Heavy Metals, Air Pollution-Persistent Organic Pollutants, Biodiversity, Climate Change, Climate Change-Kyoto Protocol, Climate Change-Paris Agreement, Comprehensive Nuclear Test Ban, Desertification, Endangered Species, Hazardous Wastes, Law of the Sea, Marine Dumping-London Convention, Marine Life Conservation, Nuclear Test Ban, Ozone Layer Protection, Ship Pollution, Wetlands","Southeastern Europe, between Macedonia and Hungary",Europe,slightly smaller than South Carolina,parliamentary republic,"5 June 2006 (from the State Union of Serbia and Montenegro); notable earlier dates: 1217 (Serbian Kingdom established); 16 April 1346 (Serbian Empire established); 13 July 1878 (Congress of Berlin recognizes Serbian independence); 1 December 1918 (Kingdom of Serbs, Croats, and Slovenes (Yugoslavia) established)","BIS, BSEC, CD, CE, CEI, EAPC, EBRD, EU (candidate country), FAO, G-9, IAEA, IBRD, ICAO, ICC (national committees), ICCt, ICRM, IDA, IFC, IFRCS, IHO, ILO, IMF, IMO, IMSO, Interpol, IOC, IOM, IPU, ISO, ITSO, ITU, ITUC (NGOs), MIGA, MONUSCO, NAM (observer), NSG, OAS (observer), OIF (observer), OPCW, OSCE, PCA, PFP, SELEC, UN, UNCTAD, UNESCO, UNFICYP, UNHCR, UNIDO, UNIFIL, UNMIL, UNOCI, UNTSO, UNWTO, UPU, WCO, WHO, WIPO, WMO, WTO (observer)",2.4% of GDP (2023 est.)2.2% of GDP (2022 est.)2.2% of GDP (2021 est.)2% of GDP (2020 est.)2.2% of GDP (2019 est.),"Serb 83.3%, Hungarian 3.5%, Romani 2.1%, Bosniak 2%, other 5.7%, undeclared or unknown 3.4% (2011 est.)","Serbian (official) 88.1%, Hungarian 3.4%, Bosnian 1.9%, Romani 1.4%, other 3.4%, undeclared or unknown 1.8% (2011 est.)","Orthodox 84.6%, Catholic 5%, Muslim 3.1%, Protestant 1%, atheist 1.1%, other 0.8% (includes agnostics, other Christians, Eastern, Jewish), undeclared or unknown 4.5% (2011 est.)","4.5 deaths/1,000 live births (2024 est.)",75.3 years (2024 est.),-0.61% (2024 est.),"a fairly even distribution throughout most of the country, with urban areas attracting larger and denser populations",99.90%,99.1% (2019),43.9 years (2024 est.),"0 migrant(s)/1,000 population (2024 est.)","17,334 (Croatia), 7,997 (Bosnia and Herzegovina) (mid-year 2022)",$81.343 billion (2023 est.)note: data in current dollars at official exchange rate,"$26,000 (2023 est.)$24,900 (2022 est.)$23,700 (2021 est.)note: data in 2021 dollars","oil, gas, coal, iron ore, copper, zinc, antimony, chromite, gold, silver, magnesium, pyrite, limestone, marble, salt, arable land",37.70%,"insulated wire, electricity, copper ore, plastic products, electric motors (2023)note: top five export commodities based on value in dollars","Germany 15%, Hungary 7%, Bosnia & Herzegovina 5%, Italy 5%, Romania 5% (2023)note: top five export partners based on percentage share of exports","crude petroleum, natural gas, packaged medicine, plastic products, cars (2023)note: top five import commodities based on value in dollars","Germany 12%, China 10%, Italy 7%, Turkey 5%, Hungary 5% (2023)note: top five import partners based on percentage share of imports"
Seychelles,Republic of Seychelles,Victoria,tropical marine; humid; cooler season during southeast monsoon (late May to September); warmer season during northwest monsoon (March to May),"Mahe Group is volcanic with a narrow coastal strip and rocky, hilly interior; others are relatively flat coral atolls, or elevated reefs; sits atop the submarine Mascarene Plateau",491 km,water supply depends on catchments to collect rainwater; water pollution; biodiversity maintainance,"Biodiversity, Climate Change, Climate Change-Kyoto Protocol, Climate Change-Paris Agreement, Comprehensive Nuclear Test Ban, Desertification, Endangered Species, Hazardous Wastes, Law of the Sea, Marine Dumping-London Convention, Nuclear Test Ban, Ozone Layer Protection, Ship Pollution, Wetlands","archipelago in the Indian Ocean, northeast of Madagascar",Africa,"2.5 times the size of Washington, DC",presidential republic,29 June 1976 (from the UK),"ACP, AfDB, AOSIS, AU, C, CD, COMESA, EITI (candidate country), FAO, G-77, IAEA, IBRD, ICAO, ICC (NGOs), ICCt, ICRM, IDA, IFAD, IFC, IFRCS, ILO, IMF, IMO, InOC, Interpol, IOC, IOM, IPU, ISO (correspondent), ITU, MIGA, NAM, OIF, OPCW, SADC, UN, UNCTAD, UNESCO, UNIDO, UNWTO, UPU, WCO, WHO, WIPO, WMO, WTO",1.6% of GDP (2023 est.)1.4% of GDP (2022 est.)1.5% of GDP (2021 est.)1.6% of GDP (2020 est.)1.3% of GDP (2019 est.),"predominantly Creole (mainly of East African and Malagasy heritage); also French, Indian, Chinese, and Arab populations","Seychellois Creole (official) 89.1%, English (official) 5.1%, French (official) 0.7%, other 3.8%, unspecified 1.4% (2010 est.)","Roman Catholic 76.2%, Protestant 10.5% (Anglican 6.1%, Pentecostal Assembly 1.5%, Seventh Day Adventist 1.2%, other Protestant 1.7%), other Christian 2.4%, Hindu 2.4%, Muslim 1.6%, other non-Christian 1.1%, unspecified 4.8%, none 0.9% (2010 est.)","10.2 deaths/1,000 live births (2024 est.)",76.6 years (2024 est.),0.56% (2024 est.),more than three-quarters of the population lives on the main island of Mahe; Praslin contains less than 10%; a smaller percent on La Digue and the outer islands as shown in this population distribution map,95.40%,96.4% (2018),38.7 years (2024 est.),"0.8 migrant(s)/1,000 population (2024 est.)",,$2.141 billion (2023 est.)note: data in current dollars at official exchange rate,"$29,500 (2023 est.)$28,500 (2022 est.)$30,000 (2021 est.)note: data in 2021 dollars","fish, coconuts (copra), cinnamon trees",2.20%,"fish, scrap iron, animal meal, broadcasting equipment, ships (2023)note: top five export commodities based on value in dollars","France 20%, Mauritius 12%, UK 9%, Japan 8%, Italy 8% (2023)note: top five export partners based on percentage share of exports","refined petroleum, fish, ships, cars, plastic products (2023)note: top five import commodities based on value in dollars","UAE 32%, Spain 10%, France 6%, South Africa 6%, India 6% (2023)note: top five import partners based on percentage share of imports"
Sierra Leone,Republic of Sierra Leone,Freetown,"tropical; hot, humid; summer rainy season (May to December); winter dry season (December to April)","coastal belt of mangrove swamps, wooded hill country, upland plateau, mountains in east",402 km,"rapid population growth pressuring the environment; overharvesting of timber, expansion of cattle grazing, and slash-and-burn agriculture have resulted in deforestation, soil exhaustion, and flooding; loss of biodiversity; air pollution; water pollution; overfishing","Biodiversity, Climate Change, Climate Change-Kyoto Protocol, Climate Change-Paris Agreement, Comprehensive Nuclear Test Ban, Desertification, Endangered Species, Hazardous Wastes, Law of the Sea, Marine Dumping-London Convention, Marine Dumping-London Protocol, Marine Life Conservation, Nuclear Test Ban, Ozone Layer Protection, Ship Pollution, Wetlands","Western Africa, bordering the North Atlantic Ocean, between Guinea and Liberia",Africa,slightly smaller than South Carolina,presidential republic,27 April 1961 (from the UK),"ACP, AfDB, ATMIS, AU, C, ECOWAS, EITI (compliant country), FAO, G-77, IAEA, IBRD, ICAO, ICCt, ICRM, IDA, IDB, IFAD, IFC, IFRCS, IHO (pending member), ILO, IMF, IMO, Interpol, IOC, IOM, IPU, ISO (correspondent), ITU, ITUC (NGOs), MIGA, NAM, OIC, OPCW, UN, UNAMID, UNCTAD, UNESCO, UNIDO, UNIFIL, UNISFA, UNOOSA, UNSOM, UNWTO, UPU, WCO, WFTU (NGOs), WHO, WIPO, WMO, WTO",0.6% of GDP (2023 est.)0.6% of GDP (2022 est.)0.3% of GDP (2021 est.)0.3% of GDP (2020 est.)0.3% of GDP (2019 est.),"Temne 35.4%, Mende 30.8%, Limba 8.8%, Kono 4.3%, Korankoh 4%, Fullah 3.8%, Mandingo 2.8%, Loko 2%, Sherbro 1.9%, Creole 1.2% (descendants of freed Jamaican slaves who were settled in the Freetown area in the late-18th century; also known as Krio), other 5% (2019 est.)","English (official, regular use limited to literate minority), Mende (principal vernacular in the south), Temne (principal vernacular in the north), Krio (English-based Creole, spoken by the descendants of freed Jamaican slaves; a first language for 10% of the population but understood by 95%)","Muslim 77.1%, Christian 22.9% (2019 est.)","71.2 deaths/1,000 live births (2024 est.)",59.4 years (2024 est.),2.32% (2024 est.),population clusters are found in the lower elevations of the south and west; the northern third of the country is less populated as shown on this population distribution map,56.30%,41.3% (2022),19.4 years (2024 est.),"1.4 migrant(s)/1,000 population (2024 est.)",,$6.412 billion (2023 est.)note: data in current dollars at official exchange rate,"$3,000 (2023 est.)$2,900 (2022 est.)$2,800 (2021 est.)note: data in 2021 dollars","diamonds, titanium ore, bauxite, iron ore, gold, chromite",23.40%,"iron ore, titanium ore, diamonds, aluminum ore, cocoa beans (2023)note: top five export commodities based on value in dollars","China 67%, India 6%, Belgium 5%, Netherlands 4%, Ireland 3% (2023)note: top five export partners based on percentage share of exports","rice, plastic products, packaged medicine, cement, cars (2023)note: top five import commodities based on value in dollars","China 32%, India 15%, UAE 5%, USA 5%, Turkey 5% (2023)note: top five import partners based on percentage share of imports"
Singapore,Republic of Singapore,Singapore,"tropical; hot, humid, rainy; two distinct monsoon seasons - northeastern monsoon (December to March) and southwestern monsoon (June to September); inter-monsoon - frequent afternoon and early evening thunderstorms","lowlying, gently undulating central plateau",193 km,water pollution; industrial pollution; limited natural freshwater resources; limited land availability presents waste disposal problems; air pollution; deforestation; seasonal smoke/haze resulting from forest fires in Indonesia,"Biodiversity, Climate Change, Climate Change-Kyoto Protocol, Climate Change-Paris Agreement, Comprehensive Nuclear Test Ban, Desertification, Endangered Species, Hazardous Wastes, Law of the Sea, Nuclear Test Ban, Ozone Layer Protection, Ship Pollution","Southeastern Asia, islands between Malaysia and Indonesia",Southeast Asia,"slightly more than 3.5 times the size of Washington, DC",parliamentary republic,9 August 1965 (from Malaysian Federation),"ADB, AOSIS, APEC, Arctic Council (observer), ARF, ASEAN, BIS, C, CP, EAS, FAO, FATF, G-77, IAEA, IBRD, ICAO, ICC (national committees), ICCt, ICRM, IDA, IFC, IFRCS, IHO, ILO, IMF, IMO, IMSO, Interpol, IOC, IPU, ISO, ITSO, ITU, ITUC (NGOs), MIGA, NAM, OPCW, Pacific Alliance (observer), PCA, UN, UNCTAD, UNESCO, UNHCR, UPU, WCO, WHO, WIPO, WMO, WTO",3% of GDP (2024 est.)3% of GDP (2023 est.)3% of GDP (2022 est.)3% of GDP (2021 est.)3% of GDP (2020 est.),"Chinese 74.2%, Malay 13.7%, Indian 8.9%, other 3.2% (2021 est.)","English (official) 48.3%, Mandarin (official) 29.9%, other Chinese dialects (includes Hokkien, Cantonese, Teochew, Hakka) 8.7%, Malay (official) 9.2%, Tamil (official) 2.5%, other 1.4% (2020 est.)","Buddhist 31.1%, Christian 18.9%, Muslim 15.6%, Taoist 8.8%, Hindu 5%, other 0.6%, none 20% (2020 est.)","1.5 deaths/1,000 live births (2024 est.)",86.7 years (2024 est.),0.87% (2024 est.),"most of the urbanization is along the southern coast, with relatively dense population clusters found in the central areas",98.90%,96.1% (2019),39.4 years (2024 est.),"4.2 migrant(s)/1,000 population (2024 est.)",,$501.428 billion (2023 est.)note: data in current dollars at official exchange rate,"$127,500 (2023 est.)$132,500 (2022 est.)$131,900 (2021 est.)note: data in 2021 dollars","fish, deepwater ports",0.90%,"integrated circuits, refined petroleum, machinery, vaccines, gold (2023)note: top five export commodities based on value in dollars","Hong Kong 13%, China 11%, USA 10%, Malaysia 9%, S. Korea 6% (2023)note: top five export partners based on percentage share of exports","integrated circuits, refined petroleum, crude petroleum, gold, gas turbines (2023)note: top five import commodities based on value in dollars","China 15%, Malaysia 11%, Taiwan 11%, USA 10%, S. Korea 6% (2023)note: top five import partners based on percentage share of imports"
Slovakia,Slovak Republic,Bratislava,"temperate; cool summers; cold, cloudy, humid winters",rugged mountains in the central and northern part and lowlands in the south,0 km (landlocked),air pollution and acid rain present human health risks and damage forests; land erosion caused by agricultural and mining practices; water pollution,"Air Pollution, Air Pollution-Heavy Metals, Air Pollution-Multi-effect Protocol, Air Pollution-Nitrogen Oxides, Air Pollution-Persistent Organic Pollutants, Air Pollution-Sulphur 85, Air Pollution-Sulphur 94, Air Pollution-Volatile Organic Compounds, Antarctic Treaty, Biodiversity, Climate Change, Climate Change-Kyoto Protocol, Climate Change-Paris Agreement, Comprehensive Nuclear Test Ban, Desertification, Endangered Species, Environmental Modification, Hazardous Wastes, Law of the Sea, Nuclear Test Ban, Ozone Layer Protection, Ship Pollution, Tropical Timber 2006, Wetlands, Whaling","Central Europe, south of Poland",Europe,about one and a half times the size of Maryland; about twice the size of New Hampshire,parliamentary republic,1 January 1993 (Czechoslovakia split into the Czech Republic and Slovakia),"Australia Group, BIS, BSEC (observer), CBSS (observer), CD, CE, CEI, CERN, EAPC, EBRD, ECB, EIB, EMU, EU, FAO, IAEA, IBRD, ICAO, ICC (national committees), ICRM, IDA, IEA, IFC, IFRCS, ILO, IMF, IMO, IMSO, Interpol, IOC, IOM, IPU, ISO, ITU, ITUC (NGOs), MIGA, NATO, NEA, NSG, OAS (observer), OECD, OIF (observer), OPCW, OSCE, PCA, Schengen Convention, SELEC (observer), UN, UNCTAD, UNESCO, UNFICYP, UNIDO, UNTSO, UNWTO, UPU, Wassenaar Arrangement, WCO, WFTU (NGOs), WHO, WIPO, WMO, WTO, ZC",2% of GDP (2024 est.)2.1% of GDP (2023)1.8% of GDP (2022)1.7% of GDP (2021)1.9% of GDP (2020),"Slovak 83.8%, Hungarian 7.8%, Romani 1.2%, other 1.8% (includes Czech, Ruthenian, Ukrainian, Russian, German, Polish), unspecified 5.4% (2021 est.)","Slovak (official) 81.8%, Hungarian 8.5%, Roma 1.8%, other 2.2%, unspecified 5.7% (2021 est.)","Roman Catholic 55.8%, Evangelical Church of the Augsburg Confession 5.3%, Greek Catholic 4%, Reformed Christian 1.6%, other 3%, none 23.8%, unspecified 6.5% (2021 est.)","5.1 deaths/1,000 live births (2024 est.)",77.2 years (2024 est.),-0.08% (2024 est.),a fairly even distribution throughout most of the country; slightly larger concentration in the west in proximity to the Czech border,,,42.8 years (2024 est.),"0.4 migrant(s)/1,000 population (2024 est.)","117,265 (Ukraine) (as of 14 April 2024)",$132.908 billion (2023 est.)note: data in current dollars at official exchange rate,"$39,300 (2023 est.)$38,700 (2022 est.)$38,400 (2021 est.)note: data in 2021 dollars","lignite, small amounts of iron ore, copper and manganese ore; salt; arable land",28.90%,"cars, vehicle parts/accessories, video displays, broadcasting equipment, refined petroleum (2023)note: top five export commodities based on value in dollars","Germany 20%, Czechia 10%, Hungary 7%, USA 6%, Poland 6% (2023)note: top five export partners based on percentage share of exports","vehicle parts/accessories, broadcasting equipment, cars, plastic products, insulated wire (2023)note: top five import commodities based on value in dollars","Germany 16%, Czechia 14%, Poland 8%, China 7%, Hungary 6% (2023)note: top five import partners based on percentage share of imports"
Slovenia,Republic of Slovenia,Ljubljana,"Mediterranean climate on the coast, continental climate with mild to hot summers and cold winters in the plateaus and valleys to the east",a short southwestern coastal strip of Karst topography on the Adriatic; an alpine mountain region lies adjacent to Italy and Austria in the north; mixed mountains and valleys with numerous rivers to the east,46.6 km,"air pollution from road traffic, domestic heating (wood buring), power generation, and industry; water pollution; biodiversity protection","Air Pollution, Air Pollution-Heavy Metals, Air Pollution-Multi-effect Protocol, Air Pollution-Nitrogen Oxides, Air Pollution-Persistent Organic Pollutants, Air Pollution-Sulphur 94, Antarctic Treaty, Biodiversity, Climate Change, Climate Change-Kyoto Protocol, Climate Change-Paris Agreement, Comprehensive Nuclear Test Ban, Desertification, Endangered Species, Environmental Modification, Hazardous Wastes, Law of the Sea, Marine Dumping-London Convention, Marine Dumping-London Protocol, Nuclear Test Ban, Ozone Layer Protection, Ship Pollution, Tropical Timber 2006, Wetlands, Whaling","south Central Europe, Julian Alps between Austria and Croatia",Europe,slightly smaller than New Jersey,parliamentary republic,25 June 1991 (from Yugoslavia),"Australia Group, BIS, CD, CE, CEI, EAPC, EBRD, ECB, EIB, EMU, ESA (cooperating state), EU, FAO, IADB, IAEA, IBRD, ICAO, ICC (national committees), ICCt, ICRM, IDA, IFC, IFRCS, IHO, ILO, IMF, IMO, Interpol, IOC, IOM, IPU, ISO, ITU, MIGA, NATO, NEA, NSG, OAS (observer), OECD, OIF (observer), OPCW, OSCE, PCA, Schengen Convention, SELEC, UN, UNCTAD, UNESCO, UNHCR, UNIDO, UNIFIL, UNTSO, UNWTO, UPU, Wassenaar Arrangement, WCO, WHO, WIPO, WMO, WTO, ZC",1.3% of GDP (2024 est.)1.3% of GDP (2023)1.3% of GDP (2022)1.2% of GDP (2021)1% of GDP (2020),"Slovene 83.1%, Serb 2%, Croat 1.8%, Bosniak 1.1%, other or unspecified 12% (2002 est.)","Slovene (official) 87.7%, Croatian 2.8%, Serbo-Croatian 1.8%, Bosnian 1.6%, Serbian 1.6%, Hungarian 0.4% (official, only in municipalities where Hungarian nationals reside), Italian 0.2% (official, only in municipalities where Italian nationals reside), other or unspecified 3.9% (2002 est.)","Catholic 69%, Orthodox 4%, Muslim 3%, Christian 1%, other 3%, atheist 14%, non-believer/agnostic 4%, refused to answer 2% (2019 est.)","1.5 deaths/1,000 live births (2024 est.)",82.2 years (2024 est.),-0.1% (2024 est.),"a fairly even distribution throughout most of the country, with urban areas attracting larger and denser populations; pockets in the mountainous northwest exhibit less density than elsewhere",99.70%,99.7% (2015),46.3 years (2024 est.),"1.5 migrant(s)/1,000 population (2024 est.)","11,035 (Ukraine) (as of 1 March 2024)",$69.148 billion (2023 est.)note: data in current dollars at official exchange rate,"$48,200 (2023 est.)$47,400 (2022 est.)$46,300 (2021 est.)note: data in 2021 dollars","lignite, lead, zinc, building stone, hydropower, forests",8.40%,"packaged medicine, cars, refined petroleum, vehicle parts/accessories, plastic products (2023)note: top five export commodities based on value in dollars","Switzerland 22%, Germany 12%, Italy 10%, Croatia 8%, Austria 6% (2023)note: top five export partners based on percentage share of exports","nitrogen compounds, packaged medicine, refined petroleum, cars, vaccines (2023)note: top five import commodities based on value in dollars","Switzerland 17%, China 15%, Germany 11%, Italy 9%, Austria 6% (2023)note: top five import partners based on percentage share of imports"
Solomon Islands,none,Honiara,tropical monsoon; few temperature and weather extremes,mostly rugged mountains with some low coral atolls,"5,313 km","deforestation; soil erosion; many of the surrounding coral reefs are dead or dying, exhibiting the effects of climate change and rising sea levels","Biodiversity, Climate Change, Climate Change-Kyoto Protocol, Climate Change-Paris Agreement, Desertification, Endangered Species, Environmental Modification, Law of the Sea, Marine Dumping-London Convention, Marine Life Conservation, Ozone Layer Protection, Ship Pollution, Whaling","Oceania, group of islands in the South Pacific Ocean, east of Papua New Guinea",Oceania,slightly smaller than Maryland,parliamentary democracy under a constitutional monarchy; a Commonwealth realm,7 July 1978 (from the UK),"ACP, ADB, AOSIS, C, EITI (candidate country), ESCAP, FAO, G-77, IBRD, ICAO, ICRM, IDA, IFAD, IFC, IFRCS, ILO, IMF, IMO, IOC, ITU, MIGA, OPCW, PIF, Sparteca, SPC, UN, UNCTAD, UNESCO, UPU, WFTU, WHO, WMO, WTO",,"Melanesian 95.3%, Polynesian 3.1%, Micronesian 1.2%, other 0.3% (2009 est.)","Melanesian pidgin (lingua franca in much of the country), English (official but spoken by only 1%-2% of the population), 120 indigenous languages","Protestant 73.4% (Church of Melanesia 31.9%, South Sea Evangelical 17.1%, Seventh Day Adventist 11.7%, United Church 10.1%, Christian Fellowship Church 2.5%), Roman Catholic 19.6%, other Christian 2.9%, other 4%, unspecified 0.1% (2009 est.)","19.1 deaths/1,000 live births (2024 est.)",77.2 years (2024 est.),1.65% (2024 est.),"most of the population lives along the coastal regions; about one in five live in urban areas, and of these some two-thirds reside in Honiara, the largest town and chief port",,,25.2 years (2024 est.),"-1.5 migrant(s)/1,000 population (2024 est.)",,$1.633 billion (2023 est.)note: data in current dollars at official exchange rate,"$2,500 (2023 est.)$2,500 (2022 est.)$2,500 (2021 est.)note: data in 2021 dollars","fish, forests, gold, bauxite, phosphates, lead, zinc, nickel",0.70%,"wood, fish, gold, precious metal ore, palm oil (2023)note: top five export commodities based on value in dollars","China 56%, Australia 11%, Italy 10%, Spain 5%, Netherlands 4% (2023)note: top five export partners based on percentage share of exports","refined petroleum, plastic products, fish, broadcasting equipment, iron structures (2023)note: top five import commodities based on value in dollars","China 42%, Singapore 13%, Australia 13%, Taiwan 5%, Malaysia 5% (2023)note: top five import partners based on percentage share of imports"
Somalia,Federal Republic of Somalia,Mogadishu,"principally desert; northeast monsoon (December to February), moderate temperatures in north and hot in south; southwest monsoon (May to October), torrid in the north and hot in the south, irregular rainfall, hot and humid periods (tangambili) between monsoons",mostly flat to undulating plateau rising to hills in north,"3,025 km",water scarcity; contaminated water contributes to human health problems; improper waste disposal; deforestation; land degradation; overgrazing; soil erosion; desertification,"Biodiversity, Climate Change, Climate Change-Kyoto Protocol, Climate Change-Paris Agreement, Desertification, Endangered Species, Hazardous Wastes, Law of the Sea, Ozone Layer Protection","Eastern Africa, bordering the Gulf of Aden and the Indian Ocean, east of Ethiopia",Africa,almost five times the size of Alabama; slightly smaller than Texas,federal parliamentary republic,"1 July 1960 (from a merger of British Somaliland, which became independent from the UK on 26 June 1960, and Italian Somaliland, which became independent from the Italian-administered UN trusteeship on 1 July 1960 to form the Somali Republic)","ACP, AfDB, AFESD, AMF, AU, CAEU (candidate), EAC, FAO, G-77, IBRD, ICAO, ICRM, IDA, IDB, IFAD, IFC, IFRCS, IGAD, ILO, IMF, IMO, Interpol, IOC, IOM, IPU, ITSO, ITU, LAS, NAM, OIC, OPCW, OPCW (signatory), UN, UNCTAD, UNESCO, UNHCR, UNHRC, UNIDO, UPU, WFTU (NGOs), WHO, WIPO, WMO",6% of GDP (2021 est.)6% of GDP (2020 est.)5.6% of GDP (2019 est.)6% of GDP (2018 est.)5.9% of GDP (2017 est.),"predominantly Somali with lesser numbers of Arabs, Bantus, and others","Somali (official), Arabic (official), Italian, English","Muslim 99.9% (Sunni Muslim 98.1%, Shia Muslim 1.2%, Islamic schismatic 0.6%), ethnic religionist 0.1% (2020 est.)","83.6 deaths/1,000 live births (2024 est.)",56.5 years (2024 est.),2.55% (2024 est.),"distribution varies greatly throughout the country; least densely populated areas are in the northeast and central regions, as well as areas along the Kenyan border; most populated areas are in and around the cities of Mogadishu, Marka, Boorama, Hargeysa, and Baidoa as shown on this population distribution map",,,19.1 years (2024 est.),"-0.7 migrant(s)/1,000 population (2024 est.)","23,364 (Ethiopia), 9,969 (Yemen) (2023)",$10.969 billion (2023 est.)note: data in current dollars at official exchange rate,"$1,400 (2023 est.)$1,400 (2022 est.)$1,400 (2021 est.)note: data in 2021 dollars","uranium and largely unexploited reserves of iron ore, tin, gypsum, bauxite, copper, salt, natural gas, likely oil reserves",1.80%,"sheep and goats, gold, postage stamps/documents, other animals, cattle (2023)note: top five export commodities based on value in dollars","UAE 35%, Saudi Arabia 27%, Oman 18%, Djibouti 8%, India 3% (2023)note: top five export partners based on percentage share of exports","raw sugar, tobacco, broadcasting equipment, rice, milk (2023)note: top five import commodities based on value in dollars","UAE 29%, China 19%, India 15%, Turkey 8%, Oman 5% (2023)note: top five import partners based on percentage share of imports"
South Africa,Republic of South Africa,"Pretoria, Cape Town, and Bloemfontein","mostly semiarid; subtropical along east coast; sunny days, cool nights",vast interior plateau rimmed by rugged hills and narrow coastal plain,"2,798 km",lack of important arterial rivers or lakes requires extensive water conservation and control measures; growth in water usage outpacing supply; pollution of rivers from agricultural runoff and urban discharge; air pollution resulting in acid rain; deforestation; soil erosion; land degradation; desertification; solid waste pollution; disruption of fragile ecosystem has resulted in significant floral extinctions,"Antarctic-Environmental Protection, Antarctic-Marine Living Resources, Antarctic Seals, Antarctic Treaty, Biodiversity, Climate Change, Climate Change-Kyoto Protocol, Climate Change-Paris Agreement, Comprehensive Nuclear Test Ban, Desertification, Endangered Species, Hazardous Wastes, Law of the Sea, Marine Dumping-London Convention, Marine Dumping-London Protocol, Marine Life Conservation, Nuclear Test Ban, Ozone Layer Protection, Ship Pollution, Wetlands, Whaling","Southern Africa, at the southern tip of the continent of Africa",Africa,slightly less than twice the size of Texas,parliamentary republic,"31 May 1910 (Union of South Africa formed from four British colonies: Cape Colony, Natal, Transvaal, and Orange Free State); 22 August 1934 (Status of the Union Act); 31 May 1961 (republic declared); 27 April 1994 (majority rule)","ACP, AfDB, AIIB, AU, BIS, BRICS, C, CD, FAO, FATF, G-20, G-24, G-5, G-77, IAEA, IBRD, ICAO, ICC (national committees), ICCt, ICRM, IDA, IFAD, IFC, IFRCS, IHO, ILO, IMF, IMO, IMSO, Interpol, IOC, IOM, IPU, ISO, ITSO, ITU, ITUC (NGOs), MIGA, MONUSCO, NAM, NSG, OECD (enhanced engagement), OPCW, Paris Club (associate), PCA, SACU, SADC, UN, UNAMID, UNCTAD, UNESCO, UNHCR, UNIDO, UNISFA, UNITAR, UNOOSA, UNWTO, UPU, Wassenaar Arrangement, WCO, WFTU (NGOs), WHO, WIPO, WMO, WTO, ZC",0.7% of GDP (2023 est.)0.8% of GDP (2022 est.)0.9% of GDP (2021 est.)1.1% of GDP (2020 est.)1% of GDP (2019 est.),"Black African 80.9%, Colored 8.8%, White 7.8%, Indian/Asian 2.6%  (2021 est.)","isiZulu or Zulu (official) 25.3%, isiXhosa or Xhosa (official) 14.8%, Afrikaans (official) 12.2%, Sepedi or Pedi (official) 10.1%, Setswana or Tswana (official) 9.1%, English (official) 8.1%, Sesotho or Sotho (official) 7.9%, Xitsonga or Tsonga (official) 3.6%, siSwati or Swati (official) 2.8%, Tshivenda or Venda (official) 2.5%, isiNdebele or Ndebele (official) 1.6%, other (includes South African sign language (official) and Khoi or Khoisan or Khoe languages) 2% (2018 est.)","Christian 86%, ancestral, tribal, animist, or other traditional African religions 5.4%, Muslim 1.9%, other 1.5%, nothing in particular 5.2% (2015 est.)","21.9 deaths/1,000 live births (2024 est.)",71.9 years (2024 est.),1.07% (2024 est.),"the population concentrated along the southern and southeastern coast, and inland around Pretoria; the eastern half of the country is more densely populated than the west as shown in this population distribution map",95.50%,94.5% (2019),30.4 years (2024 est.),"-0.2 migrant(s)/1,000 population (2024 est.)","22,388 (Somalia), 15,240 (Ethiopia) (mid-year 2022); 42,132 (Democratic Republic of the Congo) (refugees and asylum seekers) (2024)",$380.699 billion (2023 est.)note: data in current dollars at official exchange rate,"$13,700 (2023 est.)$13,800 (2022 est.)$13,700 (2021 est.)note: data in 2021 dollars","gold, chromium, antimony, coal, iron ore, manganese, nickel, phosphates, tin, rare earth elements, uranium, gem diamonds, platinum, copper, vanadium, salt, natural gas",9.90%,"gold, platinum, coal, cars, iron ore (2023)note: top five export commodities based on value in dollars","China 19%, USA 8%, Germany 7%, India 7%, UK 6% (2023)note: top five export partners based on percentage share of exports","refined petroleum, crude petroleum, gold, cars, broadcasting equipment (2023)note: top five import commodities based on value in dollars","China 21%, India 7%, USA 7%, Germany 6%, UAE 4% (2023)note: top five import partners based on percentage share of imports"
South Korea,Republic of Korea,Seoul,"temperate, with rainfall heavier in summer than winter; cold winters",mostly hills and mountains; wide coastal plains in west and south,"2,413 km",air pollution in large cities; acid rain; water pollution from the discharge of sewage and industrial effluents; drift net fishing; solid waste disposal; transboundary air pollution from China,"Antarctic-Environmental Protection, Antarctic-Marine Living Resources, Antarctic Treaty, Biodiversity, Climate Change, Climate Change-Kyoto Protocol, Climate Change-Paris Agreement, Comprehensive Nuclear Test Ban, Desertification, Endangered Species, Environmental Modification, Hazardous Wastes, Law of the Sea, Marine Dumping-London Convention, Marine Dumping-London Protocol, Nuclear Test Ban, Ozone Layer Protection, Ship Pollution, Tropical Timber 2006, Wetlands, Whaling","Eastern Asia, southern half of the Korean Peninsula bordering the Sea of Japan and the Yellow Sea",Asia,slightly smaller than Pennsylvania; slightly larger than Indiana,presidential republic,15 August 1945 (from Japan),"ADB, AfDB (nonregional member), APEC, Arctic Council (observer), ARF, ASEAN (dialogue partner), Australia Group, BIS, CABEI, CD, CICA, CP, EAS, EBRD, FAO, FATF, G-20, IADB, IAEA, IBRD, ICAO, ICC (national committees), ICCt, ICRM, IDA, IEA, IFAD, IFC, IFRCS, IHO, ILO, IMF, IMO, IMSO, Interpol, IOC, IOM, IPU, ISO, ITSO, ITU, ITUC (NGOs), LAIA (observer), MIGA, MINURSO, MINUSTAH, NEA, NSG, OAS (observer), OECD, OPCW, OSCE (partner), Pacific Alliance (observer), Paris Club (associate), PCA, PIF (partner), SAARC (observer), SICA (observer), UN, UNAMID, UNCTAD, UNESCO, UNHCR, UNHRC, UNIDO, UNIFIL, UNISFA, UNMIL, UNMISS, UNMOGIP, UNOCI, UNOOSA, UNWTO, UPU, Wassenaar Arrangement, WCO, WHO, WIPO, WMO, WTO, ZC",2.7% of GDP (2023 est.)2.6% of GDP (2022)2.6% of GDP (2021)2.6% of GDP (2020)2.7% of GDP (2019),homogeneous,"Korean, English ","Protestant 17%, Buddhist 16%, Catholic 6%, none 60% (2021 est.)","2.8 deaths/1,000 live births (2024 est.)",83.4 years (2024 est.),0.21% (2024 est.),"with approximately 70% of the country considered mountainous, the country's population is primarily concentrated in the lowland areas, where density is quite high; Gyeonggi Province in the northwest, which surrounds the capital of Seoul and contains the port of Incheon, is the most densely populated province; Gangwon in the northeast is the least populated",99.2% NA,98.4% NA,45.5 years (2024 est.),"2.6 migrant(s)/1,000 population (2024 est.)",,$1.713 trillion (2023 est.)note: data in current dollars at official exchange rate,"$50,600 (2023 est.)$49,900 (2022 est.)$48,600 (2021 est.)note: data in 2021 dollars","coal, tungsten, graphite, molybdenum, lead, hydropower potential",15.30%,"integrated circuits, cars, refined petroleum, plastics, machine parts (2023)note: top five export commodities based on value in dollars","China 25%, USA 18%, Hong Kong 4%, Japan 4%, Taiwan 4% (2023)note: top five export partners based on percentage share of exports","integrated circuits, natural gas, crude petroleum, machinery, cars (2023)note: top five import commodities based on value in dollars","China 31%, USA 13%, Japan 9%, Germany 5%, Australia 4% (2023)note: top five import partners based on percentage share of imports"
South Sudan,Republic of South Sudan,Juba,hot with seasonal rainfall influenced by the annual shift of the Inter-Tropical Convergence Zone; rainfall heaviest in upland areas of the south and diminishes to the north,"plains in the north and center rise to southern highlands along the border with Uganda and Kenya; the White Nile, flowing north out of the uplands of Central Africa, is the major geographic feature of the country; The Sudd (a name derived from floating vegetation that hinders navigation) is a large swampy area of more than 100,000 sq km fed by the waters of the White Nile that dominates the center of the country",0 km (landlocked),water pollution; inadequate supplies of potable water; wildlife conservation and loss of biodiversity; deforestation; soil erosion; desertification; periodic drought,"Biodiversity, Climate Change, Climate Change-Paris Agreement, Desertification, Ozone Layer Protection, Wetlands","East-Central Africa; south of Sudan, north of Uganda and Kenya, west of Ethiopia",Africa,more than four times the size of Georgia; slightly smaller than Texas,presidential republic,9 July 2011 (from Sudan),"AU, EAC, FAO, G-77, IBRD, ICAO, IDA, IFAD, IFC, IFRCS, IGAD, ILO, IMF, Interpol, IOM, IPU, ITU, MIGA, UN, UNCTAD, UNESCO, UPU, WCO, WHO, WMO",2.5% of GDP (2022 est.)2% of GDP (2021 est.)2% of GDP (2020 est.)3.1% of GDP (2019 est.)3.2% of GDP (2018 est.),"Dinka (Jieng) approximately 35-40%, Nuer (Naath) approximately 15%, Shilluk (Chollo), Azande, Bari, Kakwa, Kuku, Murle, Mandari, Didinga, Ndogo, Bviri, Lndi, Anuak, Bongo, Lango, Dungotona, Acholi, Baka, Fertit (2011 est.)","English (official), Arabic (includes Juba and Sudanese variants), ethnic languages include Dinka, Nuer, Bari, Zande, Shilluk","Christian 60.5%, folk religion 32.9%, Muslim 6.2%, other <1%, unaffiliated <1% (2020 est.)","60.1 deaths/1,000 live births (2024 est.)",60.3 years (2024 est.),4.65% (2024 est.),"clusters found in urban areas, particularly in the western interior and around the White Nile as shown in this population distribution map",40.30%,28.9% (2018),18.7 years (2024 est.),"19.1 migrant(s)/1,000 population (2024 est.)","564,738 (Sudan) (refugees since 15 April 2023), 13,833 (Democratic Republic of the Congo) (2024)",$11.998 billion (2015 est.)note: data in current dollars at official exchange rate,"$1,600 (2017 est.)$1,700 (2016 est.)$2,100 (2015 est.)","hydropower, fertile agricultural land, gold, diamonds, petroleum, hardwoods, limestone, iron ore, copper, chromium ore, zinc, tungsten, mica, silver",4.40%,"crude petroleum, refined petroleum, forage crops, gold, scrap iron (2023)note: top five export commodities based on value in dollars","China 51%, Singapore 29%, UAE 10%, Germany 4%, Uganda 3% (2023)note: top five export partners based on percentage share of exports","garments, cement, other foods, iron bars, cereal flours (2023)note: top five import commodities based on value in dollars","Uganda 33%, UAE 26%, Kenya 14%, China 10%, USA 3% (2023)note: top five import partners based on percentage share of imports"
Spain,Kingdom of Spain,Madrid,"temperate; clear, hot summers in interior, more moderate and cloudy along coast; cloudy, cold winters in interior, partly cloudy and cool along coast","large, flat to dissected plateau surrounded by rugged hills; Pyrenees Mountains in north","4,964 km",pollution of the Mediterranean Sea from raw sewage and effluents from the offshore production of oil and gas and drought are negatively impacting water quality and quantity nationwide; air pollution; deforestation; desertification,"Air Pollution, Air Pollution-Heavy Metals, Air Pollution-Multi-effect Protocol, Air Pollution-Nitrogen Oxides, Air Pollution-Persistent Organic Pollutants, Air Pollution-Sulphur 94, Air Pollution-Volatile Organic Compounds, Antarctic-Environmental Protection, Antarctic-Marine Living Resources, Antarctic Treaty, Biodiversity, Climate Change, Climate Change-Kyoto Protocol, Climate Change-Paris Agreement, Comprehensive Nuclear Test Ban, Desertification, Endangered Species, Environmental Modification, Hazardous Wastes, Law of the Sea, Marine Dumping-London Convention, Marine Dumping-London Protocol, Marine Life Conservation, Nuclear Test Ban, Ozone Layer Protection, Ship Pollution, Tropical Timber 2006, Wetlands, Whaling","Southwestern Europe, bordering the Mediterranean Sea, North Atlantic Ocean, Bay of Biscay, and Pyrenees Mountains; southwest of France",Europe,almost five times the size of Kentucky; slightly more than twice the size of Oregon,parliamentary constitutional monarchy,"1492; the Iberian peninsula was characterized by a variety of independent kingdoms prior to the Muslim occupation that began in the early 8th century A.D. and lasted nearly seven centuries; the small Christian redoubts of the north began the reconquest almost immediately, culminating in the seizure of Granada in 1492; this event completed the unification of several kingdoms and is traditionally considered the forging of present-day Spain","ADB (nonregional member), AfDB (nonregional member), Arctic Council (observer), Australia Group, BCIE, BIS, CABEI, CAN (observer), CBSS (observer), CD, CE, CERN, EAPC, EBRD, ECB, EIB, EITI (implementing country), EMU, ESA, EU, FAO, FATF, IADB, IAEA, IBRD, ICAO, ICC (national committees), ICCt, ICRM, IDA, IEA, IFAD, IFC, IFRCS, IHO, ILO, IMF, IMO, IMSO, Interpol, IOC, IOM, IPU, ISO, ITSO, ITU, ITUC (NGOs), LAIA (observer), MIGA, NATO, NEA, NSG, OAS (observer), OECD, OPCW, OSCE, Pacific Alliance (observer), Paris Club, PCA, PIF (partner), Schengen Convention, SELEC (observer), SICA (observer), UN, UNCTAD, UNESCO, UNHCR, UNIDO, UNIFIL, Union Latina, UNOCI, UNOOSA, UNRWA, UNWTO, UPU, Wassenaar Arrangement, WCO, WHO, WIPO, WMO, WTO, ZC",1.3% of GDP (2024 est.)1.2% of GDP (2023)1.2% of GDP (2022)1% of GDP (2021)1% of GDP (2020),"Spanish 84.8%, Moroccan 1.7%, Romanian 1.2%, other 12.3% (2021 est.)","Castilian Spanish (official) 74%, Catalan (official in Catalonia, the Balearic Islands, and the Valencian Community) 17%, Galician (official in Galicia) 7%, Basque (official in the Basque Country and Navarre) 2%, Aranese (official in part of Catalonia) <5,000 speakers","Roman Catholic 58.2%, atheist 16.2%, agnostic 10.8%, other 2.7%, non-believer 10.5%, unspecified 1.7% (2021 est.)","2.4 deaths/1,000 live births (2024 est.)",83 years (2024 est.),0.12% (2024 est.),"with the notable exception of Madrid, Sevilla, and Zaragoza, the largest urban agglomerations are found along the Mediterranean and Atlantic coasts; numerous smaller cities are spread throughout the interior reflecting Spain's agrarian heritage; very dense settlement around the capital of Madrid, as well as the port city of Barcelona",99%,98.2% (2020),46.8 years (2024 est.),"4.1 migrant(s)/1,000 population (2024 est.)","14,994 (Syria) (mid-year 2022); 438,400 (Venezuela) (economic and political crisis; includes Venezuelans who have claimed asylum, are recognized as refugees, or have received alternative legal stay) (2022); 192,390 (Ukraine) (as of 29 February 2024)",$1.62 trillion (2023 est.)note: data in current dollars at official exchange rate,"$47,100 (2023 est.)$46,500 (2022 est.)$44,100 (2021 est.)note: data in 2021 dollars","coal, lignite, iron ore, copper, lead, zinc, uranium, tungsten, mercury, pyrites, magnesite, fluorspar, gypsum, sepiolite, kaolin, potash, hydropower, arable land",24.90%,"cars, packaged medicine, refined petroleum, vehicle parts/accessories, garments (2023)note: top five export commodities based on value in dollars","France 15%, Germany 10%, Portugal 9%, Italy 9%, UK 6% (2023)note: top five export partners based on percentage share of exports","crude petroleum, cars, garments, vehicle parts/accessories, natural gas (2023)note: top five import commodities based on value in dollars","Germany 11%, China 10%, France 10%, Italy 7%, USA 7% (2023)note: top five import partners based on percentage share of imports"
Sri Lanka,Democratic Socialist Republic of Sri Lanka,Colombo and Sri Jayawardenepura Kotte,tropical monsoon; northeast monsoon (December to March); southwest monsoon (June to October),"mostly low, flat to rolling plain; mountains in south-central interior","1,340 km",deforestation; soil erosion; wildlife populations threatened by poaching and urbanization; coastal degradation from mining activities and increased pollution; coral reef destruction; freshwater resources being polluted by industrial wastes and sewage runoff; waste disposal; air pollution in Colombo,"Biodiversity, Climate Change, Climate Change-Kyoto Protocol, Climate Change-Paris Agreement, Desertification, Endangered Species, Environmental Modification, Hazardous Wastes, Law of the Sea, Nuclear Test Ban, Ozone Layer Protection, Ship Pollution, Wetlands","Southern Asia, island in the Indian Ocean, south of India",Asia,slightly larger than West Virginia,presidential republic,4 February 1948 (from the UK),"ABEDA, ADB, ARF, BIMSTEC, C, CD, CICA (observer), CP, FAO, G-11, G-15, G-24, G-77, IAEA, IBRD, ICAO, ICC (national committees), ICRM, IDA, IFAD, IFC, IFRCS, IHO, ILO, IMF, IMO, IMSO, Interpol, IOC, IOM, IPU, ISO, ITSO, ITU, ITUC (NGOs), MIGA, MINURSO, MINUSTAH, MONUSCO, NAM, OAS (observer), OPCW, PCA, SAARC, SACEP, SCO (dialogue member), UN, UNCTAD, UNESCO, UNIDO, UNIFIL, UNISFA, UNMISS, UNWTO, UPU, WCO, WFTU (NGOs), WHO, WIPO, WMO, WTO",1.6% of GDP (2023 est.)1.7% of GDP (2022 est.)1.9% of GDP (2021 est.)2% of GDP (2020 est.)2% of GDP (2019 est.),"Sinhalese 74.9%, Sri Lankan Tamil 11.2%, Sri Lankan Moors 9.2%, Indian Tamil 4.2%, other 0.5% (2012 est.)","Sinhala (official) 87%, Tamil (official) 28.5%, English 23.8% (2012 est.)","Buddhist (official) 70.2%, Hindu 12.6%, Muslim 9.7%, Roman Catholic 6.1%, other Christian 1.3%, other 0.05% (2012 est.)","6.8 deaths/1,000 live births (2024 est.)",76.8 years (2024 est.),0.39% (2024 est.),"the population is primarily concentrated within a broad wet zone in the southwest, urban centers along the eastern coast, and on the Jaffna Peninsula in the north",93%,91.6% (2019),34.1 years (2024 est.),"-3 migrant(s)/1,000 population (2024 est.)",,$84.357 billion (2023 est.)note: data in current dollars at official exchange rate,"$13,000 (2023 est.)$13,200 (2022 est.)$14,300 (2021 est.)note: data in 2021 dollars","limestone, graphite, mineral sands, gems, phosphates, clay, hydropower, arable land",20.70%,"garments, tea, precious stones, used rubber tires, rubber products (2023)note: top five export commodities based on value in dollars","USA 22%, India 7%, Germany 7%, UK 7%, Italy 5% (2023)note: top five export partners based on percentage share of exports","refined petroleum, fabric, crude petroleum, packaged medicine, cotton fabric (2023)note: top five import commodities based on value in dollars","India 21%, China 19%, UAE 10%, Singapore 5%, Malaysia 4% (2023)note: top five import partners based on percentage share of imports"
Sudan,Republic of the Sudan,Khartoum,hot and dry; arid desert; rainy season varies by region (April to November),"generally flat, featureless plain; desert dominates the north",853 km,water pollution; inadequate supplies of potable water; water scarcity and periodic drought; wildlife populations threatened by excessive hunting; soil erosion; desertification; deforestation; loss of biodiversity,"Biodiversity, Climate Change, Climate Change-Kyoto Protocol, Climate Change-Paris Agreement, Comprehensive Nuclear Test Ban, Desertification, Endangered Species, Hazardous Wastes, Law of the Sea, Nuclear Test Ban, Ozone Layer Protection, Wetlands","north-eastern Africa, bordering the Red Sea, between Egypt and Eritrea",Africa,slightly less than one-fifth the size of the US,presidential republic,1 January 1956 (from Egypt and the UK),"ABEDA, ACP, AfDB, AFESD, AMF, AU (suspended), CAEU, COMESA, FAO, G-77, IAEA, IBRD, ICAO, ICC (NGOs), ICRM, IDA, IDB, IFAD, IFC, IFRCS, IGAD, ILO, IMF, IMO, Interpol, IOC, IOM, IPU, ISO, ITSO, ITU, LAS, MIGA, NAM, OIC, OPCW, PCA, UN, UNCTAD, UNESCO, UNHCR, UNHRC, UNIDO, UNOOSA, UNWTO, UPU, WCO, WFTU (NGOs), WHO, WIPO, WMO, WTO (observer)",1% of GDP (2021 est.)1% of GDP (2020 est.)2.4% of GDP (2019 est.)2% of GDP (2018 est.)3.6% of GDP (2017 est.),"Sudanese Arab (approximately 70%), Fur, Beja, Nuba, Ingessana, Uduk, Fallata, Masalit, Dajo, Gimir, Tunjur, Berti; there are over 500 ethnic groups","Arabic (official), English (official), Nubian, Ta Bedawie, Fur","Sunni Muslim, small Christian minority","40.6 deaths/1,000 live births (2024 est.)",67.8 years (2024 est.),2.55% (2024 est.),"with the exception of a ribbon of settlement that corresponds to the banks of the Nile, northern Sudan, which extends into the dry Sahara, is sparsely populated; more abundant vegetation and broader access to water increases population distribution in the south extending habitable range along nearly the entire border with South Sudan; sizeable areas of population are found around Khartoum, southeast between the Blue and White Nile Rivers, and throughout South Darfur as shown on this population distribution map",65.40%,56.1% (2018),19.3 years (2024 est.),"-1.6 migrant(s)/1,000 population (2024 est.)","696,246 (South Sudan) (refugees and asylum seekers), 137,402 (Eritrea) (refugees and asylum seekers), 93,477 (Syria) (refugees and asylum seekers), 72,334 (Ethiopia) (refugees and asylum seekers), 18,279 (Central African Republic) (2023)",$109.266 billion (2023 est.)note: data in current dollars at official exchange rate,"$2,500 (2023 est.)$3,100 (2022 est.)$3,200 (2021 est.)note: data in 2021 dollars","petroleum; small reserves of iron ore, copper, chromium ore, zinc, tungsten, mica, silver, gold; hydropower",15.70%,"crude petroleum, gold, oil seeds, sheep and goats, ground nuts (2023)note: top five export commodities based on value in dollars","UAE 21%, China 17%, Saudi Arabia 16%, Malaysia 9%, Egypt 8% (2023)note: top five export partners based on percentage share of exports","raw sugar, wheat flours, refined petroleum, garments, packaged medicine (2023)note: top five import commodities based on value in dollars","China 21%, India 19%, Egypt 16%, UAE 14%, Saudi Arabia 7% (2023)note: top five import partners based on percentage share of imports"
Suriname,Republic of Suriname,Paramaribo,tropical; moderated by trade winds,mostly rolling hills; narrow coastal plain with swamps,386 km,deforestation as timber is cut for export; pollution of inland waterways by small-scale mining activities,"Biodiversity, Climate Change, Climate Change-Kyoto Protocol, Climate Change-Paris Agreement, Comprehensive Nuclear Test Ban, Desertification, Endangered Species, Hazardous Wastes, Law of the Sea, Marine Dumping-London Convention, Marine Dumping-London Protocol, Nuclear Test Ban, Ozone Layer Protection, Ship Pollution, Tropical Timber 2006, Wetlands, Whaling","Northern South America, bordering the North Atlantic Ocean, between French Guiana and Guyana",South America,slightly larger than Georgia,presidential republic,25 November 1975 (from the Netherlands),"ACP, ACS, AOSIS, Caricom, CD, CDB, CELAC, FAO, G-77, IADB, IBRD, ICAO, ICCt, ICRM, IDA, IDB, IFAD, IFC, IFRCS, IHO, ILO, IMF, IMO, Interpol, IOC, IOM, IPU, ISO (correspondent), ITU, ITUC (NGOs), LAES, MIGA, NAM, OAS, OIC, OPANAL, OPCW, PCA, Petrocaribe, UN, UNASUR, UNCTAD, UNESCO, UNIDO, UPU, WHO, WIPO, WMO, WTO",1.2% of GDP (2019 est.)1.1% of GDP (2018 est.)1.1% of GDP (2017 est.)1.2% of GDP (2016 est.)1.4% of GDP (2015 est.),"Hindustani (also known locally as ""East Indians""; their ancestors emigrated from northern India in the latter part of the 19th century) 27.4%, Maroon (their African ancestors were brought to the country in the 17th and 18th centuries as slaves and escaped to the interior) 21.7%, Creole (mixed White and Black) 15.7%, Javanese 13.7%, mixed 13.4%, other 7.6%, unspecified 0.6% (2012 est.)","Dutch (official), English (widely spoken), Sranang Tongo (Surinamese, sometimes called Taki-Taki, is the native language of Creoles and much of the younger population), Caribbean Hindustani (a dialect of Hindi), Javanese","Protestant 23.6% (includes Evangelical 11.2%, Moravian 11.2%, Reformed 0.7%, Lutheran 0.5%), Hindu 22.3%, Roman Catholic 21.6%, Muslim 13.8%, other Christian 3.2%, Winti 1.8%, Jehovah's Witness 1.2%, other 1.7%, none 7.5%, unspecified 3.2% (2012 est.)","29.6 deaths/1,000 live births (2024 est.)",72.7 years (2024 est.),1.07% (2024 est.),population concentrated along the nothern coastal strip; the remainder of the country is sparsely populated,96.50%,93.4% (2021),32 years (2024 est.),"2.5 migrant(s)/1,000 population (2024 est.)",,$3.455 billion (2023 est.)note: data in current dollars at official exchange rate,"$19,000 (2023 est.)$18,700 (2022 est.)$18,500 (2021 est.)note: data in 2021 dollars","timber, hydropower, fish, kaolin, shrimp, bauxite, gold, and small amounts of nickel, copper, platinum, iron ore",0.40%,"gold, fish, refined petroleum, wood, tobacco (2023)note: top five export commodities based on value in dollars","Switzerland 49%, UAE 28%, Guyana 5%, USA 4%, France 3% (2023)note: top five export partners based on percentage share of exports","refined petroleum, ships, excavation machinery, trucks, tobacco (2023)note: top five import commodities based on value in dollars","USA 22%, China 12%, Netherlands 11%, Trinidad & Tobago 9%, Guyana 8% (2023)note: top five import partners based on percentage share of imports"
Sweden,Kingdom of Sweden,Stockholm,"temperate in south with cold, cloudy winters and cool, partly cloudy summers; subarctic in north",mostly flat or gently rolling lowlands; mountains in west,"3,218 km",marine pollution (Baltic Sea and North Sea); acid rain damage to soils and lakes; air pollution; inappropriate timber harvesting practices,"Air Pollution, Air Pollution-Heavy Metals, Air Pollution-Multi-effect Protocol, Air Pollution-Nitrogen Oxides, Air Pollution-Persistent Organic Pollutants, Air Pollution-Sulphur 85, Air Pollution-Sulphur 94, Air Pollution-Volatile Organic Compounds, Antarctic-Environmental Protection, Antarctic-Marine Living Resources, Antarctic Treaty, Biodiversity, Climate Change, Climate Change-Kyoto Protocol, Climate Change-Paris Agreement, Comprehensive Nuclear Test Ban, Desertification, Endangered Species, Environmental Modification, Hazardous Wastes, Law of the Sea, Marine Dumping-London Convention, Marine Dumping-London Protocol, Nuclear Test Ban, Ozone Layer Protection, Ship Pollution, Tropical Timber 2006, Wetlands, Whaling","Northern Europe, bordering the Baltic Sea, Gulf of Bothnia, Kattegat, and Skagerrak, between Finland and Norway",Europe,almost three times the size of Georgia; slightly larger than California,parliamentary constitutional monarchy,"6 June 1523 (Gustav VASA elected king of Sweden, marking the abolishment of the Kalmar Union between Denmark, Norway, and Sweden)","ADB (nonregional member), AfDB (nonregional member), Arctic Council, Australia Group, BIS, CBSS, CD, CE, CERN, EAPC, EBRD, ECB, EIB, EITI (implementing country), EMU, ESA, EU, FAO, FATF, G-9, G-10, IADB, IAEA, IBRD, ICAO, ICC (national committees), ICCt, ICRM, IDA, IEA, IFAD, IFC, IFRCS, IGAD (partners), IHO, ILO, IMF, IMO, IMSO, Interpol, IOC, IOM, IPU, ISO, ITSO, ITU, ITUC (NGOs), MIGA, MONUSCO, NATO, NC, NEA, NIB, NSG, OAS (observer), OECD, OPCW, OSCE, Paris Club, PCA, PFP, Schengen Convention, UN, UNCTAD, UNESCO, UNHCR, UNIDO, UNMISS, UNMOGIP, UNOOSA, UNRWA, UN Security Council (temporary), UNSOM, UNTSO, UPU, Wassenaar Arrangement, WCO, WFTU (NGOs), WHO, WIPO, WMO, WTO, ZC",2.1% of GDP (2024 est.)1.7% of GDP (2023)1.3% of GDP (2022)1.3% of GDP (2021)1.2% of GDP (2020),"Swedish 79.6%, Syrian 1.9%, Iraqi 1.4%, Finnish 1.3%, other 15.8% (2022 est.)",Swedish (official),"Church of Sweden (Lutheran) 53.9%, other (includes Roman Catholic, Orthodox, Baptist, Muslim, Jewish, and Buddhist) 8.9%, none or unspecified 37.2% (2021 est.)","2.3 deaths/1,000 live births (2024 est.)",82.9 years (2024 est.),0.51% (2024 est.),most Swedes live in the south where the climate is milder and there is better connectivity to mainland Europe; population clusters are found all along the Baltic coast in the east; the interior areas of the north remain sparsely populated,,,41.1 years (2024 est.),"4 migrant(s)/1,000 population (2024 est.)","113,213 (Syria), 26,857 (Afghanistan), 25,849 (Eritrea), 10,464 (Iraq), 9,315 (Somalia), 7,146 (Iran) (mid-year 2022); 43,710 (Ukraine) (as of 28 February 2024)",$584.96 billion (2023 est.)note: data in current dollars at official exchange rate,"$63,100 (2023 est.)$63,600 (2022 est.)$63,100 (2021 est.)note: data in 2021 dollars","iron ore, copper, lead, zinc, gold, silver, tungsten, uranium, arsenic, feldspar, timber, hydropower",6.40%,"cars, refined petroleum, packaged medicine, paper, vehicle parts/accessories (2023)note: top five export commodities based on value in dollars","Germany 10%, USA 10%, Denmark 8%, Norway 6%, Netherlands 5% (2023)note: top five export partners based on percentage share of exports","cars, crude petroleum, refined petroleum, vehicle parts/accessories, garments (2023)note: top five import commodities based on value in dollars","Germany 17%, Netherlands 10%, Norway 9%, Denmark 6%, China 6% (2023)note: top five import partners based on percentage share of imports"
Switzerland,Swiss Confederation,Bern,"temperate, but varies with altitude; cold, cloudy, rainy/snowy winters; cool to warm, cloudy, humid summers with occasional showers","mostly mountains (Alps in south, Jura in northwest) with a central plateau of rolling hills, plains, and large lakes",0 km (landlocked),air pollution from vehicle emissions; water pollution from agricultural fertilizers; chemical contaminants and erosion damage the soil and limit productivity; loss of biodiversity,"Air Pollution, Air Pollution-Heavy Metals, Air Pollution-Multi-effect Protocol, Air Pollution-Nitrogen Oxides, Air Pollution-Persistent Organic Pollutants, Air Pollution-Sulphur 85, Air Pollution-Sulphur 94, Air Pollution-Volatile Organic Compounds, Antarctic-Environmental Protection, Antarctic Treaty, Biodiversity, Climate Change, Climate Change-Kyoto Protocol, Climate Change-Paris Agreement, Comprehensive Nuclear Test Ban, Desertification, Endangered Species, Environmental Modification, Hazardous Wastes, Law of the Sea, Marine Dumping-London Convention, Marine Dumping-London Protocol, Marine Life Conservation, Nuclear Test Ban, Ozone Layer Protection, Ship Pollution, Tropical Timber 2006, Wetlands, Whaling","Central Europe, east of France, north of Italy",Europe,slightly less than twice the size of New Jersey,federal republic (formally a confederation),1 August 1291 (founding of the Swiss Confederation),"ADB (nonregional member), AfDB (nonregional member), Australia Group, BIS, CD, CE, CERN, EAPC, EBRD, EFTA, EITI (implementing country), ESA, FAO, FATF, G-10, IADB, IAEA, IBRD, ICAO, ICC (national committees), ICCt, ICRM, IDA, IEA, IFAD, IFC, IFRCS, IGAD (partners), ILO, IMF, IMO, IMSO, Interpol, IOC, IOM, IPU, ISO, ITSO, ITU, ITUC (NGOs), LAIA (observer), MIGA, MONUSCO, NEA, NSG, OAS (observer), OECD, OIF, OPCW, OSCE, Pacific Alliance (observer), Paris Club, PCA, PFP, Schengen Convention, UN, UNCTAD, UNESCO, UNHCR, UNIDO, UNITAR, UNMISS, UNMOGIP, UNOOSA, UNRWA, UNTSO, UNWTO, UPU, Wassenaar Arrangement, WCO, WHO, WIPO, WMO, WTO, ZC",0.7% of GDP (2023)0.7% of GDP (2022)0.7% of GDP (2021)0.7% of GDP (2020)0.7% of GDP (2019),"Swiss 69.2%, German 4.2%, Italian 3.2%, Portuguese 2.5%, French 2.1%, Kosovan 1.1%, Turkish 1%, other 16.7% (2020 est.)","German (or Swiss German) (official) 62.1%, French (official) 22.8%, Italian (official) 8%, English 5.7%, Portuguese 3.5%, Albanian 3.3%, Serbo-Croatian 2.3%, Spanish 2.3%, Romansh (official) 0.5%, other 7.9% (2019 est.)","Roman Catholic 34.4%, Protestant 22.5%, other Christian 5.7%, Muslim 5.4%, other 1.5%, none 29.4%, unspecified 1.1% (2020 est.)","3 deaths/1,000 live births (2024 est.)",83.9 years (2024 est.),0.75% (2024 est.),population distribution corresponds to elevation with the northern and western areas far more heavily populated; the higher Alps of the south limit settlement,,,44.2 years (2024 est.),"5.9 migrant(s)/1,000 population (2024 est.)","14,726 (Eritrea), 11,441 (Afghanistan), 8,039 (Syria), (mid-year 2022); 65,615 (Ukraine) (as of 5 March 2024)",$884.94 billion (2023 est.)note: data in current dollars at official exchange rate,"$82,600 (2023 est.)$83,000 (2022 est.)$81,600 (2021 est.)note: data in 2021 dollars","hydropower potential, timber, salt",10.20%,"gold, packaged medicine, vaccines, nitrogen compounds, base metal watches (2023)note: top five export commodities based on value in dollars","Germany 14%, China 12%, USA 11%, Italy 5%, Turkey 5% (2023)note: top five export partners based on percentage share of exports","gold, packaged medicine, vaccines, cars, jewelry (2023)note: top five import commodities based on value in dollars","Germany 17%, USA 9%, Italy 8%, France 6%, China 5% (2023)note: top five import partners based on percentage share of imports"
Syria,Syrian Arab Republic,Damascus,"mostly desert; hot, dry, sunny summers (June to August) and mild, rainy winters (December to February) along coast; cold weather with snow or sleet periodically in Damascus",primarily semiarid and desert plateau; narrow coastal plain; mountains in west,193 km,deforestation; overgrazing; soil erosion; desertification; depletion of water resources; water pollution from raw sewage and petroleum refining wastes; inadequate potable water,"Biodiversity, Climate Change, Climate Change-Kyoto Protocol, Climate Change-Paris Agreement, Desertification, Endangered Species, Hazardous Wastes, Marine Dumping-London Convention, Nuclear Test Ban, Ozone Layer Protection, Ship Pollution, Wetlands","Middle East, bordering the Mediterranean Sea, between Lebanon and Turkey",Middle East,slightly more than 1.5 times the size of Pennsylvania,presidential republic; highly authoritarian regime,17 April 1946 (from League of Nations mandate under French administration),"ABEDA, AFESD, AMF, CAEU, FAO, G-24, G-77, IAEA, IBRD, ICAO, ICC (national committees), ICRM, ICSID, IDA, IDB, IFAD, IFC, IFRCS, IHO, ILO, IMF, IMO, Interpol, IOC, IPU, ISO, ITSO, ITU, LAS, MIGA, NAM, OAPEC, OIC, OPCW, UN, UNCTAD, UNESCO, UNIDO, UNRWA, UNWTO, UPU, WBG, WCO, WFTU (NGOs), WHO, WIPO, WMO, WTO (observer)",6.5% of GDP (2019 est.)6.7% of GDP (2018 est.)6.8% of GDP (2017 est.)6.9% of GDP (2016 est.)7.2% of GDP (2015 est.),"Arab ~50%, Alawite ~15%, Kurd ~10%, Levantine ~10%, other ~15% (includes Druze, Ismaili, Imami, Nusairi, Assyrian, Turkoman, Armenian)","Arabic (official), Kurdish, Armenian, Aramaic, Circassian, French, English","Muslim 87% (official; includes Sunni 74% and Alawi, Ismaili, and Shia 13%), Christian 10% (includes Orthodox, Uniate, and Nestorian), Druze 3%","15.1 deaths/1,000 live births (2024 est.)",74.8 years (2024 est.),1.67% (2024 est.),"significant population density along the Mediterranean coast; larger concentrations found in the major cities of Damascus, Aleppo (the country's largest city), and Hims (Homs); more than half of the population lives in the coastal plain, the province of Halab, and the Euphrates River valley",91.70%,81% (2015),24.1 years (2024 est.),"-1.1 migrant(s)/1,000 population (2024 est.)","580,000 (Palestinian Refugees) (2022); 11,121 (Iraq) (2023)",$23.623 billion (2022 est.)note: data in current dollars at official exchange rate,"$4,500 (2022 est.)$4,600 (2021 est.)$4,600 (2020 est.)note: data in 2021 dollars","petroleum, phosphates, chrome and manganese ores, asphalt, iron ore, rock salt, marble, gypsum, hydropower",25.40%,"olive oil, phosphates, spice seeds, cotton, tomatoes (2023)note: top five export commodities based on value in dollars","Turkey 29%, Saudi Arabia 16%, Lebanon 10%, India 10%, UAE 5% (2023)note: top five export partners based on percentage share of exports","tobacco, plastics, wheat flours, plastic products, seed oils (2023)note: top five import commodities based on value in dollars","Turkey 49%, UAE 11%, China 8%, Egypt 7%, Lebanon 3% (2023)note: top five import partners based on percentage share of imports"
Taiwan,Republic of China,Taipei,tropical; marine; rainy season during southwest monsoon (June to August); persistent and extensive cloudiness all year,eastern two-thirds mostly rugged mountains; flat to gently rolling plains in west,"1,566.3 km","air pollution; water pollution from industrial emissions, raw sewage; contamination of drinking water supplies; trade in endangered species; low-level radioactive waste disposal",,"Eastern Asia, islands bordering the East China Sea, Philippine Sea, South China Sea, and Taiwan Strait, north of the Philippines, off the southeastern coast of China",Southeast Asia,slightly smaller than Maryland and Delaware combined,semi-presidential republic,,"ADB (Chinese Taipei), APEC (Chinese Taipei), BCIE, CABEI, IOC, ITUC (NGOs), SICA (observer), WTO (Chinese Taipei)note - separate customs territory of Taiwan, Penghu, Kinmen, and Matsu",2.5% of GDP (2023 est.)2.1% of GDP (2022)2.1% of GDP (2021)2.1% of GDP (2020)1.8% of GDP (2019),"Han Chinese (including Holo, who compose approximately 70% of Taiwan's population, Hakka, and other groups originating in mainland China) more than 95%, indigenous Malayo-Polynesian peoples 2.3%","Mandarin (official), Min Nan, Hakka dialects, approximately 16 indigenous languages","Buddhist 35.3%, Taoist 33.2%, Christian 3.9%, folk religion (includes Confucian) approximately 10%, none or unspecified 18.2% (2005 est.)","3.8 deaths/1,000 live births (2024 est.)",81.6 years (2024 est.),0.03% (2024 est.),"distribution exhibits a peripheral coastal settlement pattern, with the largest populations on the north and west coasts",99.70%,97.3% (2014),44.6 years (2024 est.),"1.1 migrant(s)/1,000 population (2024 est.)",,$611.391 billion (2019 est.),"$47,800 (2019 est.)$46,600 (2018 est.)$45,400 (2017 est.)","small deposits of coal, natural gas, limestone, marble, asbestos, arable land",16.90%,"integrated circuits, machine parts, broadcasting equipment, computers, plastics (2023)note: top five export commodities based on value in dollars","China 20%, USA 17%, Hong Kong 13%, Singapore 9%, Japan 7% (2023)note: top five export partners based on percentage share of exports","integrated circuits, crude petroleum, machinery, natural gas, coal (2023)note: top five import commodities based on value in dollars","China 21%, Japan 13%, USA 11%, S. Korea 9%, Australia 5% (2023)note: top five import partners based on percentage share of imports"
Tajikistan,Republic of Tajikistan,Dushanbe,"mid-latitude continental, hot summers, mild winters; semiarid to polar in Pamir Mountains","mountainous region dominated by the Alay Mountains in the north and the Pamirs in the southeast; western Fergana Valley in north, Kofirnihon and Vakhsh Valleys in southwest",0 km (landlocked),areas of high air pollution from motor vehicles and industry; water pollution from agricultural runoff and disposal of untreated industrial waste and sewage; poor management of water resources; soil erosion; increasing levels of soil salinity,"Biodiversity, Climate Change, Climate Change-Kyoto Protocol, Climate Change-Paris Agreement, Comprehensive Nuclear Test Ban, Desertification, Endangered Species, Environmental Modification, Hazardous Wastes, Ozone Layer Protection, Ship Pollution, Wetlands","Central Asia, west of China, south of Kyrgyzstan",Asia,slightly smaller than Wisconsin,presidential republic,9 September 1991 (from the Soviet Union),"ADB, CICA, CIS, CSTO, EAEC, EAPC, EBRD, ECO, EITI (candidate country), FAO, G-77, GCTU, IAEA, IBRD, ICAO, ICC (NGOs), ICCt, ICRM, IDA, IDB, IFAD, IFC, IFRCS, ILO, IMF, Interpol, IOC, IOM, IPU, ISO (correspondent), ITSO, ITU, MIGA, NAM (observer), OIC, OPCW, OSCE, PFP, SCO, UN, UNCTAD, UNESCO, UNIDO, UNISFA, UNWTO, UPU, WCO, WFTU (NGOs), WHO, WIPO, WMO, WTO",1.2% of GDP (2023 est.)1.1% of GDP (2022 est.)1.2% of GDP (2021 est.)1% of GDP (2020 est.)2.1% of GDP (2019 est.),"Tajik 84.3% (includes Pamiri and Yagnobi), Uzbek 13.8%, other 2% (includes Kyrgyz, Russian, Turkmen, Tatar, Arab) (2014 est.)","Tajik (official) 84.4%, Uzbek 11.9%, Kyrgyz 0.8%, Russian 0.5%, other 2.4% (2010 est.)","Muslim 98% (Sunni 95%, Shia 3%) other 2% (2014 est.)","21.7 deaths/1,000 live births (2024 est.)",71.9 years (2024 est.),1.92% (2024 est.),"the country's population is concentrated at lower elevations, with perhaps as much as 90% of the people living in valleys; overall density increases from east to west",99.80%,99.7% (2015),22.8 years (2024 est.),"-2 migrant(s)/1,000 population (2024 est.)","6,775 (Afghanistan) (mid-year 2021)",$12.061 billion (2023 est.)note: data in current dollars at official exchange rate,"$4,500 (2023 est.)$4,200 (2022 est.)$4,000 (2021 est.)note: data in 2021 dollars","hydropower, some petroleum, uranium, mercury, brown coal, lead, zinc, antimony, tungsten, silver, gold",6.10%,"gold, precious metal ore, aluminum, lead ore, antimony (2023)note: top five export commodities based on value in dollars","Switzerland 31%, Kazakhstan 18%, China 17%, Uzbekistan 10%, Turkey 8% (2023)note: top five export partners based on percentage share of exports","garments, footwear, cars, wheat, vehicle parts/accessories (2023)note: top five import commodities based on value in dollars","China 57%, Kazakhstan 13%, Uzbekistan 8%, Turkey 6%, UAE 4% (2023)note: top five import partners based on percentage share of imports"
Tanzania,United Republic of Tanzania,Dodoma,varies from tropical along coast to temperate in highlands,"plains along coast; central plateau; highlands in north, south","1,424 km","water pollution; improper management of liquid waste; indoor air pollution caused by the burning of fuel wood or charcoal for cooking and heating is a large environmental health issue; soil degradation; deforestation; desertification; destruction of coral reefs threatens marine habitats; wildlife threatened by illegal hunting and trade, especially for ivory; loss of biodiversity; solid waste disposal","Biodiversity, Climate Change, Climate Change-Kyoto Protocol, Climate Change-Paris Agreement, Comprehensive Nuclear Test Ban, Desertification, Endangered Species, Hazardous Wastes, Law of the Sea, Marine Dumping-London Convention, Nuclear Test Ban, Ozone Layer Protection, Ship Pollution, Wetlands, Whaling","Eastern Africa, bordering the Indian Ocean, between Kenya and Mozambique",Africa,more than six times the size of Georgia; slightly larger than twice the size of California,presidential republic,26 April 1964 (Tanganyika united with Zanzibar to form the United Republic of Tanganyika and Zanzibar); 29 October 1964 (renamed United Republic of Tanzania); notable earlier dates: 9 December 1961 (Tanganyika became independent from UK-administered UN trusteeship); 10 December 1963 (Zanzibar became independent from UK),"ACP, AfDB, AU, C, CD, EAC, EADB, EITI, FAO, G-77, IAEA, IBRD, ICAO, ICC (NGOs), ICCt, ICRM, IDA, IFAD, IFC, IFRCS, ILO, IMF, IMO, IMSO, Interpol, IOC, IOM, IPU, ISO, ITSO, ITU, ITUC (NGOs), MIGA, MONUSCO, NAM, OPCW, SADC, UN, UNAMID, UNCTAD, UNESCO, UNHCR, UNIDO, UNIFIL, UNISFA, UNMISS, UNWTO, UPU, WCO, WFTU (NGOs), WHO, WIPO, WMO, WTO",1.3% of GDP (2023 est.)1.2% of GDP (2022 est.)1.1% of GDP (2021 est.)1.2% of GDP (2020 est.)1.1% of GDP (2019 est.),"mainland - African 99% (of which 95% are Bantu consisting of more than 130 tribes), other 1% (consisting of Asian, European, and Arab); Zanzibar - Arab, African, mixed Arab and African","Kiswahili or Swahili (official), Kiunguja (name for Swahili in Zanzibar), English (official, primary language of commerce, administration, and higher education), Arabic, many local languages","Christian 63.1%, Muslim 34.1%, folk religion 1.1%, Buddhist <1%, Hindu <1%, Jewish <1%, other <1%, unspecified 1.6% (2020 est.)","29.6 deaths/1,000 live births (2024 est.)",70.8 years (2024 est.),2.72% (2024 est.),"the largest and most populous East African country; population distribution is extremely uneven, but greater population clusters occur in the northern half of country and along the east coast as shown in this population distribution map",85.50%,78.2% (2021),19.1 years (2024 est.),"-0.4 migrant(s)/1,000 population (2024 est.)","89,163 (Democratic Republic of the Congo), 112,779 (Burundi) (2024)",$79.062 billion (2023 est.)note: data in current dollars at official exchange rate,"$3,600 (2023 est.)$3,500 (2022 est.)$3,500 (2021 est.)note: data in 2021 dollars","hydropower, tin, phosphates, iron ore, coal, diamonds, gemstones (including tanzanite, found only in Tanzania), gold, natural gas, nickel",14.30%,"gold, refined petroleum, dried legumes, refined copper, coal (2023)note: top five export commodities based on value in dollars","India 15%, UAE 14%, Uganda 12%, South Africa 10%, China 6% (2023)note: top five export partners based on percentage share of exports","refined petroleum, plastics, garments, fertilizers, wheat (2023)note: top five import commodities based on value in dollars","China 32%, India 13%, UAE 9%, Saudi Arabia 5%, Japan 4% (2023)note: top five import partners based on percentage share of imports"
Thailand,Kingdom of Thailand,Bangkok,"tropical; rainy, warm, cloudy southwest monsoon (mid-May to September); dry, cool northeast monsoon (November to mid-March); southern isthmus always hot and humid",central plain; Khorat Plateau in the east; mountains elsewhere,"3,219 km",air pollution from vehicle emissions; water pollution from organic and factory wastes; water scarcity; deforestation; soil erosion; wildlife populations threatened by illegal hunting; hazardous waste disposal,"Biodiversity, Climate Change, Climate Change-Kyoto Protocol, Climate Change-Paris Agreement, Comprehensive Nuclear Test Ban, Desertification, Endangered Species, Hazardous Wastes, Law of the Sea, Marine Life Conservation, Nuclear Test Ban, Ozone Layer Protection, Ship Pollution, Tropical Timber 2006, Wetlands","Southeastern Asia, bordering the Andaman Sea and the Gulf of Thailand, southeast of Burma",Southeast Asia,about three times the size of Florida; slightly more than twice the size of Wyoming,constitutional monarchy,1238 (traditional founding date; never colonized),"ADB, APEC, ARF, ASEAN, BIMSTEC, BIS, CD, CICA, CP, EAS, FAO, G-77, IAEA, IBRD, ICAO, ICC (national committees), ICRM, IDA, IFAD, IFC, IFRCS, IHO, ILO, IMF, IMO, IMSO, Interpol, IOC, IOM, IPU, ISO, ITSO, ITU, ITUC (NGOs), MIGA, NAM, OAS (observer), OIC (observer), OIF (observer), OPCW, OSCE (partner), PCA, PIF (partner), UN, UNAMID, UNCTAD, UNESCO, UNHCR, UNIDO, UNMOGIP, UNOCI, UNWTO, UPU, WCO, WFTU (NGOs), WHO, WIPO, WMO, WTO",1.3% of GDP (2023 est.)1.3% of GDP (2022 est.)1.3% of GDP (2021 est.)1.4% of GDP (2020 est.)1.3% of GDP (2019 est.),"Thai 97.5%, Burmese 1.3%, other 1.1%, unspecified <0.1% (2015 est.)","Thai (official) only 90.7%, Thai and other languages 6.4%, only other languages 2.9% (includes Malay, Burmese); English is a secondary language among the elite (2010 est.)","Buddhist 92.5%, Muslim 5.4%, Christian 1.2%, other 0.9% (includes animist, Confucian, Hindu, Jewish, Sikh, and Taoist) (2021 est.)","6.3 deaths/1,000 live births (2024 est.)",78.2 years (2024 est.),0.17% (2024 est.),"highest population density is found in and around Bangkok; significant population clusters found througout large parts of the country, particularly north and northeast of Bangkok and in the extreme southern region of the country",95.50%,92.8% (2021),41.5 years (2024 est.),"-0.3 migrant(s)/1,000 population (2024 est.)","91,339 (Burma) (refugees and asylum seekers) (2023)",$514.969 billion (2023 est.)note: data in current dollars at official exchange rate,"$21,100 (2023 est.)$20,700 (2022 est.)$20,200 (2021 est.)note: data in 2021 dollars","tin, rubber, natural gas, tungsten, tantalum, timber, lead, fish, gypsum, lignite, fluorite, arable land",30.80%,"machine parts, integrated circuits, trucks, cars, broadcasting equipment (2023)note: top five export commodities based on value in dollars","USA 18%, China 13%, Japan 7%, Australia 4%, Singapore 4% (2023)note: top five export partners based on percentage share of exports","crude petroleum, integrated circuits, natural gas, gold, vehicle parts/accessories (2023)note: top five import commodities based on value in dollars","China 26%, Japan 11%, USA 7%, UAE 6%, Taiwan 5% (2023)note: top five import partners based on percentage share of imports"
Timor-Leste,Democratic Republic of Timor-Leste,Dili,"tropical; hot, humid; distinct rainy and dry seasons",mountainous,706 km,"air pollution and deterioration of air quality; greenhouse gas emissions; water quality, scarcity, and access; land and soil degradation; forest depletion; widespread use of slash and burn agriculture has led to deforestation and soil erosion; loss of biodiversity","Biodiversity, Climate Change, Climate Change-Kyoto Protocol, Climate Change-Paris Agreement, Desertification, Law of the Sea, Ozone Layer Protection","Southeastern Asia, northwest of Australia in the Lesser Sunda Islands at the eastern end of the Indonesian archipelago; note - Timor-Leste includes the eastern half of the island of Timor, the Oecussi (Ambeno) region on the northwest portion of the island of Timor, and the islands of Pulau Atauro and Pulau Jaco",Southeast Asia,slightly larger than Connecticut; almost half the size of Maryland,semi-presidential republic,20 May 2002 (from Indonesia); note - 28 November 1975 was the date independence was proclaimed from Portugal; 20 May 2002 was the date of international recognition of Timor-Leste's independence from Indonesia,"ACP, ADB, AOSIS, ARF, ASEAN (observer), CPLP, EITI (compliant country), FAO, G-77, IBRD, ICAO, ICCt, ICRM, IDA, IFAD, IFC, IFRCS, ILO, IMF, IMO, Interpol, IOC, IOM, IPU, ITU, MIGA, NAM, OPCW, PIF (observer), UN, UNCTAD, UNESCO, UNIDO, Union Latina, UNWTO, UPU, WCO, WHO, WMO",1.3% of GDP (2023 est.)1.8% of GDP (2022 est.)1.8% of GDP (2021 est.)1.8% of GDP (2020 est.)1.7% of GDP (2019 est.),"Austronesian (Malayo-Polynesian) (includes Tetun, Mambai, Tokodede, Galoli, Kemak, Baikeno), Melanesian-Papuan (includes Bunak, Fataluku, Bakasai), small Chinese minority","Tetun Prasa 30.6%, Mambai 16.6%, Makasai 10.5%, Tetun Terik 6.1%, Baikenu 5.9%, Kemak 5.8%, Bunak 5.5%, Tokodede 4%, Fataluku 3.5%, Waima'a 1.8%, Galoli 1.4%, Naueti 1.4%, Idate 1.2%, Midiki 1.2%, other 4.5% (2015 est.)","Roman Catholic 97.6%, Protestant/Evangelical 2%, Muslim 0.2%, other 0.2% (2015 est.)","32.2 deaths/1,000 live births (2024 est.)",70.5 years (2024 est.),2.04% (2024 est.),"most of the population concentrated in the western third of the country, particularly around Dili",71.90%,64.2% (2018),20.6 years (2024 est.),"-3.8 migrant(s)/1,000 population (2024 est.)",,$2.08 billion (2023 est.)note: data in current dollars at official exchange rate,"$4,300 (2023 est.)$5,300 (2022 est.)$6,800 (2021 est.)note: data in 2021 dollars","gold, petroleum, natural gas, manganese, marble",10.10%,"crude petroleum, natural gas, coffee, scrap iron, telephones (2023)note: top five export commodities based on value in dollars","China 46%, Singapore 25%, Japan 15%, Indonesia 5%, USA 3% (2023)note: top five export partners based on percentage share of exports","refined petroleum, rice, cars, plastic products, trucks (2023)note: top five import commodities based on value in dollars","Indonesia 34%, China 26%, Singapore 9%, Taiwan 5%, India 4% (2023)note: top five import partners based on percentage share of imports"
Togo,Togolese Republic,Lome,"tropical; hot, humid in south; semiarid in north",gently rolling savanna in north; central hills; southern plateau; low coastal plain with extensive lagoons and marshes,56 km,deforestation attributable to slash-and-burn agriculture and the use of wood for fuel; very little rain forest still present and what remains is highly degraded; desertification; water pollution presents health hazards and hinders the fishing industry; air pollution increasing in urban areas,"Biodiversity, Climate Change, Climate Change-Kyoto Protocol, Climate Change-Paris Agreement, Comprehensive Nuclear Test Ban, Desertification, Endangered Species, Hazardous Wastes, Law of the Sea, Nuclear Test Ban, Ozone Layer Protection, Ship Pollution, Tropical Timber 2006, Wetlands, Whaling","Western Africa, bordering the Bight of Benin, between Benin and Ghana",Africa,slightly smaller than West Virginia,presidential republic,27 April 1960 (from French-administered UN trusteeship),"ACP, AfDB, AIIB, AU, ECOWAS, EITI (compliant country), Entente, FAO, FZ, G-77, IAEA, IBRD, ICAO, ICRM, IDA, IDB, IFAD, IFC, IFRCS, ILO, IMF, IMO, Interpol, IOC, IOM, IPU, ISO (correspondent), ITSO, ITU, ITUC (NGOs), MIGA, MINURSO, NAM, OIC, OIF, OPCW, PCA, UN, UNAMID, UNCTAD, UNESCO, UNHCR, UNIDO, UNMIL, UNOCI, UNWTO, UPU, WADB (regional), WAEMU, WCO, WFTU (NGOs), WHO, WIPO, WMO, WTO",2.2% of GDP (2023 est.)2.1% of GDP (2022 est.)1.9% of GDP (2021 est.)2% of GDP (2020 est.)2.6% of GDP (2019 est.),"Adja-Ewe/Mina 42.4%, Kabye/Tem 25.9%, Para-Gourma/Akan 17.1%, Akposso/Akebu 4.1%, Ana-Ife 3.2%, other Togolese 1.7%, foreigners 5.2%, no response 0.4% (2013-14 est.)","French (official, language of commerce), Ewe and Mina (in the south), Kabye (sometimes spelled Kabiye) and Dagomba (in the north)","Christian 42.3%, folk religion 36.9%, Muslim 14%, Hindu <1%, Buddhist <1%, Jewish <1%, other <1%, none 6.2% (2020 est.)","38.4 deaths/1,000 live births (2024 est.)",72.1 years (2024 est.),2.41% (2024 est.),"one of the more densely populated African nations with most of the population residing in rural communities, density is highest in the south on or near the Atlantic coast as shown in this population distribution map",80%,55.1% (2019),20.7 years (2024 est.),"-1.7 migrant(s)/1,000 population (2024 est.)","9,846 (Burkina Faso), 8,436 (Ghana) (2023)",$9.171 billion (2023 est.)note: data in current dollars at official exchange rate,"$2,800 (2023 est.)$2,700 (2022 est.)$2,600 (2021 est.)note: data in 2021 dollars","phosphates, limestone, marble, arable land",45.20%,"gold, refined petroleum, soybeans, phosphates, coconuts/brazil nuts/cashews (2023)note: top five export commodities based on value in dollars","UAE 40%, India 13%, Angola 13%, Burkina Faso 4%, Cote d'Ivoire 3% (2023)note: top five export partners based on percentage share of exports","refined petroleum, garments, rice, palm oil, motorcycles and cycles (2023)note: top five import commodities based on value in dollars","China 26%, India 26%, Belgium 6%, Netherlands 6%, USA 3% (2023)note: top five import partners based on percentage share of imports"
Tonga,Kingdom of Tonga,Nuku'alofa,"tropical; modified by trade winds; warm season (December to May), cool season (May to December)",mostly flat islands with limestone bedrock formed from uplifted coral formation; others have limestone overlying volcanic rock,419 km,"deforestation from land being cleared for agriculture and settlement; soil exhaustion; water pollution due to salinization, sewage, and toxic chemicals from farming activities; coral reefs and marine populations threatened","Biodiversity, Climate Change, Climate Change-Kyoto Protocol, Climate Change-Paris Agreement, Desertification, Endangered Species, Hazardous Wastes, Law of the Sea, Marine Dumping-London Convention, Marine Dumping-London Protocol, Marine Life Conservation, Nuclear Test Ban, Ozone Layer Protection, Ship Pollution","Oceania, archipelago in the South Pacific Ocean, about two-thirds of the way from Hawaii to New Zealand",Oceania,"four times the size of Washington, DC",constitutional monarchy,4 June 1970 (from UK protectorate status),"ACP, ADB, AOSIS, C, FAO, G-77, IBRD, ICAO, ICRM, IDA, IFAD, IFC, IFRCS, IHO, IMF, IMO, IMSO, Interpol, IOC, IPU, ITU, ITUC (NGOs), OPCW, PIF, Sparteca, SPC, UN, UNCTAD, UNESCO, UNIDO, UPU, WCO, WHO, WIPO, WMO, WTO",1.6% of GDP (2023 est.)1.6% of GDP (2022 est.)1.5% of GDP (2021 est.)2.1% of GDP (2020 est.)2.4% of GDP (2019 est.),"Tongan 96.5%, other (European, Fijian, Samoan, Indian, Chinese, other Pacific Islander, other Asian, other) 3.5% (2021 est.)","Tongan only 85%, Tongan and other language 13.9%, Tongan not used at home 1.1% (2021 est.)","Protestant 63.9% (Free Wesleyan Church 34.2%, Free Church of Tonga 11.3%, Church of Tonga 6.8%, Seventh Day Adventist 2.5%, Assembly of God 2.5%, Tokaikolo/Maamafo'ou 1.5%, Constitutional Church of Tonga 1.2%, other Protestant 4%), Church of Jesus Christ 19.7%, Roman Catholic 13.7%, other 2.1%, none 0.6%, no answer 0.1% (2021 est.)","11.8 deaths/1,000 live births (2024 est.)",78 years (2024 est.),-0.34% (2024 est.),over two-thirds of the population lives on the island of Tongatapu; only 45 of the nation's 171 islands are occupied,99.40%,99.5% (2021),25.9 years (2024 est.),"-18.1 migrant(s)/1,000 population (2024 est.)",,$518.18 million (2022 est.)note: data in current dollars at official exchange rate,"$6,900 (2022 est.)$7,000 (2021 est.)$7,000 (2020 est.)note: data in 2021 dollars","arable land, fish",22.20%,"refined petroleum, gold, processed fruits and nuts, cassava, fish (2023)note: top five export commodities based on value in dollars","Guyana 17%, USA 17%, NZ 15%, Australia 15%, UAE 12% (2023)note: top five export partners based on percentage share of exports","refined petroleum, plastic products, poultry, cars, sheep and goat meat (2023)note: top five import commodities based on value in dollars","Fiji 27%, NZ 24%, China 21%, Australia 8%, USA 5% (2023)note: top five import partners based on percentage share of imports"
Trinidad and Tobago,Republic of Trinidad and Tobago,Port of Spain,tropical; rainy season (June to December),mostly plains with some hills and low mountains,362 km,"water pollution from agricultural chemicals, industrial wastes, and raw sewage; widespread pollution of waterways and coastal areas; illegal dumping; deforestation; soil erosion; fisheries and wildlife depletion","Biodiversity, Climate Change, Climate Change-Kyoto Protocol, Climate Change-Paris Agreement, Comprehensive Nuclear Test Ban, Desertification, Endangered Species, Hazardous Wastes, Law of the Sea, Marine Dumping-London Protocol, Marine Life Conservation, Nuclear Test Ban, Ozone Layer Protection, Ship Pollution, Tropical Timber 2006, Wetlands","Caribbean, islands between the Caribbean Sea and the North Atlantic Ocean, northeast of Venezuela",Central America and the Caribbean,slightly smaller than Delaware,parliamentary republic,31 August 1962 (from the UK),"ACP, ACS, AOSIS, C, Caricom, CDB, CELAC, EITI (compliant country), FAO, G-24, G-77, IADB, IAEA, IBRD, ICAO, ICC (NGOs), ICCt, ICRM, IDA, IFAD, IFC, IFRCS, IHO, ILO, IMF, IMO, Interpol, IOC, IOM, IPU, ISO, ITSO, ITU, ITUC (NGOs), LAES, MIGA, NAM, OAS, OPANAL, OPCW, Pacific Alliance (observer), Paris Club (associate), UN, UNCTAD, UNESCO, UNIDO, UPU, WCO, WFTU (NGOs), WHO, WIPO, WMO, WTO",1% of GDP (2023 est.)1.1% of GDP (2022 est.)1% of GDP (2021 est.)1% of GDP (2020 est.)1% of GDP (2019 est.),"East Indian 35.4%, African descent 34.2%, mixed - other 15.3%, mixed - African/East Indian 7.7%, other 1.3%, unspecified 6.2% (2011 est.)","English (official), Trinidadian Creole English, Tobagonian Creole English, Caribbean Hindustani (a dialect of Hindi), Trinidadian Creole French, Spanish, Chinese","Protestant 32.1% (Pentecostal/Evangelical/Full Gospel 12%, Baptist 6.9%, Anglican 5.7%, Seventh Day Adventist 4.1%, Presbyterian/Congregational 2.5%, other Protestant 0.9%), Roman Catholic 21.6%, Hindu 18.2%, Muslim 5%, Jehovah's Witness 1.5%, other 8.4%, none 2.2%, unspecified 11.1% (2011 est.)","15.1 deaths/1,000 live births (2024 est.)",76.5 years (2024 est.),0.1% (2024 est.),"population on Trinidad is concentrated in the western half of the island, on Tobago in the southern half",99.20%,98.7% (2015),38.5 years (2024 est.),"-0.9 migrant(s)/1,000 population (2024 est.)","36,218 (Venezuela) (economic and political crisis; includes Venezuelans who have claimed asylum, are recognized as refugees, or have received alternative legal stay) (2023)",$27.372 billion (2023 est.)note: data in current dollars at official exchange rate,"$31,700 (2023 est.)$31,300 (2022 est.)$30,800 (2021 est.)note: data in 2021 dollars","petroleum, natural gas, asphalt",4.90%,"natural gas, alcohols, ammonia, crude petroleum, iron reductions (2023)note: top five export commodities based on value in dollars","USA 28%, China 7%, Guyana 5%, Chile 5%, Netherlands 5% (2023)note: top five export partners based on percentage share of exports","railway cargo containers, refined petroleum, cars, iron ore, excavation machinery (2023)note: top five import commodities based on value in dollars","USA 29%, Guyana 27%, China 8%, Brazil 4%, Canada 3% (2023)note: top five import partners based on percentage share of imports"
Tunisia,Republic of Tunisia,Tunis,"temperate in north with mild, rainy winters and hot, dry summers; desert in south","mountains in north; hot, dry central plain; semiarid south merges into the Sahara","1,148 km",toxic and hazardous waste disposal is ineffective and poses health risks; water pollution from raw sewage; limited natural freshwater resources; deforestation; overgrazing; soil erosion; desertification,"Biodiversity, Climate Change, Climate Change-Kyoto Protocol, Climate Change-Paris Agreement, Comprehensive Nuclear Test Ban, Desertification, Endangered Species, Environmental Modification, Hazardous Wastes, Law of the Sea, Marine Dumping-London Convention, Nuclear Test Ban, Ozone Layer Protection, Ship Pollution, Wetlands","Northern Africa, bordering the Mediterranean Sea, between Algeria and Libya",Africa,slightly larger than Georgia,parliamentary republic,20 March 1956 (from France),"ABEDA, AfDB, AFESD, AIIB, AMF, AMU, AU, BSEC (observer), CAEU, CD, EBRD, FAO, G-11, G-77, IAEA, IBRD, ICAO, ICC (national committees), ICCt, ICRM, IDA, IDB, IFAD, IFC, IFRCS, IHO, ILO, IMF, IMO, IMSO, Interpol, IOC, IOM, IPU, ISO, ITSO, ITU, ITUC (NGOs), LAS, MIGA, MONUSCO, NAM, OAS (observer), OIC, OIF, OPCW, OSCE (partner), UN, UNCTAD, UNESCO, UNHCR, UNIDO, UNOCI, UNOOSA, UNWTO, UPU, WCO, WFTU (NGOs), WHO, WIPO, WMO, WTO",2.5% of GDP (2023 est.)2.7% of GDP (2022 est.)3% of GDP (2021 est.)3% of GDP (2020 est.)3.8% of GDP (2019 est.),"Arab 98%, European 1%, Jewish and other 1%","Arabic (official, one of the languages of commerce), French (commerce), Tamazight","Muslim (official; Sunni) 99%, other (includes Christian, Jewish, Shia Muslim, and Baha'i) <1%","11.3 deaths/1,000 live births (2024 est.)",77.3 years (2024 est.),0.58% (2024 est.),the overwhelming majority of the population is located in the northern half of the country; the south remains largely underpopulated as shown in this population distribution map,89.10%,82.7% (2021),34.4 years (2024 est.),"-1.3 migrant(s)/1,000 population (2024 est.)",,$48.53 billion (2023 est.)note: data in current dollars at official exchange rate,"$12,600 (2023 est.)$12,600 (2022 est.)$12,400 (2021 est.)note: data in 2021 dollars","petroleum, phosphates, iron ore, lead, zinc, salt",18.30%,"garments, insulated wire, olive oil, refined petroleum, crude petroleum (2023)note: top five export commodities based on value in dollars","France 22%, Italy 17%, Germany 13%, USA 4%, Libya 4% (2023)note: top five export partners based on percentage share of exports","refined petroleum, natural gas, plastic products, cars, plastics (2023)note: top five import commodities based on value in dollars","Italy 13%, France 12%, China 10%, Russia 8%, Germany 7% (2023)note: top five import partners based on percentage share of imports"
Turkey,Republic of Turkey,Ankara,"temperate; hot, dry summers with mild, wet winters; harsher in interior",high central plateau (Anatolia); narrow coastal plain; several mountain ranges,"7,200 km","water pollution from dumping of chemicals and detergents; air pollution, particularly in urban areas; deforestation; land degradation; concern for oil spills from increasing Bosporus ship traffic; conservation of biodiversity","Air Pollution, Antarctic-Environmental Protection, Antarctic Treaty, Biodiversity, Climate Change, Climate Change-Kyoto Protocol, Comprehensive Nuclear Test Ban, Desertification, Endangered Species, Hazardous Wastes, Nuclear Test Ban, Ozone Layer Protection, Ship Pollution, Wetlands","Southeastern Europe and Southwestern Asia (that portion of Turkey west of the Bosporus is geographically part of Europe), bordering the Black Sea, between Bulgaria and Georgia, and bordering the Aegean Sea and the Mediterranean Sea, between Greece and Syria",Middle East,slightly larger than Texas,presidential republic,"29 October 1923 (republic proclaimed, succeeding the Ottoman Empire)","ADB (nonregional member), Australia Group, BIS, BSEC, CBSS (observer), CD, CE, CERN (observer), CICA, CPLP (associate observer), D-8, EAPC, EBRD, ECO, EU (candidate country), FAO, FATF, G-20, IAEA, IBRD, ICAO, ICC (national committees), ICRM, IDA, IDB, IEA, IFAD, IFC, IFRCS, IHO, ILO, IMF, IMO, IMSO, Interpol, IOC, IOM, IPU, ISO, ITSO, ITU, ITUC (NGOs), MIGA, NATO, NEA, NSG, OAS (observer), OECD, OIC, OPCW, OSCE, Pacific Alliance (observer), Paris Club (associate), PCA, PIF (partner), SCO (dialogue member), SELEC, UN, UNCTAD, UNESCO, UNHCR, UNIDO, UNIFIL, UNRWA, UNWTO, UPU, Wassenaar Arrangement, WCO, WFTU (NGOs), WHO, WIPO, WMO, WTO, ZC",2.1% of GDP (2024 est.)1.6% of GDP (2023 est.)1.4% of GDP (2022)1.6% of GDP (2021)1.9% of GDP (2020),"Turkish 70-75%, Kurdish 19%, other minorities 6-11% (2016 est.)","Turkish (official), Kurdish, other minority languages","Muslim 99.8% (mostly Sunni), other 0.2% (mostly Christians and Jews)","18.4 deaths/1,000 live births (2024 est.)",76.7 years (2024 est.),0.61% (2024 est.),"the most densely populated area is found around the Bosporus in the northwest where 20% of the population lives in Istanbul; with the exception of Ankara, urban centers remain small and scattered throughout the interior of Anatolia; an overall pattern of peripheral development exists, particularly along the Aegean Sea coast in the west, and the Tigris and Euphrates River systems in the southeast",99.10%,94.4% (2019),34 years (2024 est.),"-1.5 migrant(s)/1,000 population (2024 est.)","10,244 (Iraq) (mid-year 2022); 41,665 (Ukraine) (as of 15 February 2024) (2023); 3,122,899 (Syria) (2024)",$1.118 trillion (2023 est.)note: data in current dollars at official exchange rate,"$34,600 (2023 est.)$33,100 (2022 est.)$31,600 (2021 est.)note: data in 2021 dollars","coal, iron ore, copper, chromium, antimony, mercury, gold, barite, borate, celestite (strontium), emery, feldspar, limestone, magnesite, marble, perlite, pumice, pyrites (sulfur), clay, arable land, hydropower",26.70%,"garments, cars, gold, refined petroleum, vehicle parts/accessories (2023)note: top five export commodities based on value in dollars","Germany 9%, USA 6%, UK 6%, UAE 5%, Iraq 5% (2023)note: top five export partners based on percentage share of exports","gold, refined petroleum, cars, plastics, natural gas (2023)note: top five import commodities based on value in dollars","China 13%, Russia 9%, Germany 9%, Switzerland 6%, USA 5% (2023)note: top five import partners based on percentage share of imports"
Turkmenistan,none,Ashgabat,subtropical desert,flat-to-rolling sandy desert with dunes rising to mountains in the south; low mountains along border with Iran; borders Caspian Sea in west,"0 km (landlocked); note - Turkmenistan borders the Caspian Sea (1,768 km)","contamination of soil and groundwater with agricultural chemicals, pesticides; salination, water logging of soil due to poor irrigation methods; Caspian Sea pollution; diversion of a large share of the flow of the Amu Darya into irrigation contributes to that river's inability to replenish the Aral Sea; soil erosion; desertification","Biodiversity, Climate Change, Climate Change-Kyoto Protocol, Climate Change-Paris Agreement, Comprehensive Nuclear Test Ban, Desertification, Hazardous Wastes, Ozone Layer Protection, Ship Pollution, Wetlands","Central Asia, bordering the Caspian Sea, between Iran and Kazakhstan",Asia,slightly more than three times the size of Georgia; slightly larger than California,presidential republic; authoritarian,27 October 1991 (from the Soviet Union),"ADB, CIS (associate member, has not ratified the 1993 CIS charter although it participates in meetings and held the chairmanship of the CIS in 2012), EAPC, EBRD, ECO, FAO, G-77, IBRD, ICAO, ICRM, IDA, IDB, IFC, IFRCS, ILO, IMF, IMO, Interpol, IOC, IOM (observer), ISO (correspondent), ITU, MIGA, NAM, OIC, OPCW, OSCE, PFP, UN, UNCTAD, UNESCO, UNHCR, UNIDO, UNWTO, UPU, WCO, WFTU (NGOs), WHO, WIPO, WMO",1.9% of GDP (2019 est.)1.8% of GDP (2018 est.)1.8% of GDP (2017 est.)1.8% of GDP (2016 est.)1.5% of GDP (2015 est.),"Turkmen 85%, Uzbek 5%, Russian 4%, other 6% (2003 est.)","Turkmen (official) 72%, Russian 12%, Uzbek 9%, other 7%","Muslim 93%, Christian 6.4%, Buddhist <1%, folk religion <1%, Jewish <1%, other <1%, unspecified <1% (2020 est.)","35.9 deaths/1,000 live births (2024 est.)",72.4 years (2024 est.),0.92% (2024 est.),"the most densely populated areas are the southern, eastern, and northeastern oases; approximately 50% of the population lives in and around the capital of Ashgabat",99.80%,99.6% (2015),31.2 years (2024 est.),"-1.7 migrant(s)/1,000 population (2024 est.)",,$60.629 billion (2023 est.)note: data in current dollars at official exchange rate,"$17,900 (2023 est.)$17,100 (2022 est.)$16,400 (2021 est.)note: data in 2017 dollars","petroleum, natural gas, sulfur, salt",4.10%,"natural gas, refined petroleum, fertilizers, crude petroleum, electricity (2023)note: top five export commodities based on value in dollars","China 63%, Turkey 11%, Greece 7%, Uzbekistan 6%, Azerbaijan 4% (2023)note: top five export partners based on percentage share of exports","broadcasting equipment, cars, wheat, computers, iron pipes (2023)note: top five import commodities based on value in dollars","Turkey 21%, UAE 21%, China 20%, Kazakhstan 8%, Germany 5% (2023)note: top five import partners based on percentage share of imports"
Tuvalu,none,Funafuti,tropical; moderated by easterly trade winds (March to November); westerly gales and heavy rain (November to March),low-lying and narrow coral atolls,24 km,"water needs met by catchment systems; the use of sand as a building material has led to beachhead erosion; deforestation; damage to coral reefs from increasing ocean temperatures and acidification; rising sea levels threaten water table; in 2000, the government appealed to Australia and New Zealand to take in Tuvaluans if rising sea levels should make evacuation necessary","Biodiversity, Climate Change, Climate Change-Kyoto Protocol, Climate Change-Paris Agreement, Desertification, Hazardous Wastes, Law of the Sea, Ozone Layer Protection, Ship Pollution, Whaling","Oceania, island group consisting of nine coral atolls in the South Pacific Ocean, about half way from Hawaii to Australia",Oceania,"0.1 times the size of Washington, DC",parliamentary democracy under a constitutional monarchy; a Commonwealth realm,1 October 1978 (from the UK),"ACP, ADB, AOSIS, C, FAO, IBRD, IDA, IFAD, IFRCS (observer), ILO, IMF, IMO, IOC, ITU, OPCW, PIF, Sparteca, SPC, UN, UNCTAD, UNESCO, UNIDO, UPU, WHO, WIPO, WMO",,"Tuvaluan 97%, Tuvaluan/I-Kiribati 1.6%, Tuvaluan/other 0.8%, other 0.6% (2017 est.)","Tuvaluan (official), English (official), Samoan, Kiribati (on the island of Nui)","Protestant 92.7% (Congregational Christian Church of Tuvalu 85.9%, Brethren 2.8%, Seventh Day Adventist 2.5%, Assemblies of God 1.5%), Baha'i 1.5%, Jehovah's Witness 1.5%, other 3.9%, none or refused 0.4% (2017 est.)","27.8 deaths/1,000 live births (2024 est.)",69 years (2024 est.),0.78% (2024 est.),over half of the population resides on the atoll of Funafuti,,,27.8 years (2024 est.),"-6.3 migrant(s)/1,000 population (2024 est.)",,$62.28 million (2023 est.)note: data in current dollars at official exchange rate,"$5,800 (2023 est.)$5,500 (2022 est.)$5,400 (2021 est.)note: data in 2021 dollars","fish, coconut (copra)",0%,fish (2023),"Thailand 88%, Japan 6%, Philippines 3%, Ireland 1%, USA 1% (2023)note: top five export partners based on percentage share of exports","ships, refined petroleum, iron structures, fish, hand tools (2023)note: top five import commodities based on value in dollars","China 42%, Fiji 24%, Japan 11%, Australia 11%, NZ 4% (2023)note: top five import partners based on percentage share of imports"
Uganda,Republic of Uganda,Kampala,"tropical; generally rainy with two dry seasons (December to February, June to August); semiarid in northeast",mostly plateau with rim of mountains,0 km (landlocked),draining of wetlands for agricultural use; deforestation; overgrazing; soil erosion; water pollution from industrial discharge and water hyacinth infestation in Lake Victoria; widespread poaching,"Biodiversity, Climate Change, Climate Change-Kyoto Protocol, Climate Change-Paris Agreement, Comprehensive Nuclear Test Ban, Desertification, Endangered Species, Hazardous Wastes, Law of the Sea, Marine Life Conservation, Nuclear Test Ban, Ozone Layer Protection, Ship Pollution, Wetlands","East-Central Africa, west of Kenya, east of the Democratic Republic of the Congo",Africa,slightly more than two times the size of Pennsylvania; slightly smaller than Oregon,presidential republic,9 October 1962 (from the UK),"ACP, AfDB, ATMIS, AU, C, COMESA, EAC, EADB, FAO, G-77, IAEA, IBRD, ICAO, ICC (national committees), ICCt, IDA, IDB, IFAD, IFC, IFRCS, IGAD, ILO, IMF, IMO, Interpol, IOC, IOM, IPU, ISO (correspondent), ITC, ITSO, ITU, ITUC (NGOs), MIGA, NAM, OIC, OPCW, PCA, UN, UNCDF, UNCTAD, UNECA, UNDP, UNFPA, UNESCO, UNHCR, UNICEF, UNIDO, UNISFA, UNOCI, UNOPS, UNSOM, UNWTO, UPU, WCO, WFP, WFTU (NGOs), WHO, WIPO, WMO, WTO",2% of GDP (2023 est.)2.2% of GDP (2022 est.)2.5% of GDP (2021 est.)2.5% of GDP (2020 est.)1.7% of GDP (2019 est.),"Baganda 16.5%, Banyankole 9.6%, Basoga 8.8%, Bakiga 7.1%, Iteso 7%, Langi 6.3%, Bagisu 4.9%, Acholi 4.4%, Lugbara 3.3%, other 32.1% (2014 est.)","English (official), Ganda or Luganda (most widely used of the Niger-Congo languages and the language used most often in the capital), other Niger-Congo languages, Nilo-Saharan languages, Swahili (official), Arabic","Protestant 45.1% (Anglican 32.0%, Pentecostal/Born Again/Evangelical 11.1%, Seventh Day Adventist 1.7%, Baptist .3%), Roman Catholic 39.3%, Muslim 13.7%, other 1.6%, none 0.2% (2014 est.)","28.5 deaths/1,000 live births (2024 est.)",69.7 years (2024 est.),3.18% (2024 est.),"population density is relatively high in comparison to other African nations; most of the population is concentrated in the central and southern parts of the country, particularly along the shores of Lake Victoria and Lake Albert; the northeast is least populated as shown in this population distribution map",84%,74.3% (2021),16.2 years (2024 est.),"-3.1 migrant(s)/1,000 population (2024 est.)","34,368 (Eritrea), 23,388 (Rwanda), 8,936 (Ethiopia), 5,776 (Sudan) (2023); 931,666 (South Sudan) (refugees and asylum seekers), 512,445 (Democratic Republic of the Congo), 40,326 (Somalia), 40,326 (Burundi) (2024)",$48.769 billion (2023 est.)note: data in current dollars at official exchange rate,"$2,800 (2023 est.)$2,700 (2022 est.)$2,700 (2021 est.)note: data in 2021 dollars","copper, cobalt, hydropower, limestone, salt, arable land, gold",34.30%,"gold, coffee, fish, refined petroleum, tobacco (2023)note: top five export commodities based on value in dollars","India 21%, UAE 16%, Hong Kong 10%, South Sudan 8%, Kenya 6% (2023)note: top five export partners based on percentage share of exports","refined petroleum, gold, plastics, packaged medicine, palm oil (2023)note: top five import commodities based on value in dollars","China 19%, UAE 12%, Tanzania 11%, India 10%, Kenya 7% (2023)note: top five import partners based on percentage share of imports"
Ukraine,none,Kyiv,"temperate continental; Mediterranean only on the southern Crimean coast; precipitation disproportionately distributed, highest in west and north, lesser in east and southeast; winters vary from cool along the Black Sea to cold farther inland; warm summers across the greater part of the country, hot in the south","mostly fertile plains (steppes) and plateaus, with mountains found only in the west (the Carpathians) or in the extreme south of the Crimean Peninsula","2,782 km",air and water pollution; land degradation; solid waste management; biodiversity loss; deforestation; radiation contamination in the northeast from 1986 accident at Chornobyl' Nuclear Power Plant,"Air Pollution, Air Pollution-Nitrogen Oxides, Air Pollution-Sulphur 85, Antarctic-Environmental Protection, Antarctic-Marine Living Resources, Antarctic Treaty, Biodiversity, Climate Change, Climate Change-Kyoto Protocol, Climate Change-Paris Agreement, Comprehensive Nuclear Test Ban, Desertification, Endangered Species, Environmental Modification, Hazardous Wastes, Law of the Sea, Marine Dumping-London Convention, Nuclear Test Ban, Ozone Layer Protection, Ship Pollution, Wetlands","Eastern Europe, bordering the Black Sea, between Poland, Belarus, Romania, and Moldova in the west and Russia in the east",AsiaEurope,almost four times the size of Georgia; slightly smaller than Texas,semi-presidential republic,24 August 1991 (from the Soviet Union); notable earlier dates: ca. 982 (VOLODYMYR I consolidates Kyivan Rus); 1199 (Principality (later Kingdom) of Ruthenia formed); 1648 (establishment of the Cossack Hetmanate); 22 January 1918 (from Soviet Russia),"Australia Group, BSEC, CBSS (observer), CD, CE, CEI, CICA (observer), CIS (participating member, has not signed the 1993 CIS charter), EAEC (observer), EAPC, EBRD, FAO, GCTU, GUAM, IAEA, IBRD, ICAO, ICC (national committees), ICRM, IDA, IFC, IFRCS, IHO, ILO, IMF, IMO, IMSO, Interpol, IOC, IOM, IPU, ISO, ITU, ITUC (NGOs), LAIA (observer), MIGA, MONUSCO, NAM (observer), NSG, OAS (observer), OIF (observer), OPCW, OSCE, PCA, PFP, SELEC (observer), UN, UNCTAD, UNESCO, UNFICYP, UNIDO, UNISFA, UNMIL, UNMISS, UNOCI, UNOOSA, UNWTO, UPU, Wassenaar Arrangement, WCO, WFTU (NGOs), WHO, WIPO, WMO, WTO, ZC",4% of GDP (2021 est.)4% of GDP (2020 est.)3.4% of GDP (2019 est.)3.1% of GDP (2018 est.)3.1% of GDP (2017 est.),"Ukrainian 77.8%, Russian 17.3%, Belarusian 0.6%, Moldovan 0.5%, Crimean Tatar 0.5%, Bulgarian 0.4%, Hungarian 0.3%, Romanian 0.3%, Polish 0.3%, Jewish 0.2%, other 1.8% (2001 est.)","Ukrainian (official) 67.5%, Russian (regional language) 29.6%, other (includes Crimean Tatar, Moldovan/Romanian, and Hungarian) 2.9% (2001 est.)","Orthodox (includes the Orthodox Church of Ukraine (OCU), Ukrainian Autocephalous Orthodox Church (UAOC), and the Ukrainian Orthodox - Moscow Patriarchate (UOC-MP)), Ukrainian Greek Catholic, Roman Catholic, Protestant, Muslim, Jewish (2013 est.)","8.7 deaths/1,000 live births (2024 est.)",70.5 years (2024 est.),2.38% (2024 est.),"densest settlement in the eastern (Donbas) and western regions; noteable concentrations in and around major urban areas of Kyiv, Kharkiv, Donets'k, Dnipropetrovs'k, and Odesa",100%,100% (2021),44.9 years (2024 est.),"36.5 migrant(s)/1,000 population (2024 est.)",,$178.757 billion (2023 est.)note: data in current dollars at official exchange rate,"$15,900 (2023 est.)$13,800 (2022 est.)$17,800 (2021 est.)note: data in 2021 dollars","iron ore, coal, manganese, natural gas, oil, salt, sulfur, graphite, titanium, magnesium, kaolin, nickel, mercury, timber, arable land",56.10%,"corn, seed oils, wheat, iron ore, soybeans (2023)note: top five export commodities based on value in dollars","Poland 12%, Romania 9%, Turkey 7%, China 6%, Spain 6% (2023)note: top five export partners based on percentage share of exports","refined petroleum, cars, natural gas, packaged medicine, plastic products (2023)note: top five import commodities based on value in dollars","China 16%, Poland 14%, Germany 8%, Turkey 6%, USA 4% (2023)note: top five import partners based on percentage share of imports"
United Arab Emirates,United Arab Emirates,Abu Dhabi,desert; cooler in eastern mountains,"flat, barren coastal plain merging into rolling sand dunes of vast desert; mountains in east","1,318 km","air pollution; rapid population growth and high energy demand contribute to water scarcity; lack of natural freshwater resources compensated by desalination plants; land degradation and desertification; waste generation, beach pollution from oil spills","Biodiversity, Climate Change, Climate Change-Kyoto Protocol, Climate Change-Paris Agreement, Comprehensive Nuclear Test Ban, Desertification, Endangered Species, Hazardous Wastes, Marine Dumping-London Convention, Ozone Layer Protection, Ship Pollution, Wetlands","Middle East, bordering the Gulf of Oman and the Persian Gulf, between Oman and Saudi Arabia",Middle East,slightly larger than South Carolina; slightly smaller than Maine,federation of monarchies,2 December 1971 (from the UK),"ABEDA, AfDB (nonregional member), AFESD, AMF, BIS, BRICS, CAEU, CICA, FAO, G-77, GCC, IAEA, IBRD, ICAO, ICC (national committees), ICRM, IDA, IDB, IFAD, IFC, IFRCS, IHO, ILO, IMF, IMO, IMSO, Interpol, IOC, IPU, ISO, ITSO, ITU, LAS, MIGA, NAM, OAPEC, OIC, OIF (observer), OPCW, OPEC, PCA, UN, UNCTAD, UNESCO, UNHRC, UNIDO, UNOOSA, UNRWA, UNWTO, UPU, WCO, WHO, WIPO, WMO, WTO",4% of GDP (2023 est.)4% of GDP (2022 est.)5% of GDP (2021 est.)5.6% of GDP (2020 est.)5.4% of GDP (2019 est.),"Emirati 11.6%, South Asian 59.4% (includes Indian 38.2%, Bangladeshi 9.5%, Pakistani 9.4%, other 2.3%), Egyptian 10.2%, Filipino 6.1%, other 12.8% (2015 est.)","Arabic (official), English, Hindi, Malayalam, Urdu, Pashto, Tagalog, Persian","Muslim 74.5% (official) (Sunni 63.3%, Shia 6.7%, other 4.4%), Christian 12.9%, Hindu 6.2%, Buddhist 3.2%, agnostic 1.3%, other 1.9% (2020 est.)","5 deaths/1,000 live births (2024 est.)",79.9 years (2024 est.),0.6% (2024 est.),"population is heavily concentrated to the northeast on the Musandam Peninsula; the three largest emirates - Abu Dhabi, Dubai, and Sharjah - are home to nearly 85% of the population",98.80%,97.2% (2021),35.8 years (2024 est.),"-3.1 migrant(s)/1,000 population (2024 est.)",,$514.13 billion (2023 est.)note: data in current dollars at official exchange rate,"$68,600 (2023 est.)$68,900 (2022 est.)$67,400 (2021 est.)note: data in 2021 dollars","petroleum, natural gas",0.50%,"crude petroleum, refined petroleum, gold, broadcasting equipment, natural gas (2023)note: top five export commodities based on value in dollars","China 11%, India 11%, Japan 10%, Iraq 6%, Thailand 4% (2023)note: top five export partners based on percentage share of exports","gold, broadcasting equipment, cars, refined petroleum, diamonds (2023)note: top five import commodities based on value in dollars","China 19%, India 7%, USA 6%, Turkey 4%, Japan 4% (2023)note: top five import partners based on percentage share of imports"
United Kingdom,"United Kingdom of Great Britain and Northern Ireland; note - the island of Great Britain includes England, Scotland, and Wales",London,temperate; moderated by prevailing southwest winds over the North Atlantic Current; more than one-half of the days are overcast,mostly rugged hills and low mountains; level to rolling plains in east and southeast,"12,429 km","air pollution improved but remains a concern, particularly in the London region; soil pollution from pesticides and heavy metals; decline in marine and coastal habitats brought on by pressures from housing, tourism, and industry","Air Pollution, Air Pollution-Heavy Metals, Air Pollution-Multi-effect Protocol, Air Pollution-Nitrogen Oxides, Air Pollution-Persistent Organic Pollutants, Air Pollution-Sulphur 94, Air Pollution-Volatile Organic Compounds, Antarctic-Environmental Protection, Antarctic-Marine Living Resources, Antarctic Seals, Antarctic Treaty, Biodiversity, Climate Change, Climate Change-Kyoto Protocol, Climate Change-Paris Agreement, Comprehensive Nuclear Test Ban, Desertification, Endangered Species, Environmental Modification, Hazardous Wastes, Law of the Sea, Marine Dumping-London Convention, Marine Dumping-London Protocol, Marine Life Conservation, Nuclear Test Ban, Ozone Layer Protection, Ship Pollution, Tropical Timber 2006, Wetlands, Whaling","Western Europe, islands - including the northern one-sixth of the island of Ireland - between the North Atlantic Ocean and the North Sea; northwest of France",Europe,twice the size of Pennsylvania; slightly smaller than Oregon,parliamentary constitutional monarchy; a Commonwealth realm,"no official date of independence: 927 (minor English kingdoms unite); 3 March 1284 (enactment of the Statute of Rhuddlan uniting England and Wales); 1536 (Act of Union formally incorporates England and Wales); 1 May 1707 (Acts of Union formally unite England, Scotland, and Wales as Great Britain); 1 January 1801 (Acts of Union formally unite Great Britain and Ireland as the United Kingdom of Great Britain and Ireland); 6 December 1921 (Anglo-Irish Treaty formalizes partition of Ireland; six counties remain part of the United Kingdom and Northern Ireland); 12 April 1927 (Royal and Parliamentary Titles Act establishes current name of the United Kingdom of Great Britain and Northern Ireland)","ADB (nonregional member), AfDB (nonregional member), Arctic Council (observer), Australia Group, BIS, C, CBSS (observer), CD, CDB, CE, CERN, EAPC, EBRD, ECB, EIB, EITI (implementing country), ESA, EU, FAO, FATF, G-5, G-7, G-8, G-10, G-20, IADB, IAEA, IBRD, ICAO, ICC (national committees), ICCt, ICRM, IDA, IEA, IFAD, IFC, IFRCS, IGAD (partners), IHO, ILO, IMF, IMO, IMSO, Interpol, IOC, IOM, IPU, ISO, ITSO, ITU, ITUC (NGOs), MIGA, MONUSCO, NATO, NEA, NSG, OAS (observer), OECD, OPCW, OSCE, Pacific Alliance (observer), Paris Club, PCA, PIF (partner), SELEC (observer), SICA (observer), UN, UNCTAD, UNESCO, UNFICYP, UNHCR, UNMISS, UNOOSA, UNRWA, UN Security Council (permanent), UNSOM, UPU, Wassenaar Arrangement, WCO, WHO, WIPO, WMO, WTO, ZC",2.3% of GDP (2024 est.)2.3% of GDP (2023)2.3% of GDP (2022)2.3% of GDP (2021)2.4% of GDP (2020),"White 87.2%, Black/African/Caribbean/black British 3%, Asian/Asian British: Indian 2.3%, Asian/Asian British: Pakistani 1.9%, mixed 2%, other 3.7% (2011 est.)",English,"Christian (includes Anglican, Roman Catholic, Presbyterian, Methodist) 59.5%, Muslim 4.4%, Hindu 1.3%, other 2%, unspecified 7.2%, none 25.7% (2011 est.)","3.8 deaths/1,000 live births (2024 est.)",82.2 years (2024 est.),0.45% (2024 est.),"the core of the population lies in and around London, with significant clusters found in central Britain around Manchester and Liverpool, in the Scottish lowlands between Edinburgh and Glasgow, southern Wales in and around Cardiff, and far eastern Northern Ireland centered on Belfast",,,40.8 years (2024 est.),"2.9 migrant(s)/1,000 population (2024 est.)","21,904 (Iran), 15,615 (Eritrea), 11,371 (Sudan), 12,155 (Syria), 10,259 (Afghanistan), 8,009 (Pakistan), 7,699 (Iraq) (mid-year 2022); 255,060 (Ukraine) (as of 12 March 2024)",$3.381 trillion (2023 est.)note: data in current dollars at official exchange rate,"$54,500 (2023 est.)$54,800 (2022 est.)$52,900 (2021 est.)note: data in 2021 dollars","coal, petroleum, natural gas, iron ore, lead, zinc, gold, tin, limestone, salt, clay, chalk, gypsum, potash, silica sand, slate, arable land",25.10%,"cars, gold, gas turbines, packaged medicine, crude petroleum (2023)note: top five export commodities based on value in dollars","USA 14%, China 8%, Germany 8%, Netherlands 7%, Ireland 7% (2023)note: top five export partners based on percentage share of exports","cars, gold, crude petroleum, refined petroleum, natural gas (2023)note: top five import commodities based on value in dollars","China 13%, USA 11%, Germany 10%, France 5%, Norway 4% (2023)note: top five import partners based on percentage share of imports"
United States,United States of America,Washington DC,"mostly temperate, but tropical in Hawaii and Florida, arctic in Alaska, semiarid in the great plains west of the Mississippi River, and arid in the Great Basin of the southwest; low winter temperatures in the northwest are ameliorated occasionally in January and February by warm chinook winds from the eastern slopes of the Rocky Mountains","vast central plain, mountains in west, hills and low mountains in east; rugged mountains and broad river valleys in Alaska; rugged, volcanic topography in Hawaii","19,924 km",air pollution; large emitter of carbon dioxide from the burning of fossil fuels; water pollution from runoff of pesticides and fertilizers; declining natural freshwater resources in much of the western part of the country require careful management; deforestation; mining; desertification; species conservation; invasive species (the Hawaiian Islands are particularly vulnerable),"Air Pollution, Air Pollution-Heavy Metals, Air Pollution-Multi-effect Protocol, Air Pollution-Nitrogen Oxides, Antarctic-Environmental Protection, Antarctic-Marine Living Resources, Antarctic Seals, Antarctic Treaty, Climate Change, Desertification, Endangered Species, Environmental Modification, Marine Dumping-London Convention, Marine Life Conservation, Nuclear Test Ban, Ozone Layer Protection, Ship Pollution, Tropical Timber 2006, Wetlands, Whaling","North America, bordering both the North Atlantic Ocean and the North Pacific Ocean, between Canada and Mexico",North America,about half the size of Russia; about three-tenths the size of Africa; about half the size of South America (or slightly larger than Brazil); slightly larger than China; more than twice the size of the European Union,constitutional federal republic,4 July 1776 (declared independence from Great Britain); 3 September 1783 (recognized by Great Britain),"ADB (nonregional member), AfDB (nonregional member), ANZUS, APEC, Arctic Council, ARF, ASEAN (dialogue partner), Australia Group, BIS, BSEC (observer), CBSS (observer), CD, CE (observer), CERN (observer), CICA (observer), CP, EAPC, EAS, EBRD, EITI (implementing country), FAO, FATF, G-5, G-7, G-8, G-10, G-20, IADB, IAEA, IBRD, ICAO, ICC (national committees), ICRM, IDA, IEA, IFAD, IFC, IFRCS, IGAD (partners), IHO, ILO, IMF, IMO, IMSO, Interpol, IOC, IOM, ISO, ITSO, ITU, ITUC (NGOs), MIGA, MINUSTAH, MONUSCO, NAFTA, NATO, NEA, NSG, OAS, OECD, OPCW, OSCE, Pacific Alliance (observer), Paris Club, PCA, PIF (partner), Quad, SAARC (observer), SELEC (observer), SICA (observer), SPC, UN, UNCTAD, UNESCO, UNHCR, UNHRC, UNITAR, UNMIL, UNMISS, UNOOSA, UNRWA, UN Security Council (permanent), UNTSO, UPU, USMCA, Wassenaar Arrangement, WCO, WHO, WIPO, WMO, WTO, ZC",3.4% of GDP (2024 est.)3.2% of GDP (2023)3.3% of GDP (2022)3.5% of GDP (2021)3.6% of GDP (2020),"White 61.6%, Black or African American 12.4%, Asian 6%, Indigenous and Alaska native 1.1%, Native Hawaiian and Other Pacific Islander 0.2%, other 8.4%, two or more races 10.2% (2020 est.)","English only (official) 78.2%, Spanish 13.4%, Chinese 1.1%, other 7.3% (2017 est.)","Protestant 46.5%, Roman Catholic 20.8%, Jewish 1.9%, Church of Jesus Christ 1.6%, other Christian 0.9%, Muslim 0.9%, Jehovah's Witness 0.8%, Buddhist 0.7%, Hindu 0.7%, other 1.8%, unaffiliated 22.8%, don't know/refused 0.6% (2014 est.)","5.1 deaths/1,000 live births (2024 est.)",80.9 years (2024 est.),0.67% (2024 est.),"large urban clusters are spread throughout the eastern half of the US (particularly the Great Lakes area, northeast, east, and southeast) and the western tier states; mountainous areas, principally the Rocky Mountains and Appalachian chain, deserts in the southwest, the dense boreal forests in the extreme north, and the central prarie states are less densely populated; Alaska's population is concentrated along its southern coast - with particular emphasis on the city of Anchorage - and Hawaii's is centered on the island of Oahu",,,38.9 years (2022 est.),"3 migrant(s)/1,000 population (2024 est.)","the US admitted 25,465 refugees during FY2022, including: 7,810 (Democratic Republic of the Congo), 4,556 (Syria), 2,156 (Burma), 1,669 (Sudan), 1,618 (Afghanistan), 1,610 (Ukraine)",$27.721 trillion (2023 est.)note: data in current dollars at official exchange rate,"$74,600 (2023 est.)$72,800 (2022 est.)$71,300 (2021 est.)note: data in 2021 dollars","coal, copper, lead, molybdenum, phosphates, rare earth elements, uranium, bauxite, gold, iron, mercury, nickel, potash, silver, tungsten, zinc, petroleum, natural gas, timber, arable land",16.80%,"crude petroleum, refined petroleum, natural gas, gas turbines, cars (2023)note: top five export commodities based on value in dollars","Canada 14%, Mexico 13%, China 8%, Germany 5%, Japan 4% (2023)note: top five export partners based on percentage share of exports","cars, crude petroleum, broadcasting equipment, computers, garments (2023)note: top five import commodities based on value in dollars","Mexico 15%, China 15%, Canada 14%, Germany 5%, Japan 5% (2023)note: top five import partners based on percentage share of imports"
Uruguay,Oriental Republic of Uruguay,Montevideo,warm temperate; freezing temperatures almost unknown,mostly rolling plains and low hills; fertile coastal lowland,660 km,"water pollution from meat packing, tannery industries; heavy metal pollution; inadequate solid and hazardous waste disposal; deforestation","Antarctic-Environmental Protection, Antarctic-Marine Living Resources, Antarctic Treaty, Biodiversity, Climate Change, Climate Change-Kyoto Protocol, Climate Change-Paris Agreement, Comprehensive Nuclear Test Ban, Desertification, Endangered Species, Environmental Modification, Hazardous Wastes, Law of the Sea, Marine Dumping-London Protocol, Nuclear Test Ban, Ozone Layer Protection, Ship Pollution, Wetlands, Whaling","Southern South America, bordering the South Atlantic Ocean, between Argentina and Brazil",South America,about the size of Virginia and West Virginia combined; slightly smaller than the state of Washington,presidential republic,25 August 1825 (from Brazil),"CAN (associate), CD, CELAC, FAO, G-77, IADB, IAEA, IBRD, ICAO, ICC (national committees), ICCt, ICRM, IDA, IFAD, IFC, IFRCS, IHO, ILO, IMF, IMO, Interpol, IOC, IOM, IPU, ISO, ITSO, ITU, LAES, LAIA, Mercosur, MIGA, MINUSTAH, MONUSCO, NAM (observer), OAS, OIF (observer), OPANAL, OPCW, Pacific Alliance (observer), PCA, SICA (observer), UN, UNASUR, UNCTAD, UNESCO, UNIDO, Union Latina, UNISFA, UNMOGIP, UNOCI, UNWTO, UPU, WCO, WFTU (NGOs), WHO, WIPO, WMO, WTO",1% of GDP (2023 est.)1% of GDP (2022 est.)2.3% of GDP (2021 est.)2% of GDP (2020 est.)2.1% of GDP (2019 est.),"White 87.7%, Black 4.6%, Indigenous 2.4%, other 0.3%, none or unspecified 5% (2011 est.)","Spanish (official, Rioplatense is the most widely spoken dialect)","Roman Catholic 36.5%, Protestant 5% (Evangelical (non-specific) 4.6%, Adventist 0.2%, Protestant (non-specific) 0.3%), African American Cults/Umbanda 2.8%, Jehovah's Witness 0.6%, Church of Jesus Christ 0.2%, other 1%, Believer (not belonging to the church) 1.8%, agnostic 0.3%, atheist 1.3%, none 47.3%, unspecified 3.4%Roman Catholic 42%, Protestant 15%, other 6%, agnostic 3%, atheist 10%, unspecified 24% (2023 est.)","8 deaths/1,000 live births (2024 est.)",78.9 years (2024 est.),0.26% (2024 est.),"most of the country's population resides in the southern half of the country; approximately 80% of the populace is urban, living in towns or cities; nearly half of the population lives in and around the capital of Montevideo",98.50%,99% (2019),36.5 years (2024 est.),"-0.9 migrant(s)/1,000 population (2024 est.)","32,939 (Venezuela) (economic and political crisis; includes Venezuelans who have claimed asylum or have received alternative legal stay) (2023)",$77.241 billion (2023 est.)note: data in current dollars at official exchange rate,"$31,000 (2023 est.)$30,900 (2022 est.)$29,400 (2021 est.)note: data in 2021 dollars","arable land, hydropower, minor minerals, fish",10.10%,"wood pulp, beef, milk, rice, wood (2023)note: top five export commodities based on value in dollars","China 21%, Brazil 17%, USA 8%, Argentina 5%, Netherlands 5% (2023)note: top five export partners based on percentage share of exports","crude petroleum, refined petroleum, cars, trucks, fertilizers (2023)note: top five import commodities based on value in dollars","Brazil 22%, China 18%, Argentina 11%, USA 9%, Nigeria 4% (2023)note: top five import partners based on percentage share of imports"
Uzbekistan,Republic of Uzbekistan,Tashkent,"mostly mid-latitude desert, long, hot summers, mild winters; semiarid grassland in east","mostly flat-to-rolling sandy desert with dunes; broad, flat intensely irrigated river valleys along course of Amu Darya, Syr Darya (Sirdaryo), and Zaravshan; Fergana Valley in east surrounded by mountainous Tajikistan and Kyrgyzstan; shrinking Aral Sea in west",0 km (doubly landlocked); note - Uzbekistan includes the southern portion of the Aral Sea with a 420 km shoreline,"shrinkage of the Aral Sea has resulted in growing concentrations of chemical pesticides and natural salts; these substances are then blown from the increasingly exposed lake bed and contribute to desertification and respiratory health problems; water pollution from industrial wastes and the heavy use of fertilizers and pesticides is the cause of many human health disorders; increasing soil salination; soil contamination from buried nuclear processing and agricultural chemicals, including DDT","Biodiversity, Climate Change, Climate Change-Kyoto Protocol, Climate Change-Paris Agreement, Comprehensive Nuclear Test Ban, Desertification, Endangered Species, Environmental Modification, Hazardous Wastes, Ozone Layer Protection, Wetlands","Central Asia, north of Turkmenistan, south of Kazakhstan",Asia,about four times the size of Virginia; slightly larger than California,presidential republic; highly authoritarian,1 September 1991 (from the Soviet Union),"ADB, CICA, CIS, EAEU (observer), EAPC, EBRD, ECO, EEU (observer), FAO, IAEA, IBRD, ICAO, ICC (national committees), ICCt, ICRM, IDA, IDB, IFAD, IFC, IFRCS, ILO, IMF, Interpol, IOC, ISO, ITSO, ITU, MIGA, NAM, OIC, OPCW, OSCE, PFP, SCO, UN, UNCTAD, UNESCO, UNIDO, UNOOSA, UNWTO, UPU, WCO, WFTU (NGOs), WHO, WIPO, WMO, WTO (observer)",2.8% of GDP (2019 est.)2.9% of GDP (2018 est.)2.7% of GDP (2017 est.)2.5% of GDP (2016 est.)2.5% of GDP (2015 est.),"Uzbek 83.8%, Tajik 4.8%, Kazakh 2.5%, Russian 2.3%, Karakalpak 2.2%, Tatar 1.5%, other 2.9% (2017 est.)","Uzbek (official) 74.3%, Russian 14.2%, Tajik 4.4%, other 7.1%","Muslim 88% (mostly Sunni), Eastern Orthodox 9%, other 3%","18.2 deaths/1,000 live births (2024 est.)",76.2 years (2024 est.),1.43% (2024 est.),"most of the population is concentrated in the fertile Fergana Valley in the easternmost arm of the country; the south has significant clusters of people, while the central and western deserts are sparsely populated",100%,100% (2019),28.9 years (2024 est.),"-1.1 migrant(s)/1,000 population (2024 est.)","13,031 (Afghanistan) (mid-year 2022)",$101.592 billion (2023 est.)note: data in current dollars at official exchange rate,"$10,000 (2023 est.)$9,600 (2022 est.)$9,200 (2021 est.)note: data in 2021 dollars","natural gas, petroleum, coal, gold, uranium, silver, copper, lead and zinc, tungsten, molybdenum",10.10%,"gold, cotton yarn, garments, fertilizers, fabric (2023)note: top five export commodities based on value in dollars","Switzerland 34%, Russia 12%, UK 11%, China 7%, Turkey 6% (2023)note: top five export partners based on percentage share of exports","cars, vehicle parts/accessories, packaged medicine, refined petroleum, aircraft (2023)note: top five import commodities based on value in dollars","China 32%, Russia 17%, Kazakhstan 8%, S. Korea 6%, Turkey 5% (2023)note: top five import partners based on percentage share of imports"
Vanuatu,Republic of Vanuatu,Port Vila,tropical; moderated by southeast trade winds from May to October; moderate rainfall from November to April; may be affected by cyclones from December to April,mostly mountainous islands of volcanic origin; narrow coastal plains,"2,528 km","population growth; water pollution, most of the population does not have access to a reliable supply of potable water; inadequate sanitation; deforestation","Antarctic-Marine Living Resources, Biodiversity, Climate Change, Climate Change-Kyoto Protocol, Climate Change-Paris Agreement, Comprehensive Nuclear Test Ban, Desertification, Endangered Species, Hazardous Wastes, Law of the Sea, Marine Dumping-London Convention, Marine Dumping-London Protocol, Ozone Layer Protection, Ship Pollution, Wetlands","Oceania, group of islands in the South Pacific Ocean, about three-quarters of the way from Hawaii to Australia",Oceania,slightly larger than Connecticut,parliamentary republic,30 July 1980 (from France and the UK),"ACP, ADB, AOSIS, C, FAO, G-77, IBRD, ICAO, ICRM, IDA, IFC, IFRCS, ILO, IMF, IMO, IMSO, IOC, IOM, ITU, ITUC (NGOs), MIGA, NAM, OAS (observer), OIF, OPCW, PIF, Sparteca, SPC, UN, UNCTAD, UNESCO, UNIDO, UNWTO, UPU, WCO, WFTU (NGOs), WHO, WIPO, WMO, WTO",,"Ni-Vanuatu 99%, other 1% (European, Asian, other Melanesian, Polynesian, Micronesian, other) (2020 est.)","indigenous languages (more than 100) 82.6%, Bislama (official; creole) 14.5%, English (official) 2.1%, French (official) 0.8% (2020 est.)","Protestant 39.9% (Presbyterian 27.2%, Seventh Day Adventist 14.8%, Anglican 12%, Churches of Christ 5%, Assemblies of God 4.9%, Neil Thomas Ministry/Inner Life Ministry 3.2%), Roman Catholic 12.1%, Apostolic 2.3%, Church of Jesus Christ 1.8%, customary beliefs (including Jon Frum cargo cult) 3.1%, other 12%, none 1.4%, unspecified 0.1% (2020 est.)","13.7 deaths/1,000 live births (2024 est.)",75.7 years (2024 est.),1.55% (2024 est.),"three-quarters of the population lives in rural areas; the urban populace lives primarily in two cities, Port-Vila and Lugenville; three largest islands - Espiritu Santo, Malakula, and Efate - accomodate over half of the populace",89.80%,88.4% (2021),24.6 years (2024 est.),"-1.3 migrant(s)/1,000 population (2024 est.)",,$1.126 billion (2023 est.)note: data in current dollars at official exchange rate,"$3,100 (2023 est.)$3,100 (2022 est.)$3,100 (2021 est.)note: data in 2021 dollars","manganese, hardwood forests, fish",1.60%,"fish, ships, perfume plants, wood, copra (2023)note: top five export commodities based on value in dollars","Thailand 49%, Japan 19%, Cote d'Ivoire 10%, China 7%, USA 3% (2023)note: top five export partners based on percentage share of exports","refined petroleum, ships, plastic products, poultry, trucks (2023)note: top five import commodities based on value in dollars","China 26%, Australia 15%, Angola 11%, Fiji 9%, NZ 8% (2023)note: top five import partners based on percentage share of imports"
Vatican City,The Holy See (Vatican City State),Vatican City,"temperate; mild, rainy winters (September to May) with hot, dry summers (May to September)",urban; low hill,0 km (landlocked),some air pollution from the surrounding city of Rome,"Comprehensive Nuclear Test Ban, Ozone Layer Protection","Southern Europe, an enclave of Rome (Italy)",Europe,"about 0.7 times the size of the National Mall in Washington, DC","ecclesiastical elective monarchy; self-described as an ""absolute monarchy""","11 February 1929; note - the three treaties signed with Italy on 11 February 1929 acknowledged, among other things, the full sovereignty of the Holy See and established its territorial extent; however, the origin of the Papal States, which over centuries varied considerably in extent, may be traced back to A.D. 754","CE (observer), IAEA, Interpol, IOM, ITSO, ITU, ITUC (NGOs), OAS (observer), OPCW, OSCE, Schengen Convention (de facto member), UN (observer), UNCTAD, UNHCR, UNWTO (observer), UPU, WIPO, WTO (observer)",,"Italian, Swiss, Argentinian, and other nationalities from around the world (2017)","Italian, Latin, French, various other languages",Roman Catholic,,,0% (2014 est.),,,,,,,,,none,0%,,,,
Venezuela,Bolivarian Republic of Venezuela,Caracas,"tropical; hot, humid; more moderate in highlands",Andes Mountains and Maracaibo Lowlands in northwest; central plains (llanos); Guiana Highlands in southeast,"2,800 km","sewage pollution of Lago de Valencia; oil and urban pollution of Lago de Maracaibo; deforestation; soil degradation; urban and industrial pollution, especially along the Caribbean coast; threat to the rainforest ecosystem from irresponsible mining operations","Antarctic-Environmental Protection, Antarctic Treaty, Biodiversity, Climate Change, Climate Change-Kyoto Protocol, Climate Change-Paris Agreement, Comprehensive Nuclear Test Ban, Desertification, Endangered Species, Hazardous Wastes, Marine Life Conservation, Nuclear Test Ban, Ozone Layer Protection, Ship Pollution, Tropical Timber 2006, Wetlands","Northern South America, bordering the Caribbean Sea and the North Atlantic Ocean, between Colombia and Guyana",South America,almost six times the size of Georgia; slightly more than twice the size of California,federal presidential republic,5 July 1811 (from Spain),"ACS, Caricom (observer), CD, CDB, CELAC, FAO, G-15, G-24, G-77, IADB, IAEA, IBRD, ICAO, ICC (national committees), ICCt (signatory), ICRM, IDA, IFAD, IFC, IFRCS, IHO, ILO, IMF, IMO, IMSO, Interpol, IOC, IOM, IPU, ITSO, ITU, ITUC (NGOs), LAES, LAIA, LAS (observer), MIGA, NAM, OAS, OPANAL, OPCW, OPEC, PCA, Petrocaribe, UN, UNASUR, UNCTAD, UNESCO, UNHCR, UNHRC, UNIDO, Union Latina, UNOOSA, UNWTO, UPU, WCO, WFTU (NGOs), WHO, WIPO, WMO, WTO",5.2% of GDP (2019 est.)4.4% of GDP (2018 est.)2.9% of GDP (2017 est.)2.2% of GDP (2016 est.)1.8% of GDP (2015 est.),"unspecified Spanish, Italian, Portuguese, Arab, German, African, Indigenous","Spanish (official) 98.2%, indigenous 1.3%, Portuguese 0.1%, other 0.4% (2023 est.)","Roman Catholic 48.1%, Protestant 31.6% (Evangelical 31.4%, Adventist 0.2%), Jehovah's Witness 1.4%, African American/umbanda 0.7%, other 0.1%, believer 3.5%, agnostic 0.1%, atheist, 0.4%, none 13.6%, unspecified 0.6% (2023 est.)","13.9 deaths/1,000 live births (2024 est.)",74.5 years (2024 est.),2.34% (2024 est.),"most of the population is concentrated in the northern and western highlands along an eastern spur at the northern end of the Andes, an area that includes the capital of Caracas",97.40%,97.7% (2021),31 years (2024 est.),"13.2 migrant(s)/1,000 population (2024 est.)","39,185 (Colombia) (mid-year 2022)",$482.359 billion (2014 est.)note: data in current dollars at official exchange rate,"$7,704 (2018 est.)$12,500 (2017 est.)$9,417 (2017 est.)","petroleum, natural gas, iron ore, gold, bauxite, other minerals, hydropower, diamonds",3.10%,"crude petroleum, petroleum coke, scrap iron, alcohols, fertilizers (2023)note: top five export commodities based on value in dollars","USA 50%, China 10%, Spain 9%, Brazil 6%, Turkey 5% (2023)note: top five export partners based on percentage share of exports","refined petroleum, soybean meal, corn, plastic products, vehicle parts/accessories (2023)note: top five import commodities based on value in dollars","China 35%, USA 24%, Brazil 12%, Colombia 7%, Turkey 4% (2023)note: top five import partners based on percentage share of imports"
Vietnam,Socialist Republic of Vietnam,Hanoi,"tropical in south; monsoonal in north with hot, rainy season (May to September) and warm, dry season (October to March)","low, flat delta in south and north; central highlands; hilly, mountainous in far north and northwest","3,444 km (excludes islands)",logging and slash-and-burn agricultural practices contribute to deforestation and soil degradation; water pollution and overfishing threaten marine life populations; groundwater contamination limits potable water supply; air pollution; growing urban industrialization and population migration are rapidly degrading environment in Hanoi and Ho Chi Minh City,"Biodiversity, Climate Change, Climate Change-Kyoto Protocol, Climate Change-Paris Agreement, Comprehensive Nuclear Test Ban, Desertification, Endangered Species, Environmental Modification, Hazardous Wastes, Law of the Sea, Ozone Layer Protection, Ship Pollution, Tropical Timber 2006, Wetlands","Southeastern Asia, bordering the Gulf of Thailand, Gulf of Tonkin, and South China Sea, as well as China, Laos, and Cambodia",Southeast Asia,about three times the size of Tennessee; slightly larger than New Mexico,communist party-led state,2 September 1945 (from France),"ADB, APEC, ARF, ASEAN, CICA, CP, EAS, FAO, G-77, IAEA, IBRD, ICAO, ICC (NGOs), ICRM, IDA, IFAD, IFC, IFRCS, ILO, IMF, IMO, IMSO, Interpol, IOC, IOM, IPU, ISO, ITSO, ITU, MIGA, NAM, OIF, OPCW, PCA, UN, UNCTAD, UNESCO, UNHRC, UNIDO, UNOOSA, UNWTO, UPU, WCO, WFTU (NGOs), WHO, WIPO, WMO, WTO (2024)",1.8% of GDP (2023 est.)2.3% of GDP (2022 est.)2.3% of GDP (2021 est.)2.4% of GDP (2020 est.)2.3% of GDP (2019 est.),"Kinh (Viet) 85.3%, Tay 1.9%, Thai 1.9%, Muong 1.5%, Khmer 1.4%, Mong 1.4%, Nung 1.1%, other 5.5% (2019 est.)","Vietnamese (official); English (often as a second language); some French, Chinese, and Khmer; mountain-area languages (including Mon-Khmer and Malayo-Polynesian)","Catholic 6.1%, Buddhist 5.8%, Protestant 1%, other 0.8%, none 86.3% (2019 est.)","14.1 deaths/1,000 live births (2024 est.)",76.1 years (2024 est.),0.89% (2024 est.),"though it has one of the highest population densities in the world, the population is not evenly dispersed; clustering is heaviest along the South China Sea and Gulf of Tonkin, with the Mekong Delta (in the south) and the Red River Valley (in the north) having the largest concentrations of people",97%,94.6% (2019),33.1 years (2024 est.),"-0.2 migrant(s)/1,000 population (2024 est.)",,$429.717 billion (2023 est.)note: data in current dollars at official exchange rate,"$13,500 (2023 est.)$12,900 (2022 est.)$12,000 (2021 est.)note: data in 2021 dollars","antimony, phosphates, coal, manganese, rare earth elements, bauxite, chromate, offshore oil and gas deposits, timber, hydropower, arable land",20.60%,"broadcasting equipment, garments, integrated circuits, machine parts, footwear (2023)note: top five export commodities based on value in dollars","USA 28%, China 20%, Japan 6%, Hong Kong 4%, Germany 3% (2023)note: top five export partners based on percentage share of exports","integrated circuits, broadcasting equipment, fabric, plastics, telephones (2023)note: top five import commodities based on value in dollars","China 49%, Singapore 6%, Japan 6%, Hong Kong 5%, Taiwan 4% (2023)note: top five import partners based on percentage share of imports"
Yemen,Republic of Yemen,Sanaa,"mostly desert; hot and humid along west coast; temperate in western mountains affected by seasonal monsoon; extraordinarily hot, dry, harsh desert in east",narrow coastal plain backed by flat-topped hills and rugged mountains; dissected upland desert plains in center slope into the desert interior of the Arabian Peninsula,"1,906 km",limited natural freshwater resources; inadequate supplies of potable water; overgrazing; soil erosion; desertification,"Biodiversity, Climate Change, Climate Change-Kyoto Protocol, Desertification, Endangered Species, Environmental Modification, Hazardous Wastes, Law of the Sea, Marine Dumping-London Protocol, Nuclear Test Ban, Ozone Layer Protection, Wetlands","Middle East, bordering the Arabian Sea, Gulf of Aden, and Red Sea, between Oman and Saudi Arabia",Middle East,almost four times the size of Alabama; slightly larger than twice the size of Wyoming,in transition,22 May 1990 (Republic of Yemen was established with the merger of the Yemen Arab Republic [Yemen (Sanaa) or North Yemen] and the Marxist-dominated People's Democratic Republic of Yemen [Yemen (Aden) or South Yemen]); notable earlier dates: North Yemen became independent on 1 November 1918 (from the Ottoman Empire) and became a republic with the overthrow of the theocratic Imamate on 27 September 1962; South Yemen became independent on 30 November 1967 (from the UK),"AFESD, AMF, CAEU, CD, EITI (temporarily suspended), FAO, G-77, IAEA, IBRD, ICAO, ICRM, IDA, IDB, IFAD, IFC, IFRCS, ILO, IMF, IMO, IMSO, Interpol, IOC, IOM, IPU, ISO, ITSO, ITU, ITUC (NGOs), LAS, MIGA, MINURSO, MINUSMA, MONUSCO, NAM, OAS (observer), OIC, OPCW, UN, UNAMID, UNCTAD, UNESCO, UNHCR, UNIDO, UNISFA, UNMHA, UNMIL, UNMIS, UNOCI, UNVIM, UNWTO, UPU, WCO, WFTU (NGOs), WHO, WIPO, WMO, WTO",,"predominantly Arab; but also Afro-Arab, South Asian, European",Arabic (official),"Muslim 99.1% (official; virtually all are citizens, an estimated 65% are Sunni and 35% are Shia), other 0.9% (includes Jewish, Baha'i, Hindu, and Christian; many are refugees or temporary foreign residents) (2020 est.)","44.6 deaths/1,000 live births (2024 est.)",68.2 years (2024 est.),1.78% (2024 est.),"the vast majority of the population is found in the Asir Mountains (part of the larger Sarawat Mountain system), located in the far western region of the country",85.10%,55% (2015),22 years (2024 est.),"-0.2 migrant(s)/1,000 population (2024 est.)","45,608 (Somalia), 17,812 (Ethiopia) (2023)",$21.606 billion (2018 est.)note: data in current dollars at official exchange rate,"$2,500 (2017 est.)$2,700 (2016 est.)$3,200 (2015 est.)","petroleum, fish, rock salt, marble; small deposits of coal, gold, lead, nickel, and copper; fertile soil in west",2.20%,"gold, fish, scrap iron, shellfish, industrial acids/oils/alcohols (2023)note: top five export commodities based on value in dollars","UAE 28%, India 21%, Saudi Arabia 17%, Oman 7%, Malaysia 5% (2023)note: top five export partners based on percentage share of exports","wheat, raw sugar, rice, iron bars, plastic products (2023)note: top five import commodities based on value in dollars","China 23%, UAE 15%, Saudi Arabia 11%, Turkey 8%, India 7% (2023)note: top five import partners based on percentage share of imports"
Zambia,Republic of Zambia,Lusaka,tropical; modified by altitude; rainy season (October to April),mostly high plateau with some hills and mountains,0 km (landlocked),"air pollution and resulting acid rain in the mineral extraction and refining region; chemical runoff into watersheds; loss of biodiversity; poaching seriously threatens rhinoceros, elephant, antelope, and large cat populations; deforestation; soil erosion; desertification; lack of adequate water treatment presents human health risks","Biodiversity, Climate Change, Climate Change-Kyoto Protocol, Climate Change-Paris Agreement, Comprehensive Nuclear Test Ban, Desertification, Endangered Species, Hazardous Wastes, Law of the Sea, Nuclear Test Ban, Ozone Layer Protection, Wetlands","Southern Africa, east of Angola, south of the Democratic Republic of the Congo",Africa,almost five times the size of Georgia; slightly larger than Texas,presidential republic,24 October 1964 (from the UK),"ACP, AfDB, AU, C, COMESA, EITI (compliant country), FAO, G-77, IAEA, IBRD, ICAO, ICCt, ICRM, IDA, IFAD, IFC, IFRCS, ILO, IMF, Interpol, IOC, IOM, IPU, ISO (correspondent), ITSO, ITU, ITUC (NGOs), MIGA, MONUSCO, NAM, OPCW, PCA, SADC, UN, UNCTAD, UNDOF, UNESCO, UNHCR, UNIDO, UNISFA, UNMIL, UNMISS, UNOCI, UNWTO, UPU, WCO, WHO, WIPO, WMO, WTO",1.4% of GDP (2023 est.)1.2% of GDP (2022 est.)1.3% of GDP (2021 est.)1.3% of GDP (2020 est.)1.3% of GDP (2019 est.),"Bemba 21%, Tonga 13.6%, Chewa 7.4%, Lozi 5.7%, Nsenga 5.3%, Tumbuka 4.4%, Ngoni 4%, Lala 3.1%, Kaonde 2.9%, Namwanga 2.8%, Lunda (north Western) 2.6%, Mambwe 2.5%, Luvale 2.2%, Lamba 2.1%, Ushi 1.9%, Lenje 1.6%, Bisa 1.6%, Mbunda 1.2%, other 13.8%, unspecified 0.4% (2010 est.)","Bemba 33.4%, Nyanja 14.7%, Tonga 11.4%, Lozi 5.5%, Chewa 4.5%, Nsenga 2.9%, Tumbuka 2.5%, Lunda (North Western) 1.9%, Kaonde 1.8%, Lala 1.8%, Lamba 1.8%, English (official) 1.7%, Luvale 1.5%, Mambwe 1.3%, Namwanga 1.2%, Lenje 1.1%, Bisa 1%, other 9.7%, unspecified 0.2% (2010 est.)","Protestant 75.3%, Roman Catholic 20.2%, other 2.7% (includes Muslim, Buddhist, Hindu, and Baha'i), none 1.8% (2010 est.)","35.6 deaths/1,000 live births (2024 est.)",66.9 years (2024 est.),2.83% (2024 est.),"one of the highest levels of urbanization in Africa; high density in the central area, particularly around the cities of Lusaka, Ndola, Kitwe, and Mufulira as shown in this population distribution map",90.60%,83.1% (2018),18.4 years (2024 est.),"0.1 migrant(s)/1,000 population (2024 est.)","8,436 (Burundi) (2023); 62,660 (Democratic Republic of the Congo) (refugees and asylum seekers) (2024)",$27.578 billion (2023 est.)note: data in current dollars at official exchange rate,"$3,700 (2023 est.)$3,600 (2022 est.)$3,500 (2021 est.)note: data in 2021 dollars","copper, cobalt, zinc, lead, coal, emeralds, gold, silver, uranium, hydropower",4.80%,"raw copper, refined copper, gold, precious stones, electricity (2023)note: top five export commodities based on value in dollars","Switzerland 27%, China 15%, India 13%, UAE 12%, DRC 10% (2023)","refined petroleum, fertilizers, trucks, sulphur, tractors (2023)note: top five import commodities based on value in dollars","South Africa 25%, China 15%, UAE 10%, India 5%, Japan 5% (2023)"
Zimbabwe,Republic of Zimbabwe,Harare,tropical; moderated by altitude; rainy season (November to March),mostly high plateau with higher central plateau (high veld); mountains in east,0 km (landlocked),deforestation; soil erosion; land degradation; air and water pollution; the black rhinoceros herd - once the largest concentration of the species in the world - has been significantly reduced by poaching; poor mining practices have led to toxic waste and heavy metal pollution,"Biodiversity, Climate Change, Climate Change-Kyoto Protocol, Climate Change-Paris Agreement, Comprehensive Nuclear Test Ban, Desertification, Endangered Species, Hazardous Wastes, Law of the Sea, Ozone Layer Protection, Wetlands","Southern Africa, between South Africa and Zambia",Africa,about four times the size of Indiana; slightly larger than Montana,presidential republic,18 April 1980 (from the UK),"ACP, AfDB, ATMIS, AU, COMESA, FAO, G-15, G-77, IAEA, IBRD, ICAO, ICRM, IDA, IFAD, IFC, IFRCS, ILO, IMF, IMO, Interpol, IOC, IOM, IPU, ISO, ITSO, ITU, ITUC (NGOs), MIGA, NAM, OPCW, PCA, SADC, UN, UNAMID, UNCTAD, UNESCO, UNIDO, UNISFA, UNMIL, UNMISS, UNOCI, UNSOM, UNWTO, UPU, WCO, WFTU (NGOs), WHO, WIPO, WMO, WTO",0.3% of GDP (2023 est.)0.5% of GDP (2022 est.)0.8% of GDP (2021 est.)0.5% of GDP (2020 est.)2.6% of GDP (2019 est.),"African 99.6% (predominantly Shona; Ndebele is the second largest ethnic group), other (includes Caucasian, Asiatic, mixed race) 0.4% (2022 est.)","Shona (official, most widely spoken) 80.9%, Ndebele (official, second most widely spoken) 11.5%, English (official, traditionally used for official business) 0.3%, 13 minority languages (official; includes Chewa, Chibarwe, Kalanga, Koisan, Nambya, Ndau, Shangani, sign language, Sotho, Tonga, Tswana, Venda, and Xhosa) 7%, other 0.3% (2022 est.)","Apostolic Sect 40.3%, Pentecostal 17%, Protestant 13.8%, other Christian 7.8%, Roman Catholic 6.4%, African traditionalist 5%, other 1.5% (includes Muslim, Jewish, Hindu), none 8.3% (2022 est.)","33.4 deaths/1,000 live births (2024 est.)",67.2 years (2024 est.),1.91% (2024 est.),"Aside from major urban agglomerations in Harare and Bulawayo, population distribution is fairly even, with slightly greater overall numbers in the eastern half as shown in this population distribution map",88.30%,90.9% (2021),21.2 years (2024 est.),"-3.2 migrant(s)/1,000 population (2024 est.)","9,931 (Mozambique) (2023); 12,293 (Democratic Republic of Congo) (refugees and asylum seekers) (2024)",$35.231 billion (2023 est.)note: data in current dollars at official exchange rate,"$3,400 (2023 est.)$3,300 (2022 est.)$3,200 (2021 est.)note: data in 2021 dollars","coal, chromium ore, asbestos, gold, nickel, copper, iron ore, vanadium, lithium, tin, platinum group metals",10.90%,"gold, tobacco, nickel, minerals, diamonds (2023)note: top five export commodities based on value in dollars","UAE 45%, China 18%, South Africa 15%, Mozambique 4%, Hong Kong 2% (2023)note: top five export partners based on percentage share of exports","refined petroleum, fertilizers, trucks, soybean oil, stone processing machines (2023)note: top five import commodities based on value in dollars","South Africa 37%, China 15%, Bahamas, The 5%, Singapore 5%, UAE 4% (2023)note: top five import partners based on percentage share of imports"
